INSERT INTO parent (parent_id, password, email, name, nickname, gender, signInMethod, emailVerified) VALUES ('parent1', 'google-auth', 'importjaewone@gmail.com', '곽재원', '아크하드', 0, 'google', TRUE);
INSERT INTO post (post_id, parent_id, reveal, title, createTime) VALUES (11, 'parent1', 1, '우리 아이 첫 돌잔치 준비, 꿀팁 공유해요!', '2010-07-13 03:00:57');
INSERT INTO post (post_id, parent_id, reveal, title, createTime) VALUES (12, 'parent1', 1, '아이와 함께하는 놀이 시간, 어떤 장난감이 좋을까요?', '2010-06-27 03:00:57');
INSERT INTO post (post_id, parent_id, reveal, title, createTime) VALUES (13, 'parent1', 1, '육아 스트레스 극복, 나만의 방법은?', '2010-07-08 03:00:57');
INSERT INTO post (post_id, parent_id, reveal, title, createTime) VALUES (14, 'parent1', 1, '아이와 함께하는 여름 물놀이 장소 추천!', '2010-07-15 03:00:57');
INSERT INTO post (post_id, parent_id, reveal, title, createTime) VALUES (15, 'parent1', 1, '아이 식습관 개선, 엄마들의 비법 나눔', '2010-08-21 03:00:57');
INSERT INTO parent (parent_id, password, email, name, nickname, gender, signInMethod, emailVerified) VALUES ('parent2', 'password2', 'parent2@example.com', '김근언', '자이언트', 1, 'email', TRUE);
INSERT INTO post (post_id, parent_id, reveal, title, createTime) VALUES (21, 'parent2', 1, '아이 첫 유치원 입학, 준비해야 할 것들', '2017-09-05 22:11:56');
INSERT INTO post (post_id, parent_id, reveal, title, createTime) VALUES (22, 'parent2', 1, '아이와 함께하는 하루 루틴, 공유해요!', '2017-10-01 22:11:56');
INSERT INTO post (post_id, parent_id, reveal, title, createTime) VALUES (23, 'parent2', 1, '아빠와 아이의 특별한 주말 놀이 아이디어', '2017-08-20 22:11:56');
INSERT INTO post (post_id, parent_id, reveal, title, createTime) VALUES (24, 'parent2', 1, '아이 성장 발달에 도움이 되는 책 추천', '2017-08-16 22:11:56');
INSERT INTO post (post_id, parent_id, reveal, title, createTime) VALUES (25, 'parent2', 1, '우리 집 육아템, 정말 유용했던 것들!', '2017-07-05 22:11:56');
INSERT INTO parent (parent_id, password, email, name, nickname, gender, signInMethod, emailVerified) VALUES ('parent3', 'password3', 'parent3@example.com', '이정원', '질리탄', 1, 'email', TRUE);
INSERT INTO post (post_id, parent_id, reveal, title, createTime) VALUES (31, 'parent3', 1, '아이와의 규칙적인 수면 습관 만들기', '2011-11-21 23:57:44');
INSERT INTO post (post_id, parent_id, reveal, title, createTime) VALUES (32, 'parent3', 1, '유아 교육 프로그램, 무엇이 효과적일까?', '2011-09-04 23:57:44');
INSERT INTO post (post_id, parent_id, reveal, title, createTime) VALUES (33, 'parent3', 1, '아이의 첫 미술 작품, 어떻게 보관하세요?', '2011-11-02 23:57:44');
INSERT INTO post (post_id, parent_id, reveal, title, createTime) VALUES (34, 'parent3', 1, '아이 감기 예방, 면역력 높이는 방법', '2011-09-14 23:57:44');
INSERT INTO post (post_id, parent_id, reveal, title, createTime) VALUES (35, 'parent3', 1, '아이와 함께하는 주말 캠핑 이야기', '2011-11-20 23:57:44');
INSERT INTO parent (parent_id, password, email, name, nickname, gender, signInMethod, emailVerified) VALUES ('parent4', 'password4', 'parent4@example.com', '장윤정', '대상혁', 1, 'email', TRUE);
INSERT INTO post (post_id, parent_id, reveal, title, createTime) VALUES (41, 'parent4', 1, '아이와 함께하는 집에서 하는 요리 놀이', '2012-10-08 17:26:21');
INSERT INTO post (post_id, parent_id, reveal, title, createTime) VALUES (42, 'parent4', 1, '아이 첫 장난감, 어떤 것을 선택할까요?', '2012-10-15 17:26:21');
INSERT INTO post (post_id, parent_id, reveal, title, createTime) VALUES (43, 'parent4', 1, '부모와 아이가 함께하는 체험 학습 추천', '2012-09-23 17:26:21');
INSERT INTO post (post_id, parent_id, reveal, title, createTime) VALUES (44, 'parent4', 1, '아이와의 산책 코스, 추천해요!', '2012-11-03 17:26:21');
INSERT INTO post (post_id, parent_id, reveal, title, createTime) VALUES (45, 'parent4', 1, '아이에게 책 읽어주는 시간, 언제가 적당할까요?', '2012-11-05 17:26:21');
INSERT INTO parent (parent_id, password, email, name, nickname, gender, signInMethod, emailVerified) VALUES ('parent5', 'password5', 'parent5@example.com', '정다운', '뭐에유', 0, 'email', TRUE);
INSERT INTO post (post_id, parent_id, reveal, title, createTime) VALUES (51, 'parent5', 1, '아이와 함께하는 공예 시간, 무엇을 만들면 좋을까요?', '2017-02-02 12:01:47');
INSERT INTO post (post_id, parent_id, reveal, title, createTime) VALUES (52, 'parent5', 1, '아이와 함께하는 그림 그리기 시간', '2016-12-06 12:01:47');
INSERT INTO post (post_id, parent_id, reveal, title, createTime) VALUES (53, 'parent5', 1, '아이의 친구 사귀기, 어떻게 도와줄까요?', '2017-02-16 12:01:47');
INSERT INTO post (post_id, parent_id, reveal, title, createTime) VALUES (54, 'parent5', 1, '아이와 함께하는 자전거 타기 연습', '2017-01-24 12:01:47');
INSERT INTO post (post_id, parent_id, reveal, title, createTime) VALUES (55, 'parent5', 1, '아이의 첫 여행 준비, 무엇을 챙기면 좋을까요?', '2017-03-01 12:01:47');
INSERT INTO baby (baby_id, obn, name, gender, birthDate, bloodType) VALUES ('baby11', 'obnbaby11', '이서준', 1, '2017-09-13 19:55:40', 'B');
INSERT INTO babystate (baby_id, createTime, cm, kg) VALUES ('baby11', '2017-09-26 19:55:40', 44.45, 4.81);
INSERT INTO babystate (baby_id, createTime, cm, kg) VALUES ('baby11', '2017-10-26 19:55:40', 44.71, 5.1);
INSERT INTO babystate (baby_id, createTime, cm, kg) VALUES ('baby11', '2017-11-18 19:55:40', 45.17, 5.17);
INSERT INTO babystate (baby_id, createTime, cm, kg) VALUES ('baby11', '2017-12-10 19:55:40', 45.54, 5.27);
INSERT INTO babystate (baby_id, createTime, cm, kg) VALUES ('baby11', '2018-01-06 19:55:40', 46.04, 5.56);
INSERT INTO babystate (baby_id, createTime, cm, kg) VALUES ('baby11', '2018-02-01 19:55:40', 46.16, 5.85);
INSERT INTO babystate (baby_id, createTime, cm, kg) VALUES ('baby11', '2018-03-01 19:55:40', 46.37, 6.07);
INSERT INTO babystate (baby_id, createTime, cm, kg) VALUES ('baby11', '2018-03-27 19:55:40', 46.56, 6.14);
INSERT INTO babystate (baby_id, createTime, cm, kg) VALUES ('baby11', '2018-04-22 19:55:40', 46.9, 6.35);
INSERT INTO babystate (baby_id, createTime, cm, kg) VALUES ('baby11', '2018-05-11 19:55:40', 47.26, 6.6);
INSERT INTO babystate (baby_id, createTime, cm, kg) VALUES ('baby11', '2018-05-22 19:55:40', 47.36, 6.75);
INSERT INTO babystate (baby_id, createTime, cm, kg) VALUES ('baby11', '2018-06-05 19:55:40', 47.86, 6.91);
INSERT INTO babystate (baby_id, createTime, cm, kg) VALUES ('baby11', '2018-06-30 19:55:40', 48.16, 6.97);
INSERT INTO babystate (baby_id, createTime, cm, kg) VALUES ('baby11', '2018-07-24 19:55:40', 48.61, 7.22);
INSERT INTO babystate (baby_id, createTime, cm, kg) VALUES ('baby11', '2018-08-20 19:55:40', 49.01, 7.45);
INSERT INTO babystate (baby_id, createTime, cm, kg) VALUES ('baby11', '2018-09-08 19:55:40', 49.42, 7.56);
INSERT INTO babystate (baby_id, createTime, cm, kg) VALUES ('baby11', '2018-09-23 19:55:40', 49.65, 7.8);
INSERT INTO babystate (baby_id, createTime, cm, kg) VALUES ('baby11', '2018-10-22 19:55:40', 49.88, 8.06);
INSERT INTO babystate (baby_id, createTime, cm, kg) VALUES ('baby11', '2018-11-20 19:55:40', 50.34, 8.11);
INSERT INTO babystate (baby_id, createTime, cm, kg) VALUES ('baby11', '2018-12-10 19:55:40', 50.81, 8.36);
INSERT INTO babystate (baby_id, createTime, cm, kg) VALUES ('baby11', '2019-01-03 19:55:40', 51.09, 8.6);
INSERT INTO babystate (baby_id, createTime, cm, kg) VALUES ('baby11', '2019-01-29 19:55:40', 51.58, 8.78);
INSERT INTO babystate (baby_id, createTime, cm, kg) VALUES ('baby11', '2019-02-22 19:55:40', 51.71, 9.03);
INSERT INTO babystate (baby_id, createTime, cm, kg) VALUES ('baby11', '2019-03-21 19:55:40', 52.1, 9.15);
INSERT INTO babystate (baby_id, createTime, cm, kg) VALUES ('baby11', '2019-04-08 19:55:40', 52.24, 9.23);
INSERT INTO babystate (baby_id, createTime, cm, kg) VALUES ('baby11', '2019-04-25 19:55:40', 52.66, 9.44);
INSERT INTO babystate (baby_id, createTime, cm, kg) VALUES ('baby11', '2019-05-24 19:55:40', 53.16, 9.7);
INSERT INTO babystate (baby_id, createTime, cm, kg) VALUES ('baby11', '2019-06-04 19:55:40', 53.58, 9.86);
INSERT INTO babystate (baby_id, createTime, cm, kg) VALUES ('baby11', '2019-07-01 19:55:40', 53.76, 10.04);
INSERT INTO babystate (baby_id, createTime, cm, kg) VALUES ('baby11', '2019-07-30 19:55:40', 54.0, 10.19);
INSERT INTO babystate (baby_id, createTime, cm, kg) VALUES ('baby11', '2019-08-18 19:55:40', 54.41, 10.48);
INSERT INTO babystate (baby_id, createTime, cm, kg) VALUES ('baby11', '2019-09-13 19:55:40', 54.89, 10.77);
INSERT INTO babystate (baby_id, createTime, cm, kg) VALUES ('baby11', '2019-09-27 19:55:40', 55.07, 11.04);
INSERT INTO babystate (baby_id, createTime, cm, kg) VALUES ('baby11', '2019-10-23 19:55:40', 55.49, 11.26);
INSERT INTO babystate (baby_id, createTime, cm, kg) VALUES ('baby11', '2019-11-07 19:55:40', 55.9, 11.37);
INSERT INTO babystate (baby_id, createTime, cm, kg) VALUES ('baby11', '2019-11-20 19:55:40', 56.02, 11.56);
INSERT INTO babystate (baby_id, createTime, cm, kg) VALUES ('baby11', '2019-12-08 19:55:40', 56.47, 11.76);
INSERT INTO babystate (baby_id, createTime, cm, kg) VALUES ('baby11', '2020-01-05 19:55:40', 56.72, 12.03);
INSERT INTO babystate (baby_id, createTime, cm, kg) VALUES ('baby11', '2020-01-30 19:55:40', 57.18, 12.14);
INSERT INTO babystate (baby_id, createTime, cm, kg) VALUES ('baby11', '2020-02-22 19:55:40', 57.43, 12.3);
INSERT INTO babystate (baby_id, createTime, cm, kg) VALUES ('baby11', '2020-03-04 19:55:40', 57.56, 12.38);
INSERT INTO babystate (baby_id, createTime, cm, kg) VALUES ('baby11', '2020-04-02 19:55:40', 57.9, 12.49);
INSERT INTO babystate (baby_id, createTime, cm, kg) VALUES ('baby11', '2020-04-18 19:55:40', 58.32, 12.61);
INSERT INTO babystate (baby_id, createTime, cm, kg) VALUES ('baby11', '2020-05-07 19:55:40', 58.61, 12.72);
INSERT INTO babystate (baby_id, createTime, cm, kg) VALUES ('baby11', '2020-05-24 19:55:40', 59.02, 12.93);
INSERT INTO babystate (baby_id, createTime, cm, kg) VALUES ('baby11', '2020-06-17 19:55:40', 59.36, 13.13);
INSERT INTO babystate (baby_id, createTime, cm, kg) VALUES ('baby11', '2020-07-16 19:55:40', 59.57, 13.25);
INSERT INTO babystate (baby_id, createTime, cm, kg) VALUES ('baby11', '2020-07-27 19:55:40', 60.06, 13.51);
INSERT INTO babystate (baby_id, createTime, cm, kg) VALUES ('baby11', '2020-08-25 19:55:40', 60.21, 13.58);
INSERT INTO babystate (baby_id, createTime, cm, kg) VALUES ('baby11', '2020-09-16 19:55:40', 60.32, 13.74);
INSERT INTO babystate (baby_id, createTime, cm, kg) VALUES ('baby11', '2020-10-01 19:55:40', 60.8, 13.99);
INSERT INTO babystate (baby_id, createTime, cm, kg) VALUES ('baby11', '2020-10-30 19:55:40', 61.21, 14.13);
INSERT INTO babystate (baby_id, createTime, cm, kg) VALUES ('baby11', '2020-11-13 19:55:40', 61.56, 14.3);
INSERT INTO babystate (baby_id, createTime, cm, kg) VALUES ('baby11', '2020-11-28 19:55:40', 61.75, 14.37);
INSERT INTO babystate (baby_id, createTime, cm, kg) VALUES ('baby11', '2020-12-17 19:55:40', 62.22, 14.61);
INSERT INTO babystate (baby_id, createTime, cm, kg) VALUES ('baby11', '2021-01-02 19:55:40', 62.56, 14.86);
INSERT INTO babystate (baby_id, createTime, cm, kg) VALUES ('baby11', '2021-01-12 19:55:40', 63.05, 15.14);
INSERT INTO babystate (baby_id, createTime, cm, kg) VALUES ('baby11', '2021-02-03 19:55:40', 63.31, 15.29);
INSERT INTO babystate (baby_id, createTime, cm, kg) VALUES ('baby11', '2021-02-22 19:55:40', 63.75, 15.38);
INSERT INTO babystate (baby_id, createTime, cm, kg) VALUES ('baby11', '2021-03-07 19:55:40', 64.12, 15.64);
INSERT INTO babystate (baby_id, createTime, cm, kg) VALUES ('baby11', '2021-03-22 19:55:40', 64.3, 15.85);
INSERT INTO babystate (baby_id, createTime, cm, kg) VALUES ('baby11', '2021-04-19 19:55:40', 64.62, 16.13);
INSERT INTO babystate (baby_id, createTime, cm, kg) VALUES ('baby11', '2021-05-04 19:55:40', 64.77, 16.19);
INSERT INTO babystate (baby_id, createTime, cm, kg) VALUES ('baby11', '2021-06-03 19:55:40', 64.92, 16.25);
INSERT INTO babystate (baby_id, createTime, cm, kg) VALUES ('baby11', '2021-07-02 19:55:40', 65.04, 16.48);
INSERT INTO babystate (baby_id, createTime, cm, kg) VALUES ('baby11', '2021-07-23 19:55:40', 65.2, 16.68);
INSERT INTO babystate (baby_id, createTime, cm, kg) VALUES ('baby11', '2021-08-06 19:55:40', 65.53, 16.75);
INSERT INTO babystate (baby_id, createTime, cm, kg) VALUES ('baby11', '2021-08-31 19:55:40', 65.84, 16.9);
INSERT INTO babystate (baby_id, createTime, cm, kg) VALUES ('baby11', '2021-09-27 19:55:40', 66.23, 17.15);
INSERT INTO babystate (baby_id, createTime, cm, kg) VALUES ('baby11', '2021-10-18 19:55:40', 66.53, 17.28);
INSERT INTO babystate (baby_id, createTime, cm, kg) VALUES ('baby11', '2021-10-29 19:55:40', 66.77, 17.41);
INSERT INTO babystate (baby_id, createTime, cm, kg) VALUES ('baby11', '2021-11-09 19:55:40', 66.91, 17.51);
INSERT INTO babystate (baby_id, createTime, cm, kg) VALUES ('baby11', '2021-11-22 19:55:40', 67.1, 17.74);
INSERT INTO babystate (baby_id, createTime, cm, kg) VALUES ('baby11', '2021-12-17 19:55:40', 67.36, 17.88);
INSERT INTO babystate (baby_id, createTime, cm, kg) VALUES ('baby11', '2022-01-10 19:55:40', 67.72, 18.02);
INSERT INTO babystate (baby_id, createTime, cm, kg) VALUES ('baby11', '2022-02-08 19:55:40', 67.85, 18.19);
INSERT INTO babystate (baby_id, createTime, cm, kg) VALUES ('baby11', '2022-03-04 19:55:40', 68.26, 18.46);
INSERT INTO babystate (baby_id, createTime, cm, kg) VALUES ('baby11', '2022-03-27 19:55:40', 68.7, 18.58);
INSERT INTO babystate (baby_id, createTime, cm, kg) VALUES ('baby11', '2022-04-06 19:55:40', 68.98, 18.69);
INSERT INTO babystate (baby_id, createTime, cm, kg) VALUES ('baby11', '2022-04-23 19:55:40', 69.18, 18.89);
INSERT INTO babystate (baby_id, createTime, cm, kg) VALUES ('baby11', '2022-05-19 19:55:40', 69.55, 19.02);
INSERT INTO babystate (baby_id, createTime, cm, kg) VALUES ('baby11', '2022-06-12 19:55:40', 69.85, 19.3);
INSERT INTO babystate (baby_id, createTime, cm, kg) VALUES ('baby11', '2022-06-27 19:55:40', 70.21, 19.56);
INSERT INTO babystate (baby_id, createTime, cm, kg) VALUES ('baby11', '2022-07-15 19:55:40', 70.32, 19.63);
INSERT INTO babystate (baby_id, createTime, cm, kg) VALUES ('baby11', '2022-08-07 19:55:40', 70.75, 19.86);
INSERT INTO babystate (baby_id, createTime, cm, kg) VALUES ('baby11', '2022-08-18 19:55:40', 71.16, 19.92);
INSERT INTO babystate (baby_id, createTime, cm, kg) VALUES ('baby11', '2022-09-13 19:55:40', 71.5, 20.17);
INSERT INTO babystate (baby_id, createTime, cm, kg) VALUES ('baby11', '2022-10-02 19:55:40', 71.76, 20.26);
INSERT INTO babystate (baby_id, createTime, cm, kg) VALUES ('baby11', '2022-10-16 19:55:40', 72.1, 20.4);
INSERT INTO babystate (baby_id, createTime, cm, kg) VALUES ('baby11', '2022-11-07 19:55:40', 72.52, 20.46);
INSERT INTO babystate (baby_id, createTime, cm, kg) VALUES ('baby11', '2022-12-07 19:55:40', 72.87, 20.52);
INSERT INTO babystate (baby_id, createTime, cm, kg) VALUES ('baby11', '2022-12-20 19:55:40', 73.24, 20.73);
INSERT INTO babystate (baby_id, createTime, cm, kg) VALUES ('baby11', '2023-01-16 19:55:40', 73.56, 20.84);
INSERT INTO babystate (baby_id, createTime, cm, kg) VALUES ('baby11', '2023-02-06 19:55:40', 73.8, 20.89);
INSERT INTO babystate (baby_id, createTime, cm, kg) VALUES ('baby11', '2023-02-16 19:55:40', 73.98, 20.99);
INSERT INTO babystate (baby_id, createTime, cm, kg) VALUES ('baby11', '2023-03-13 19:55:40', 74.12, 21.25);
INSERT INTO babystate (baby_id, createTime, cm, kg) VALUES ('baby11', '2023-04-05 19:55:40', 74.38, 21.32);
INSERT INTO babystate (baby_id, createTime, cm, kg) VALUES ('baby11', '2023-04-30 19:55:40', 74.84, 21.54);
INSERT INTO babystate (baby_id, createTime, cm, kg) VALUES ('baby11', '2023-05-20 19:55:40', 75.01, 21.67);
INSERT INTO babystate (baby_id, createTime, cm, kg) VALUES ('baby11', '2023-06-07 19:55:40', 75.13, 21.85);
INSERT INTO baby (baby_id, obn, name, gender, birthDate, bloodType) VALUES ('baby12', 'obnbaby12', '김하율', 1, '2019-04-15 20:48:09', 'B');
INSERT INTO babystate (baby_id, createTime, cm, kg) VALUES ('baby12', '2019-05-14 20:48:09', 46.03, 4.21);
INSERT INTO babystate (baby_id, createTime, cm, kg) VALUES ('baby12', '2019-06-01 20:48:09', 46.13, 4.48);
INSERT INTO babystate (baby_id, createTime, cm, kg) VALUES ('baby12', '2019-06-29 20:48:09', 46.54, 4.73);
INSERT INTO babystate (baby_id, createTime, cm, kg) VALUES ('baby12', '2019-07-16 20:48:09', 46.93, 4.95);
INSERT INTO babystate (baby_id, createTime, cm, kg) VALUES ('baby12', '2019-08-11 20:48:09', 47.16, 5.02);
INSERT INTO babystate (baby_id, createTime, cm, kg) VALUES ('baby12', '2019-08-24 20:48:09', 47.44, 5.16);
INSERT INTO babystate (baby_id, createTime, cm, kg) VALUES ('baby12', '2019-09-18 20:48:09', 47.79, 5.37);
INSERT INTO babystate (baby_id, createTime, cm, kg) VALUES ('baby12', '2019-10-12 20:48:09', 48.23, 5.62);
INSERT INTO babystate (baby_id, createTime, cm, kg) VALUES ('baby12', '2019-10-24 20:48:09', 48.52, 5.88);
INSERT INTO babystate (baby_id, createTime, cm, kg) VALUES ('baby12', '2019-11-06 20:48:09', 48.84, 6.11);
INSERT INTO babystate (baby_id, createTime, cm, kg) VALUES ('baby12', '2019-11-18 20:48:09', 49.05, 6.37);
INSERT INTO babystate (baby_id, createTime, cm, kg) VALUES ('baby12', '2019-12-08 20:48:09', 49.39, 6.54);
INSERT INTO babystate (baby_id, createTime, cm, kg) VALUES ('baby12', '2019-12-24 20:48:09', 49.67, 6.78);
INSERT INTO babystate (baby_id, createTime, cm, kg) VALUES ('baby12', '2020-01-04 20:48:09', 50.17, 7.05);
INSERT INTO babystate (baby_id, createTime, cm, kg) VALUES ('baby12', '2020-01-26 20:48:09', 50.48, 7.35);
INSERT INTO babystate (baby_id, createTime, cm, kg) VALUES ('baby12', '2020-02-11 20:48:09', 50.73, 7.46);
INSERT INTO babystate (baby_id, createTime, cm, kg) VALUES ('baby12', '2020-03-11 20:48:09', 50.96, 7.66);
INSERT INTO babystate (baby_id, createTime, cm, kg) VALUES ('baby12', '2020-03-24 20:48:09', 51.11, 7.71);
INSERT INTO babystate (baby_id, createTime, cm, kg) VALUES ('baby12', '2020-04-22 20:48:09', 51.29, 7.9);
INSERT INTO babystate (baby_id, createTime, cm, kg) VALUES ('baby12', '2020-05-04 20:48:09', 51.45, 8.16);
INSERT INTO babystate (baby_id, createTime, cm, kg) VALUES ('baby12', '2020-05-30 20:48:09', 51.71, 8.22);
INSERT INTO babystate (baby_id, createTime, cm, kg) VALUES ('baby12', '2020-06-13 20:48:09', 52.04, 8.31);
INSERT INTO babystate (baby_id, createTime, cm, kg) VALUES ('baby12', '2020-07-05 20:48:09', 52.17, 8.51);
INSERT INTO babystate (baby_id, createTime, cm, kg) VALUES ('baby12', '2020-07-22 20:48:09', 52.53, 8.58);
INSERT INTO babystate (baby_id, createTime, cm, kg) VALUES ('baby12', '2020-08-14 20:48:09', 52.93, 8.77);
INSERT INTO babystate (baby_id, createTime, cm, kg) VALUES ('baby12', '2020-08-25 20:48:09', 53.38, 8.86);
INSERT INTO babystate (baby_id, createTime, cm, kg) VALUES ('baby12', '2020-09-18 20:48:09', 53.73, 9.06);
INSERT INTO babystate (baby_id, createTime, cm, kg) VALUES ('baby12', '2020-10-11 20:48:09', 54.08, 9.28);
INSERT INTO babystate (baby_id, createTime, cm, kg) VALUES ('baby12', '2020-10-24 20:48:09', 54.24, 9.48);
INSERT INTO babystate (baby_id, createTime, cm, kg) VALUES ('baby12', '2020-11-21 20:48:09', 54.47, 9.66);
INSERT INTO babystate (baby_id, createTime, cm, kg) VALUES ('baby12', '2020-12-06 20:48:09', 54.85, 9.74);
INSERT INTO babystate (baby_id, createTime, cm, kg) VALUES ('baby12', '2020-12-19 20:48:09', 54.99, 9.89);
INSERT INTO babystate (baby_id, createTime, cm, kg) VALUES ('baby12', '2021-01-02 20:48:09', 55.34, 10.07);
INSERT INTO babystate (baby_id, createTime, cm, kg) VALUES ('baby12', '2021-01-13 20:48:09', 55.5, 10.3);
INSERT INTO babystate (baby_id, createTime, cm, kg) VALUES ('baby12', '2021-02-10 20:48:09', 55.97, 10.37);
INSERT INTO babystate (baby_id, createTime, cm, kg) VALUES ('baby12', '2021-02-27 20:48:09', 56.29, 10.62);
INSERT INTO babystate (baby_id, createTime, cm, kg) VALUES ('baby12', '2021-03-13 20:48:09', 56.66, 10.79);
INSERT INTO babystate (baby_id, createTime, cm, kg) VALUES ('baby12', '2021-04-06 20:48:09', 56.85, 10.93);
INSERT INTO babystate (baby_id, createTime, cm, kg) VALUES ('baby12', '2021-04-19 20:48:09', 56.97, 11.05);
INSERT INTO babystate (baby_id, createTime, cm, kg) VALUES ('baby12', '2021-05-03 20:48:09', 57.16, 11.25);
INSERT INTO babystate (baby_id, createTime, cm, kg) VALUES ('baby12', '2021-05-30 20:48:09', 57.66, 11.32);
INSERT INTO babystate (baby_id, createTime, cm, kg) VALUES ('baby12', '2021-06-23 20:48:09', 57.76, 11.41);
INSERT INTO babystate (baby_id, createTime, cm, kg) VALUES ('baby12', '2021-07-07 20:48:09', 57.98, 11.67);
INSERT INTO babystate (baby_id, createTime, cm, kg) VALUES ('baby12', '2021-07-18 20:48:09', 58.18, 11.79);
INSERT INTO babystate (baby_id, createTime, cm, kg) VALUES ('baby12', '2021-08-01 20:48:09', 58.6, 11.88);
INSERT INTO babystate (baby_id, createTime, cm, kg) VALUES ('baby12', '2021-08-26 20:48:09', 59.0, 12.15);
INSERT INTO babystate (baby_id, createTime, cm, kg) VALUES ('baby12', '2021-09-05 20:48:09', 59.5, 12.21);
INSERT INTO babystate (baby_id, createTime, cm, kg) VALUES ('baby12', '2021-09-26 20:48:09', 59.96, 12.42);
INSERT INTO babystate (baby_id, createTime, cm, kg) VALUES ('baby12', '2021-10-21 20:48:09', 60.12, 12.52);
INSERT INTO babystate (baby_id, createTime, cm, kg) VALUES ('baby12', '2021-11-20 20:48:09', 60.61, 12.81);
INSERT INTO babystate (baby_id, createTime, cm, kg) VALUES ('baby12', '2021-12-19 20:48:09', 60.97, 12.97);
INSERT INTO babystate (baby_id, createTime, cm, kg) VALUES ('baby12', '2022-01-12 20:48:09', 61.34, 13.19);
INSERT INTO babystate (baby_id, createTime, cm, kg) VALUES ('baby12', '2022-01-26 20:48:09', 61.59, 13.38);
INSERT INTO babystate (baby_id, createTime, cm, kg) VALUES ('baby12', '2022-02-12 20:48:09', 61.84, 13.52);
INSERT INTO babystate (baby_id, createTime, cm, kg) VALUES ('baby12', '2022-02-27 20:48:09', 61.99, 13.64);
INSERT INTO babystate (baby_id, createTime, cm, kg) VALUES ('baby12', '2022-03-29 20:48:09', 62.41, 13.71);
INSERT INTO babystate (baby_id, createTime, cm, kg) VALUES ('baby12', '2022-04-11 20:48:09', 62.67, 13.97);
INSERT INTO babystate (baby_id, createTime, cm, kg) VALUES ('baby12', '2022-04-30 20:48:09', 63.01, 14.12);
INSERT INTO babystate (baby_id, createTime, cm, kg) VALUES ('baby12', '2022-05-20 20:48:09', 63.29, 14.24);
INSERT INTO babystate (baby_id, createTime, cm, kg) VALUES ('baby12', '2022-06-13 20:48:09', 63.57, 14.43);
INSERT INTO babystate (baby_id, createTime, cm, kg) VALUES ('baby12', '2022-06-29 20:48:09', 63.74, 14.68);
INSERT INTO babystate (baby_id, createTime, cm, kg) VALUES ('baby12', '2022-07-22 20:48:09', 64.19, 14.76);
INSERT INTO babystate (baby_id, createTime, cm, kg) VALUES ('baby12', '2022-08-09 20:48:09', 64.34, 14.99);
INSERT INTO babystate (baby_id, createTime, cm, kg) VALUES ('baby12', '2022-08-22 20:48:09', 64.79, 15.28);
INSERT INTO babystate (baby_id, createTime, cm, kg) VALUES ('baby12', '2022-09-03 20:48:09', 65.19, 15.5);
INSERT INTO babystate (baby_id, createTime, cm, kg) VALUES ('baby12', '2022-09-25 20:48:09', 65.69, 15.77);
INSERT INTO babystate (baby_id, createTime, cm, kg) VALUES ('baby12', '2022-10-23 20:48:09', 65.98, 15.94);
INSERT INTO babystate (baby_id, createTime, cm, kg) VALUES ('baby12', '2022-11-19 20:48:09', 66.18, 16.01);
INSERT INTO babystate (baby_id, createTime, cm, kg) VALUES ('baby12', '2022-12-01 20:48:09', 66.45, 16.17);
INSERT INTO babystate (baby_id, createTime, cm, kg) VALUES ('baby12', '2022-12-30 20:48:09', 66.66, 16.29);
INSERT INTO babystate (baby_id, createTime, cm, kg) VALUES ('baby12', '2023-01-20 20:48:09', 66.78, 16.41);
INSERT INTO babystate (baby_id, createTime, cm, kg) VALUES ('baby12', '2023-02-11 20:48:09', 67.23, 16.55);
INSERT INTO babystate (baby_id, createTime, cm, kg) VALUES ('baby12', '2023-03-08 20:48:09', 67.44, 16.81);
INSERT INTO babystate (baby_id, createTime, cm, kg) VALUES ('baby12', '2023-03-26 20:48:09', 67.7, 17.07);
INSERT INTO babystate (baby_id, createTime, cm, kg) VALUES ('baby12', '2023-04-17 20:48:09', 68.02, 17.25);
INSERT INTO babystate (baby_id, createTime, cm, kg) VALUES ('baby12', '2023-04-30 20:48:09', 68.5, 17.33);
INSERT INTO babystate (baby_id, createTime, cm, kg) VALUES ('baby12', '2023-05-24 20:48:09', 68.76, 17.42);
INSERT INTO babystate (baby_id, createTime, cm, kg) VALUES ('baby12', '2023-06-18 20:48:09', 69.06, 17.63);
INSERT INTO babystate (baby_id, createTime, cm, kg) VALUES ('baby12', '2023-07-18 20:48:09', 69.37, 17.69);
INSERT INTO babystate (baby_id, createTime, cm, kg) VALUES ('baby12', '2023-08-09 20:48:09', 69.73, 17.89);
INSERT INTO babystate (baby_id, createTime, cm, kg) VALUES ('baby12', '2023-08-27 20:48:09', 70.17, 18.06);
INSERT INTO babystate (baby_id, createTime, cm, kg) VALUES ('baby12', '2023-09-26 20:48:09', 70.42, 18.33);
INSERT INTO babystate (baby_id, createTime, cm, kg) VALUES ('baby12', '2023-10-20 20:48:09', 70.83, 18.44);
INSERT INTO babystate (baby_id, createTime, cm, kg) VALUES ('baby12', '2023-11-17 20:48:09', 71.22, 18.57);
INSERT INTO babystate (baby_id, createTime, cm, kg) VALUES ('baby12', '2023-12-08 20:48:09', 71.35, 18.86);
INSERT INTO babystate (baby_id, createTime, cm, kg) VALUES ('baby12', '2023-12-23 20:48:09', 71.74, 18.95);
INSERT INTO babystate (baby_id, createTime, cm, kg) VALUES ('baby12', '2024-01-17 20:48:09', 71.97, 19.1);
INSERT INTO babystate (baby_id, createTime, cm, kg) VALUES ('baby12', '2024-01-30 20:48:09', 72.37, 19.23);
INSERT INTO babystate (baby_id, createTime, cm, kg) VALUES ('baby12', '2024-02-25 20:48:09', 72.59, 19.41);
INSERT INTO babystate (baby_id, createTime, cm, kg) VALUES ('baby12', '2024-03-24 20:48:09', 72.79, 19.61);
INSERT INTO babystate (baby_id, createTime, cm, kg) VALUES ('baby12', '2024-04-12 20:48:09', 73.0, 19.9);
INSERT INTO babystate (baby_id, createTime, cm, kg) VALUES ('baby12', '2024-04-23 20:48:09', 73.27, 20.08);
INSERT INTO babystate (baby_id, createTime, cm, kg) VALUES ('baby12', '2024-05-04 20:48:09', 73.53, 20.37);
INSERT INTO babystate (baby_id, createTime, cm, kg) VALUES ('baby12', '2024-05-29 20:48:09', 73.97, 20.49);
INSERT INTO babystate (baby_id, createTime, cm, kg) VALUES ('baby12', '2024-06-10 20:48:09', 74.32, 20.73);
INSERT INTO babystate (baby_id, createTime, cm, kg) VALUES ('baby12', '2024-07-01 20:48:09', 74.75, 20.88);
INSERT INTO babystate (baby_id, createTime, cm, kg) VALUES ('baby12', '2024-07-29 20:48:09', 75.14, 21.06);
INSERT INTO babystate (baby_id, createTime, cm, kg) VALUES ('baby12', '2024-08-13 20:48:09', 75.35, 21.32);
INSERT INTO babystate (baby_id, createTime, cm, kg) VALUES ('baby12', '2024-09-12 20:48:09', 75.53, 21.41);
INSERT INTO babystate (baby_id, createTime, cm, kg) VALUES ('baby12', '2024-10-03 20:48:09', 76.02, 21.71);
INSERT INTO baby (baby_id, obn, name, gender, birthDate, bloodType) VALUES ('baby13', 'obnbaby13', '박도윤', 1, '2019-11-01 12:05:01', 'AB');
INSERT INTO babystate (baby_id, createTime, cm, kg) VALUES ('baby13', '2019-11-16 12:05:01', 40.42, 3.25);
INSERT INTO babystate (baby_id, createTime, cm, kg) VALUES ('baby13', '2019-12-13 12:05:01', 40.61, 3.51);
INSERT INTO babystate (baby_id, createTime, cm, kg) VALUES ('baby13', '2020-01-08 12:05:01', 40.88, 3.77);
INSERT INTO babystate (baby_id, createTime, cm, kg) VALUES ('baby13', '2020-02-03 12:05:01', 41.35, 4.0);
INSERT INTO babystate (baby_id, createTime, cm, kg) VALUES ('baby13', '2020-02-17 12:05:01', 41.46, 4.13);
INSERT INTO babystate (baby_id, createTime, cm, kg) VALUES ('baby13', '2020-03-11 12:05:01', 41.66, 4.35);
INSERT INTO babystate (baby_id, createTime, cm, kg) VALUES ('baby13', '2020-04-08 12:05:01', 41.94, 4.42);
INSERT INTO babystate (baby_id, createTime, cm, kg) VALUES ('baby13', '2020-05-05 12:05:01', 42.18, 4.59);
INSERT INTO babystate (baby_id, createTime, cm, kg) VALUES ('baby13', '2020-05-26 12:05:01', 42.29, 4.65);
INSERT INTO babystate (baby_id, createTime, cm, kg) VALUES ('baby13', '2020-06-22 12:05:01', 42.48, 4.76);
INSERT INTO babystate (baby_id, createTime, cm, kg) VALUES ('baby13', '2020-07-08 12:05:01', 42.61, 4.99);
INSERT INTO babystate (baby_id, createTime, cm, kg) VALUES ('baby13', '2020-07-30 12:05:01', 43.03, 5.19);
INSERT INTO babystate (baby_id, createTime, cm, kg) VALUES ('baby13', '2020-08-29 12:05:01', 43.3, 5.43);
INSERT INTO babystate (baby_id, createTime, cm, kg) VALUES ('baby13', '2020-09-15 12:05:01', 43.78, 5.66);
INSERT INTO babystate (baby_id, createTime, cm, kg) VALUES ('baby13', '2020-10-11 12:05:01', 43.9, 5.86);
INSERT INTO babystate (baby_id, createTime, cm, kg) VALUES ('baby13', '2020-11-04 12:05:01', 44.14, 6.02);
INSERT INTO babystate (baby_id, createTime, cm, kg) VALUES ('baby13', '2020-12-04 12:05:01', 44.29, 6.3);
INSERT INTO babystate (baby_id, createTime, cm, kg) VALUES ('baby13', '2021-01-02 12:05:01', 44.53, 6.46);
INSERT INTO babystate (baby_id, createTime, cm, kg) VALUES ('baby13', '2021-01-26 12:05:01', 44.91, 6.65);
INSERT INTO babystate (baby_id, createTime, cm, kg) VALUES ('baby13', '2021-02-08 12:05:01', 45.37, 6.83);
INSERT INTO babystate (baby_id, createTime, cm, kg) VALUES ('baby13', '2021-02-23 12:05:01', 45.74, 6.9);
INSERT INTO babystate (baby_id, createTime, cm, kg) VALUES ('baby13', '2021-03-16 12:05:01', 46.12, 6.97);
INSERT INTO babystate (baby_id, createTime, cm, kg) VALUES ('baby13', '2021-04-01 12:05:01', 46.43, 7.22);
INSERT INTO babystate (baby_id, createTime, cm, kg) VALUES ('baby13', '2021-04-29 12:05:01', 46.88, 7.45);
INSERT INTO babystate (baby_id, createTime, cm, kg) VALUES ('baby13', '2021-05-27 12:05:01', 47.0, 7.56);
INSERT INTO babystate (baby_id, createTime, cm, kg) VALUES ('baby13', '2021-06-23 12:05:01', 47.24, 7.75);
INSERT INTO babystate (baby_id, createTime, cm, kg) VALUES ('baby13', '2021-07-15 12:05:01', 47.47, 7.92);
INSERT INTO babystate (baby_id, createTime, cm, kg) VALUES ('baby13', '2021-08-12 12:05:01', 47.66, 8.05);
INSERT INTO babystate (baby_id, createTime, cm, kg) VALUES ('baby13', '2021-09-10 12:05:01', 48.02, 8.31);
INSERT INTO babystate (baby_id, createTime, cm, kg) VALUES ('baby13', '2021-09-21 12:05:01', 48.28, 8.4);
INSERT INTO babystate (baby_id, createTime, cm, kg) VALUES ('baby13', '2021-10-10 12:05:01', 48.54, 8.45);
INSERT INTO babystate (baby_id, createTime, cm, kg) VALUES ('baby13', '2021-10-31 12:05:01', 48.73, 8.53);
INSERT INTO babystate (baby_id, createTime, cm, kg) VALUES ('baby13', '2021-11-14 12:05:01', 49.23, 8.75);
INSERT INTO babystate (baby_id, createTime, cm, kg) VALUES ('baby13', '2021-12-11 12:05:01', 49.73, 9.05);
INSERT INTO babystate (baby_id, createTime, cm, kg) VALUES ('baby13', '2021-12-29 12:05:01', 50.15, 9.22);
INSERT INTO babystate (baby_id, createTime, cm, kg) VALUES ('baby13', '2022-01-10 12:05:01', 50.49, 9.49);
INSERT INTO babystate (baby_id, createTime, cm, kg) VALUES ('baby13', '2022-02-01 12:05:01', 50.96, 9.69);
INSERT INTO babystate (baby_id, createTime, cm, kg) VALUES ('baby13', '2022-02-19 12:05:01', 51.06, 9.96);
INSERT INTO babystate (baby_id, createTime, cm, kg) VALUES ('baby13', '2022-03-14 12:05:01', 51.3, 10.19);
INSERT INTO babystate (baby_id, createTime, cm, kg) VALUES ('baby13', '2022-03-31 12:05:01', 51.4, 10.46);
INSERT INTO babystate (baby_id, createTime, cm, kg) VALUES ('baby13', '2022-04-21 12:05:01', 51.68, 10.62);
INSERT INTO babystate (baby_id, createTime, cm, kg) VALUES ('baby13', '2022-05-07 12:05:01', 51.79, 10.78);
INSERT INTO babystate (baby_id, createTime, cm, kg) VALUES ('baby13', '2022-05-27 12:05:01', 52.05, 10.86);
INSERT INTO babystate (baby_id, createTime, cm, kg) VALUES ('baby13', '2022-06-25 12:05:01', 52.31, 11.02);
INSERT INTO babystate (baby_id, createTime, cm, kg) VALUES ('baby13', '2022-07-17 12:05:01', 52.74, 11.3);
INSERT INTO babystate (baby_id, createTime, cm, kg) VALUES ('baby13', '2022-07-28 12:05:01', 52.86, 11.52);
INSERT INTO babystate (baby_id, createTime, cm, kg) VALUES ('baby13', '2022-08-24 12:05:01', 53.09, 11.61);
INSERT INTO babystate (baby_id, createTime, cm, kg) VALUES ('baby13', '2022-09-06 12:05:01', 53.21, 11.73);
INSERT INTO babystate (baby_id, createTime, cm, kg) VALUES ('baby13', '2022-09-16 12:05:01', 53.69, 11.78);
INSERT INTO babystate (baby_id, createTime, cm, kg) VALUES ('baby13', '2022-09-29 12:05:01', 53.83, 11.87);
INSERT INTO babystate (baby_id, createTime, cm, kg) VALUES ('baby13', '2022-10-19 12:05:01', 54.3, 12.07);
INSERT INTO babystate (baby_id, createTime, cm, kg) VALUES ('baby13', '2022-10-31 12:05:01', 54.75, 12.22);
INSERT INTO babystate (baby_id, createTime, cm, kg) VALUES ('baby13', '2022-11-13 12:05:01', 55.13, 12.38);
INSERT INTO babystate (baby_id, createTime, cm, kg) VALUES ('baby13', '2022-11-24 12:05:01', 55.34, 12.51);
INSERT INTO babystate (baby_id, createTime, cm, kg) VALUES ('baby13', '2022-12-20 12:05:01', 55.8, 12.57);
INSERT INTO babystate (baby_id, createTime, cm, kg) VALUES ('baby13', '2023-01-03 12:05:01', 56.28, 12.72);
INSERT INTO babystate (baby_id, createTime, cm, kg) VALUES ('baby13', '2023-01-14 12:05:01', 56.46, 12.85);
INSERT INTO babystate (baby_id, createTime, cm, kg) VALUES ('baby13', '2023-02-02 12:05:01', 56.92, 13.02);
INSERT INTO babystate (baby_id, createTime, cm, kg) VALUES ('baby13', '2023-02-27 12:05:01', 57.31, 13.19);
INSERT INTO babystate (baby_id, createTime, cm, kg) VALUES ('baby13', '2023-03-25 12:05:01', 57.64, 13.27);
INSERT INTO babystate (baby_id, createTime, cm, kg) VALUES ('baby13', '2023-04-18 12:05:01', 57.83, 13.43);
INSERT INTO babystate (baby_id, createTime, cm, kg) VALUES ('baby13', '2023-05-08 12:05:01', 58.01, 13.55);
INSERT INTO babystate (baby_id, createTime, cm, kg) VALUES ('baby13', '2023-06-07 12:05:01', 58.46, 13.79);
INSERT INTO babystate (baby_id, createTime, cm, kg) VALUES ('baby13', '2023-06-20 12:05:01', 58.93, 13.97);
INSERT INTO babystate (baby_id, createTime, cm, kg) VALUES ('baby13', '2023-07-14 12:05:01', 59.27, 14.25);
INSERT INTO babystate (baby_id, createTime, cm, kg) VALUES ('baby13', '2023-08-06 12:05:01', 59.49, 14.37);
INSERT INTO babystate (baby_id, createTime, cm, kg) VALUES ('baby13', '2023-08-29 12:05:01', 59.89, 14.51);
INSERT INTO babystate (baby_id, createTime, cm, kg) VALUES ('baby13', '2023-09-13 12:05:01', 60.12, 14.72);
INSERT INTO babystate (baby_id, createTime, cm, kg) VALUES ('baby13', '2023-10-01 12:05:01', 60.25, 14.84);
INSERT INTO babystate (baby_id, createTime, cm, kg) VALUES ('baby13', '2023-10-15 12:05:01', 60.41, 14.98);
INSERT INTO babystate (baby_id, createTime, cm, kg) VALUES ('baby13', '2023-11-10 12:05:01', 60.58, 15.16);
INSERT INTO babystate (baby_id, createTime, cm, kg) VALUES ('baby13', '2023-12-05 12:05:01', 60.88, 15.24);
INSERT INTO babystate (baby_id, createTime, cm, kg) VALUES ('baby13', '2023-12-31 12:05:01', 61.24, 15.4);
INSERT INTO babystate (baby_id, createTime, cm, kg) VALUES ('baby13', '2024-01-24 12:05:01', 61.38, 15.67);
INSERT INTO babystate (baby_id, createTime, cm, kg) VALUES ('baby13', '2024-02-23 12:05:01', 61.55, 15.86);
INSERT INTO babystate (baby_id, createTime, cm, kg) VALUES ('baby13', '2024-03-04 12:05:01', 61.82, 15.92);
INSERT INTO babystate (baby_id, createTime, cm, kg) VALUES ('baby13', '2024-03-25 12:05:01', 62.31, 16.07);
INSERT INTO babystate (baby_id, createTime, cm, kg) VALUES ('baby13', '2024-04-24 12:05:01', 62.6, 16.35);
INSERT INTO babystate (baby_id, createTime, cm, kg) VALUES ('baby13', '2024-05-08 12:05:01', 62.76, 16.47);
INSERT INTO babystate (baby_id, createTime, cm, kg) VALUES ('baby13', '2024-05-25 12:05:01', 63.01, 16.64);
INSERT INTO babystate (baby_id, createTime, cm, kg) VALUES ('baby13', '2024-06-16 12:05:01', 63.11, 16.92);
INSERT INTO babystate (baby_id, createTime, cm, kg) VALUES ('baby13', '2024-07-09 12:05:01', 63.4, 17.2);
INSERT INTO babystate (baby_id, createTime, cm, kg) VALUES ('baby13', '2024-08-03 12:05:01', 63.77, 17.47);
INSERT INTO babystate (baby_id, createTime, cm, kg) VALUES ('baby13', '2024-09-01 12:05:01', 64.25, 17.69);
INSERT INTO babystate (baby_id, createTime, cm, kg) VALUES ('baby13', '2024-09-11 12:05:01', 64.66, 17.84);
INSERT INTO babystate (baby_id, createTime, cm, kg) VALUES ('baby13', '2024-09-30 12:05:01', 64.77, 18.05);
INSERT INTO babystate (baby_id, createTime, cm, kg) VALUES ('baby13', '2024-10-23 12:05:01', 65.25, 18.1);
INSERT INTO babystate (baby_id, createTime, cm, kg) VALUES ('baby13', '2024-11-22 12:05:01', 65.49, 18.24);
INSERT INTO babystate (baby_id, createTime, cm, kg) VALUES ('baby13', '2024-12-14 12:05:01', 65.74, 18.35);
INSERT INTO babystate (baby_id, createTime, cm, kg) VALUES ('baby13', '2025-01-02 12:05:01', 65.99, 18.63);
INSERT INTO babystate (baby_id, createTime, cm, kg) VALUES ('baby13', '2025-01-15 12:05:01', 66.35, 18.83);
INSERT INTO babystate (baby_id, createTime, cm, kg) VALUES ('baby13', '2025-01-26 12:05:01', 66.82, 18.9);
INSERT INTO babystate (baby_id, createTime, cm, kg) VALUES ('baby13', '2025-02-25 12:05:01', 66.92, 19.13);
INSERT INTO babystate (baby_id, createTime, cm, kg) VALUES ('baby13', '2025-03-22 12:05:01', 67.35, 19.35);
INSERT INTO babystate (baby_id, createTime, cm, kg) VALUES ('baby13', '2025-04-19 12:05:01', 67.51, 19.44);
INSERT INTO babystate (baby_id, createTime, cm, kg) VALUES ('baby13', '2025-05-02 12:05:01', 67.68, 19.64);
INSERT INTO babystate (baby_id, createTime, cm, kg) VALUES ('baby13', '2025-05-30 12:05:01', 68.17, 19.79);
INSERT INTO babystate (baby_id, createTime, cm, kg) VALUES ('baby13', '2025-06-11 12:05:01', 68.34, 20.07);
INSERT INTO babystate (baby_id, createTime, cm, kg) VALUES ('baby13', '2025-07-04 12:05:01', 68.78, 20.29);
INSERT INTO babystate (baby_id, createTime, cm, kg) VALUES ('baby13', '2025-07-19 12:05:01', 69.24, 20.42);
INSERT INTO baby (baby_id, obn, name, gender, birthDate, bloodType) VALUES ('baby21', 'obnbaby21', '최민서', 0, '2017-12-18 09:35:04', 'O');
INSERT INTO babystate (baby_id, createTime, cm, kg) VALUES ('baby21', '2018-01-01 09:35:04', 42.76, 5.08);
INSERT INTO babystate (baby_id, createTime, cm, kg) VALUES ('baby21', '2018-01-21 09:35:04', 43.26, 5.21);
INSERT INTO babystate (baby_id, createTime, cm, kg) VALUES ('baby21', '2018-02-17 09:35:04', 43.58, 5.33);
INSERT INTO babystate (baby_id, createTime, cm, kg) VALUES ('baby21', '2018-03-16 09:35:04', 43.79, 5.52);
INSERT INTO babystate (baby_id, createTime, cm, kg) VALUES ('baby21', '2018-04-03 09:35:04', 43.97, 5.74);
INSERT INTO babystate (baby_id, createTime, cm, kg) VALUES ('baby21', '2018-04-16 09:35:04', 44.19, 5.87);
INSERT INTO babystate (baby_id, createTime, cm, kg) VALUES ('baby21', '2018-04-28 09:35:04', 44.32, 6.04);
INSERT INTO babystate (baby_id, createTime, cm, kg) VALUES ('baby21', '2018-05-17 09:35:04', 44.77, 6.2);
INSERT INTO babystate (baby_id, createTime, cm, kg) VALUES ('baby21', '2018-05-27 09:35:04', 45.1, 6.39);
INSERT INTO babystate (baby_id, createTime, cm, kg) VALUES ('baby21', '2018-06-23 09:35:04', 45.22, 6.59);
INSERT INTO babystate (baby_id, createTime, cm, kg) VALUES ('baby21', '2018-07-12 09:35:04', 45.41, 6.88);
INSERT INTO babystate (baby_id, createTime, cm, kg) VALUES ('baby21', '2018-08-09 09:35:04', 45.86, 6.98);
INSERT INTO babystate (baby_id, createTime, cm, kg) VALUES ('baby21', '2018-08-29 09:35:04', 46.13, 7.27);
INSERT INTO babystate (baby_id, createTime, cm, kg) VALUES ('baby21', '2018-09-11 09:35:04', 46.3, 7.5);
INSERT INTO babystate (baby_id, createTime, cm, kg) VALUES ('baby21', '2018-10-10 09:35:04', 46.51, 7.76);
INSERT INTO babystate (baby_id, createTime, cm, kg) VALUES ('baby21', '2018-10-28 09:35:04', 46.94, 8.06);
INSERT INTO babystate (baby_id, createTime, cm, kg) VALUES ('baby21', '2018-11-21 09:35:04', 47.05, 8.28);
INSERT INTO babystate (baby_id, createTime, cm, kg) VALUES ('baby21', '2018-12-20 09:35:04', 47.33, 8.43);
INSERT INTO babystate (baby_id, createTime, cm, kg) VALUES ('baby21', '2019-01-10 09:35:04', 47.82, 8.7);
INSERT INTO babystate (baby_id, createTime, cm, kg) VALUES ('baby21', '2019-02-03 09:35:04', 48.03, 8.78);
INSERT INTO babystate (baby_id, createTime, cm, kg) VALUES ('baby21', '2019-02-26 09:35:04', 48.48, 9.03);
INSERT INTO babystate (baby_id, createTime, cm, kg) VALUES ('baby21', '2019-03-08 09:35:04', 48.81, 9.16);
INSERT INTO babystate (baby_id, createTime, cm, kg) VALUES ('baby21', '2019-04-01 09:35:04', 49.17, 9.24);
INSERT INTO babystate (baby_id, createTime, cm, kg) VALUES ('baby21', '2019-04-25 09:35:04', 49.42, 9.49);
INSERT INTO babystate (baby_id, createTime, cm, kg) VALUES ('baby21', '2019-05-21 09:35:04', 49.78, 9.7);
INSERT INTO babystate (baby_id, createTime, cm, kg) VALUES ('baby21', '2019-06-14 09:35:04', 50.19, 9.85);
INSERT INTO babystate (baby_id, createTime, cm, kg) VALUES ('baby21', '2019-07-02 09:35:04', 50.33, 9.92);
INSERT INTO babystate (baby_id, createTime, cm, kg) VALUES ('baby21', '2019-07-22 09:35:04', 50.56, 10.14);
INSERT INTO babystate (baby_id, createTime, cm, kg) VALUES ('baby21', '2019-08-10 09:35:04', 51.02, 10.35);
INSERT INTO babystate (baby_id, createTime, cm, kg) VALUES ('baby21', '2019-09-07 09:35:04', 51.31, 10.53);
INSERT INTO babystate (baby_id, createTime, cm, kg) VALUES ('baby21', '2019-09-17 09:35:04', 51.5, 10.64);
INSERT INTO babystate (baby_id, createTime, cm, kg) VALUES ('baby21', '2019-09-29 09:35:04', 51.86, 10.73);
INSERT INTO babystate (baby_id, createTime, cm, kg) VALUES ('baby21', '2019-10-25 09:35:04', 52.21, 10.85);
INSERT INTO babystate (baby_id, createTime, cm, kg) VALUES ('baby21', '2019-11-07 09:35:04', 52.41, 11.08);
INSERT INTO babystate (baby_id, createTime, cm, kg) VALUES ('baby21', '2019-11-19 09:35:04', 52.9, 11.24);
INSERT INTO babystate (baby_id, createTime, cm, kg) VALUES ('baby21', '2019-12-12 09:35:04', 53.11, 11.47);
INSERT INTO babystate (baby_id, createTime, cm, kg) VALUES ('baby21', '2019-12-26 09:35:04', 53.34, 11.63);
INSERT INTO babystate (baby_id, createTime, cm, kg) VALUES ('baby21', '2020-01-12 09:35:04', 53.49, 11.89);
INSERT INTO babystate (baby_id, createTime, cm, kg) VALUES ('baby21', '2020-02-09 09:35:04', 53.74, 11.98);
INSERT INTO babystate (baby_id, createTime, cm, kg) VALUES ('baby21', '2020-02-22 09:35:04', 53.91, 12.06);
INSERT INTO babystate (baby_id, createTime, cm, kg) VALUES ('baby21', '2020-03-17 09:35:04', 54.17, 12.27);
INSERT INTO babystate (baby_id, createTime, cm, kg) VALUES ('baby21', '2020-04-09 09:35:04', 54.59, 12.38);
INSERT INTO babystate (baby_id, createTime, cm, kg) VALUES ('baby21', '2020-05-01 09:35:04', 54.72, 12.6);
INSERT INTO babystate (baby_id, createTime, cm, kg) VALUES ('baby21', '2020-05-25 09:35:04', 54.94, 12.87);
INSERT INTO babystate (baby_id, createTime, cm, kg) VALUES ('baby21', '2020-06-17 09:35:04', 55.07, 12.92);
INSERT INTO babystate (baby_id, createTime, cm, kg) VALUES ('baby21', '2020-07-01 09:35:04', 55.21, 13.04);
INSERT INTO babystate (baby_id, createTime, cm, kg) VALUES ('baby21', '2020-07-31 09:35:04', 55.63, 13.24);
INSERT INTO babystate (baby_id, createTime, cm, kg) VALUES ('baby21', '2020-08-29 09:35:04', 55.83, 13.51);
INSERT INTO babystate (baby_id, createTime, cm, kg) VALUES ('baby21', '2020-09-09 09:35:04', 56.16, 13.58);
INSERT INTO babystate (baby_id, createTime, cm, kg) VALUES ('baby21', '2020-10-09 09:35:04', 56.65, 13.74);
INSERT INTO babystate (baby_id, createTime, cm, kg) VALUES ('baby21', '2020-10-31 09:35:04', 56.9, 13.83);
INSERT INTO babystate (baby_id, createTime, cm, kg) VALUES ('baby21', '2020-11-15 09:35:04', 57.31, 13.97);
INSERT INTO babystate (baby_id, createTime, cm, kg) VALUES ('baby21', '2020-11-28 09:35:04', 57.72, 14.16);
INSERT INTO babystate (baby_id, createTime, cm, kg) VALUES ('baby21', '2020-12-12 09:35:04', 57.89, 14.34);
INSERT INTO babystate (baby_id, createTime, cm, kg) VALUES ('baby21', '2020-12-28 09:35:04', 58.3, 14.49);
INSERT INTO babystate (baby_id, createTime, cm, kg) VALUES ('baby21', '2021-01-27 09:35:04', 58.6, 14.56);
INSERT INTO babystate (baby_id, createTime, cm, kg) VALUES ('baby21', '2021-02-17 09:35:04', 58.81, 14.79);
INSERT INTO babystate (baby_id, createTime, cm, kg) VALUES ('baby21', '2021-03-14 09:35:04', 59.29, 14.99);
INSERT INTO babystate (baby_id, createTime, cm, kg) VALUES ('baby21', '2021-03-28 09:35:04', 59.56, 15.23);
INSERT INTO babystate (baby_id, createTime, cm, kg) VALUES ('baby21', '2021-04-14 09:35:04', 59.84, 15.37);
INSERT INTO babystate (baby_id, createTime, cm, kg) VALUES ('baby21', '2021-04-27 09:35:04', 60.08, 15.44);
INSERT INTO babystate (baby_id, createTime, cm, kg) VALUES ('baby21', '2021-05-25 09:35:04', 60.23, 15.56);
INSERT INTO babystate (baby_id, createTime, cm, kg) VALUES ('baby21', '2021-06-17 09:35:04', 60.61, 15.62);
INSERT INTO babystate (baby_id, createTime, cm, kg) VALUES ('baby21', '2021-07-03 09:35:04', 61.03, 15.71);
INSERT INTO babystate (baby_id, createTime, cm, kg) VALUES ('baby21', '2021-07-30 09:35:04', 61.32, 15.86);
INSERT INTO babystate (baby_id, createTime, cm, kg) VALUES ('baby21', '2021-08-25 09:35:04', 61.67, 16.15);
INSERT INTO babystate (baby_id, createTime, cm, kg) VALUES ('baby21', '2021-09-10 09:35:04', 61.99, 16.38);
INSERT INTO babystate (baby_id, createTime, cm, kg) VALUES ('baby21', '2021-10-06 09:35:04', 62.33, 16.55);
INSERT INTO babystate (baby_id, createTime, cm, kg) VALUES ('baby21', '2021-10-26 09:35:04', 62.68, 16.74);
INSERT INTO babystate (baby_id, createTime, cm, kg) VALUES ('baby21', '2021-11-12 09:35:04', 62.85, 17.02);
INSERT INTO babystate (baby_id, createTime, cm, kg) VALUES ('baby21', '2021-12-01 09:35:04', 63.14, 17.15);
INSERT INTO babystate (baby_id, createTime, cm, kg) VALUES ('baby21', '2021-12-24 09:35:04', 63.42, 17.42);
INSERT INTO babystate (baby_id, createTime, cm, kg) VALUES ('baby21', '2022-01-11 09:35:04', 63.76, 17.56);
INSERT INTO babystate (baby_id, createTime, cm, kg) VALUES ('baby21', '2022-02-10 09:35:04', 64.02, 17.85);
INSERT INTO babystate (baby_id, createTime, cm, kg) VALUES ('baby21', '2022-03-03 09:35:04', 64.45, 18.07);
INSERT INTO babystate (baby_id, createTime, cm, kg) VALUES ('baby21', '2022-03-13 09:35:04', 64.77, 18.25);
INSERT INTO babystate (baby_id, createTime, cm, kg) VALUES ('baby21', '2022-03-29 09:35:04', 65.0, 18.55);
INSERT INTO babystate (baby_id, createTime, cm, kg) VALUES ('baby21', '2022-04-08 09:35:04', 65.16, 18.64);
INSERT INTO babystate (baby_id, createTime, cm, kg) VALUES ('baby21', '2022-04-27 09:35:04', 65.46, 18.77);
INSERT INTO babystate (baby_id, createTime, cm, kg) VALUES ('baby21', '2022-05-20 09:35:04', 65.59, 19.05);
INSERT INTO babystate (baby_id, createTime, cm, kg) VALUES ('baby21', '2022-06-08 09:35:04', 66.0, 19.11);
INSERT INTO babystate (baby_id, createTime, cm, kg) VALUES ('baby21', '2022-07-02 09:35:04', 66.39, 19.41);
INSERT INTO babystate (baby_id, createTime, cm, kg) VALUES ('baby21', '2022-07-15 09:35:04', 66.89, 19.52);
INSERT INTO babystate (baby_id, createTime, cm, kg) VALUES ('baby21', '2022-07-31 09:35:04', 67.37, 19.76);
INSERT INTO babystate (baby_id, createTime, cm, kg) VALUES ('baby21', '2022-08-29 09:35:04', 67.73, 19.84);
INSERT INTO babystate (baby_id, createTime, cm, kg) VALUES ('baby21', '2022-09-17 09:35:04', 68.17, 19.98);
INSERT INTO babystate (baby_id, createTime, cm, kg) VALUES ('baby21', '2022-10-13 09:35:04', 68.54, 20.24);
INSERT INTO babystate (baby_id, createTime, cm, kg) VALUES ('baby21', '2022-10-29 09:35:04', 68.7, 20.4);
INSERT INTO babystate (baby_id, createTime, cm, kg) VALUES ('baby21', '2022-11-13 09:35:04', 68.82, 20.58);
INSERT INTO babystate (baby_id, createTime, cm, kg) VALUES ('baby21', '2022-11-23 09:35:04', 69.13, 20.66);
INSERT INTO babystate (baby_id, createTime, cm, kg) VALUES ('baby21', '2022-12-21 09:35:04', 69.36, 20.75);
INSERT INTO babystate (baby_id, createTime, cm, kg) VALUES ('baby21', '2023-01-03 09:35:04', 69.67, 20.86);
INSERT INTO babystate (baby_id, createTime, cm, kg) VALUES ('baby21', '2023-01-21 09:35:04', 69.89, 20.92);
INSERT INTO babystate (baby_id, createTime, cm, kg) VALUES ('baby21', '2023-02-01 09:35:04', 70.1, 21.19);
INSERT INTO babystate (baby_id, createTime, cm, kg) VALUES ('baby21', '2023-03-03 09:35:04', 70.29, 21.28);
INSERT INTO babystate (baby_id, createTime, cm, kg) VALUES ('baby21', '2023-03-26 09:35:04', 70.65, 21.49);
INSERT INTO babystate (baby_id, createTime, cm, kg) VALUES ('baby21', '2023-04-09 09:35:04', 71.01, 21.72);
INSERT INTO babystate (baby_id, createTime, cm, kg) VALUES ('baby21', '2023-04-27 09:35:04', 71.5, 21.94);
INSERT INTO babystate (baby_id, createTime, cm, kg) VALUES ('baby21', '2023-05-16 09:35:04', 71.99, 22.18);
INSERT INTO babystate (baby_id, createTime, cm, kg) VALUES ('baby21', '2023-06-12 09:35:04', 72.1, 22.27);
INSERT INTO baby (baby_id, obn, name, gender, birthDate, bloodType) VALUES ('baby22', 'obnbaby22', '강예진', 0, '2016-12-04 00:38:34', 'A');
INSERT INTO babystate (baby_id, createTime, cm, kg) VALUES ('baby22', '2016-12-31 00:38:34', 32.19, 4.51);
INSERT INTO babystate (baby_id, createTime, cm, kg) VALUES ('baby22', '2017-01-14 00:38:34', 32.42, 4.81);
INSERT INTO babystate (baby_id, createTime, cm, kg) VALUES ('baby22', '2017-01-25 00:38:34', 32.62, 5.07);
INSERT INTO babystate (baby_id, createTime, cm, kg) VALUES ('baby22', '2017-02-07 00:38:34', 33.09, 5.3);
INSERT INTO babystate (baby_id, createTime, cm, kg) VALUES ('baby22', '2017-03-03 00:38:34', 33.45, 5.54);
INSERT INTO babystate (baby_id, createTime, cm, kg) VALUES ('baby22', '2017-03-19 00:38:34', 33.88, 5.69);
INSERT INTO babystate (baby_id, createTime, cm, kg) VALUES ('baby22', '2017-03-30 00:38:34', 34.01, 5.9);
INSERT INTO babystate (baby_id, createTime, cm, kg) VALUES ('baby22', '2017-04-19 00:38:34', 34.49, 5.96);
INSERT INTO babystate (baby_id, createTime, cm, kg) VALUES ('baby22', '2017-05-01 00:38:34', 34.97, 6.17);
INSERT INTO babystate (baby_id, createTime, cm, kg) VALUES ('baby22', '2017-05-25 00:38:34', 35.14, 6.32);
INSERT INTO babystate (baby_id, createTime, cm, kg) VALUES ('baby22', '2017-06-17 00:38:34', 35.42, 6.47);
INSERT INTO babystate (baby_id, createTime, cm, kg) VALUES ('baby22', '2017-07-12 00:38:34', 35.65, 6.56);
INSERT INTO babystate (baby_id, createTime, cm, kg) VALUES ('baby22', '2017-08-08 00:38:34', 36.0, 6.8);
INSERT INTO babystate (baby_id, createTime, cm, kg) VALUES ('baby22', '2017-09-01 00:38:34', 36.5, 6.98);
INSERT INTO babystate (baby_id, createTime, cm, kg) VALUES ('baby22', '2017-09-17 00:38:34', 36.86, 7.09);
INSERT INTO babystate (baby_id, createTime, cm, kg) VALUES ('baby22', '2017-10-04 00:38:34', 37.33, 7.26);
INSERT INTO babystate (baby_id, createTime, cm, kg) VALUES ('baby22', '2017-10-21 00:38:34', 37.74, 7.41);
INSERT INTO babystate (baby_id, createTime, cm, kg) VALUES ('baby22', '2017-11-04 00:38:34', 38.11, 7.58);
INSERT INTO babystate (baby_id, createTime, cm, kg) VALUES ('baby22', '2017-11-17 00:38:34', 38.6, 7.63);
INSERT INTO babystate (baby_id, createTime, cm, kg) VALUES ('baby22', '2017-11-30 00:38:34', 38.85, 7.88);
INSERT INTO babystate (baby_id, createTime, cm, kg) VALUES ('baby22', '2017-12-11 00:38:34', 39.22, 8.03);
INSERT INTO babystate (baby_id, createTime, cm, kg) VALUES ('baby22', '2017-12-30 00:38:34', 39.67, 8.09);
INSERT INTO babystate (baby_id, createTime, cm, kg) VALUES ('baby22', '2018-01-27 00:38:34', 39.9, 8.19);
INSERT INTO babystate (baby_id, createTime, cm, kg) VALUES ('baby22', '2018-02-08 00:38:34', 40.08, 8.45);
INSERT INTO babystate (baby_id, createTime, cm, kg) VALUES ('baby22', '2018-02-18 00:38:34', 40.44, 8.6);
INSERT INTO babystate (baby_id, createTime, cm, kg) VALUES ('baby22', '2018-03-03 00:38:34', 40.54, 8.79);
INSERT INTO babystate (baby_id, createTime, cm, kg) VALUES ('baby22', '2018-03-23 00:38:34', 40.71, 8.89);
INSERT INTO babystate (baby_id, createTime, cm, kg) VALUES ('baby22', '2018-04-19 00:38:34', 41.0, 9.12);
INSERT INTO babystate (baby_id, createTime, cm, kg) VALUES ('baby22', '2018-04-29 00:38:34', 41.47, 9.26);
INSERT INTO babystate (baby_id, createTime, cm, kg) VALUES ('baby22', '2018-05-20 00:38:34', 41.96, 9.4);
INSERT INTO babystate (baby_id, createTime, cm, kg) VALUES ('baby22', '2018-06-08 00:38:34', 42.25, 9.56);
INSERT INTO babystate (baby_id, createTime, cm, kg) VALUES ('baby22', '2018-06-19 00:38:34', 42.59, 9.71);
INSERT INTO babystate (baby_id, createTime, cm, kg) VALUES ('baby22', '2018-07-07 00:38:34', 42.74, 9.8);
INSERT INTO babystate (baby_id, createTime, cm, kg) VALUES ('baby22', '2018-08-03 00:38:34', 43.16, 9.89);
INSERT INTO babystate (baby_id, createTime, cm, kg) VALUES ('baby22', '2018-08-20 00:38:34', 43.56, 10.08);
INSERT INTO babystate (baby_id, createTime, cm, kg) VALUES ('baby22', '2018-09-18 00:38:34', 44.0, 10.25);
INSERT INTO babystate (baby_id, createTime, cm, kg) VALUES ('baby22', '2018-10-06 00:38:34', 44.39, 10.34);
INSERT INTO babystate (baby_id, createTime, cm, kg) VALUES ('baby22', '2018-10-26 00:38:34', 44.84, 10.55);
INSERT INTO babystate (baby_id, createTime, cm, kg) VALUES ('baby22', '2018-11-25 00:38:34', 45.11, 10.83);
INSERT INTO babystate (baby_id, createTime, cm, kg) VALUES ('baby22', '2018-12-21 00:38:34', 45.58, 10.91);
INSERT INTO babystate (baby_id, createTime, cm, kg) VALUES ('baby22', '2019-01-10 00:38:34', 46.0, 11.06);
INSERT INTO babystate (baby_id, createTime, cm, kg) VALUES ('baby22', '2019-02-01 00:38:34', 46.15, 11.14);
INSERT INTO babystate (baby_id, createTime, cm, kg) VALUES ('baby22', '2019-02-20 00:38:34', 46.35, 11.35);
INSERT INTO babystate (baby_id, createTime, cm, kg) VALUES ('baby22', '2019-03-16 00:38:34', 46.45, 11.47);
INSERT INTO babystate (baby_id, createTime, cm, kg) VALUES ('baby22', '2019-03-29 00:38:34', 46.78, 11.6);
INSERT INTO babystate (baby_id, createTime, cm, kg) VALUES ('baby22', '2019-04-26 00:38:34', 47.21, 11.77);
INSERT INTO babystate (baby_id, createTime, cm, kg) VALUES ('baby22', '2019-05-22 00:38:34', 47.51, 12.03);
INSERT INTO babystate (baby_id, createTime, cm, kg) VALUES ('baby22', '2019-06-02 00:38:34', 47.78, 12.1);
INSERT INTO babystate (baby_id, createTime, cm, kg) VALUES ('baby22', '2019-06-15 00:38:34', 48.14, 12.31);
INSERT INTO babystate (baby_id, createTime, cm, kg) VALUES ('baby22', '2019-07-01 00:38:34', 48.4, 12.4);
INSERT INTO babystate (baby_id, createTime, cm, kg) VALUES ('baby22', '2019-07-15 00:38:34', 48.86, 12.54);
INSERT INTO babystate (baby_id, createTime, cm, kg) VALUES ('baby22', '2019-08-11 00:38:34', 49.16, 12.76);
INSERT INTO babystate (baby_id, createTime, cm, kg) VALUES ('baby22', '2019-08-24 00:38:34', 49.58, 12.82);
INSERT INTO babystate (baby_id, createTime, cm, kg) VALUES ('baby22', '2019-09-20 00:38:34', 49.85, 12.92);
INSERT INTO babystate (baby_id, createTime, cm, kg) VALUES ('baby22', '2019-10-04 00:38:34', 50.02, 13.06);
INSERT INTO babystate (baby_id, createTime, cm, kg) VALUES ('baby22', '2019-10-29 00:38:34', 50.32, 13.24);
INSERT INTO babystate (baby_id, createTime, cm, kg) VALUES ('baby22', '2019-11-17 00:38:34', 50.63, 13.36);
INSERT INTO babystate (baby_id, createTime, cm, kg) VALUES ('baby22', '2019-11-30 00:38:34', 50.91, 13.5);
INSERT INTO babystate (baby_id, createTime, cm, kg) VALUES ('baby22', '2019-12-18 00:38:34', 51.14, 13.78);
INSERT INTO babystate (baby_id, createTime, cm, kg) VALUES ('baby22', '2020-01-06 00:38:34', 51.46, 13.86);
INSERT INTO babystate (baby_id, createTime, cm, kg) VALUES ('baby22', '2020-01-16 00:38:34', 51.66, 14.1);
INSERT INTO babystate (baby_id, createTime, cm, kg) VALUES ('baby22', '2020-02-12 00:38:34', 52.15, 14.24);
INSERT INTO babystate (baby_id, createTime, cm, kg) VALUES ('baby22', '2020-03-01 00:38:34', 52.53, 14.31);
INSERT INTO babystate (baby_id, createTime, cm, kg) VALUES ('baby22', '2020-03-26 00:38:34', 52.66, 14.57);
INSERT INTO babystate (baby_id, createTime, cm, kg) VALUES ('baby22', '2020-04-16 00:38:34', 53.11, 14.85);
INSERT INTO babystate (baby_id, createTime, cm, kg) VALUES ('baby22', '2020-05-04 00:38:34', 53.39, 15.13);
INSERT INTO babystate (baby_id, createTime, cm, kg) VALUES ('baby22', '2020-05-21 00:38:34', 53.72, 15.36);
INSERT INTO babystate (baby_id, createTime, cm, kg) VALUES ('baby22', '2020-06-07 00:38:34', 53.92, 15.48);
INSERT INTO babystate (baby_id, createTime, cm, kg) VALUES ('baby22', '2020-07-01 00:38:34', 54.38, 15.64);
INSERT INTO babystate (baby_id, createTime, cm, kg) VALUES ('baby22', '2020-07-15 00:38:34', 54.66, 15.92);
INSERT INTO babystate (baby_id, createTime, cm, kg) VALUES ('baby22', '2020-07-25 00:38:34', 55.14, 16.2);
INSERT INTO babystate (baby_id, createTime, cm, kg) VALUES ('baby22', '2020-08-14 00:38:34', 55.43, 16.26);
INSERT INTO babystate (baby_id, createTime, cm, kg) VALUES ('baby22', '2020-09-08 00:38:34', 55.85, 16.45);
INSERT INTO babystate (baby_id, createTime, cm, kg) VALUES ('baby22', '2020-09-27 00:38:34', 55.98, 16.51);
INSERT INTO babystate (baby_id, createTime, cm, kg) VALUES ('baby22', '2020-10-08 00:38:34', 56.31, 16.74);
INSERT INTO babystate (baby_id, createTime, cm, kg) VALUES ('baby22', '2020-11-05 00:38:34', 56.67, 17.02);
INSERT INTO babystate (baby_id, createTime, cm, kg) VALUES ('baby22', '2020-11-29 00:38:34', 56.84, 17.17);
INSERT INTO babystate (baby_id, createTime, cm, kg) VALUES ('baby22', '2020-12-27 00:38:34', 57.17, 17.22);
INSERT INTO babystate (baby_id, createTime, cm, kg) VALUES ('baby22', '2021-01-23 00:38:34', 57.62, 17.41);
INSERT INTO babystate (baby_id, createTime, cm, kg) VALUES ('baby22', '2021-02-09 00:38:34', 57.9, 17.47);
INSERT INTO babystate (baby_id, createTime, cm, kg) VALUES ('baby22', '2021-03-07 00:38:34', 58.21, 17.54);
INSERT INTO babystate (baby_id, createTime, cm, kg) VALUES ('baby22', '2021-03-28 00:38:34', 58.47, 17.81);
INSERT INTO babystate (baby_id, createTime, cm, kg) VALUES ('baby22', '2021-04-27 00:38:34', 58.76, 17.99);
INSERT INTO babystate (baby_id, createTime, cm, kg) VALUES ('baby22', '2021-05-23 00:38:34', 58.93, 18.21);
INSERT INTO babystate (baby_id, createTime, cm, kg) VALUES ('baby22', '2021-06-07 00:38:34', 59.14, 18.31);
INSERT INTO babystate (baby_id, createTime, cm, kg) VALUES ('baby22', '2021-07-03 00:38:34', 59.3, 18.58);
INSERT INTO babystate (baby_id, createTime, cm, kg) VALUES ('baby22', '2021-07-22 00:38:34', 59.57, 18.63);
INSERT INTO babystate (baby_id, createTime, cm, kg) VALUES ('baby22', '2021-08-05 00:38:34', 59.98, 18.85);
INSERT INTO babystate (baby_id, createTime, cm, kg) VALUES ('baby22', '2021-08-28 00:38:34', 60.47, 18.92);
INSERT INTO babystate (baby_id, createTime, cm, kg) VALUES ('baby22', '2021-09-20 00:38:34', 60.91, 19.17);
INSERT INTO babystate (baby_id, createTime, cm, kg) VALUES ('baby22', '2021-10-05 00:38:34', 61.14, 19.24);
INSERT INTO babystate (baby_id, createTime, cm, kg) VALUES ('baby22', '2021-10-24 00:38:34', 61.34, 19.44);
INSERT INTO babystate (baby_id, createTime, cm, kg) VALUES ('baby22', '2021-11-06 00:38:34', 61.44, 19.59);
INSERT INTO babystate (baby_id, createTime, cm, kg) VALUES ('baby22', '2021-11-22 00:38:34', 61.55, 19.82);
INSERT INTO babystate (baby_id, createTime, cm, kg) VALUES ('baby22', '2021-12-17 00:38:34', 61.72, 19.93);
INSERT INTO babystate (baby_id, createTime, cm, kg) VALUES ('baby22', '2022-01-10 00:38:34', 62.13, 20.0);
INSERT INTO babystate (baby_id, createTime, cm, kg) VALUES ('baby22', '2022-01-23 00:38:34', 62.5, 20.15);
INSERT INTO babystate (baby_id, createTime, cm, kg) VALUES ('baby22', '2022-02-20 00:38:34', 62.88, 20.4);
INSERT INTO babystate (baby_id, createTime, cm, kg) VALUES ('baby22', '2022-03-12 00:38:34', 63.12, 20.51);
INSERT INTO babystate (baby_id, createTime, cm, kg) VALUES ('baby22', '2022-03-28 00:38:34', 63.46, 20.57);
INSERT INTO baby (baby_id, obn, name, gender, birthDate, bloodType) VALUES ('baby23', 'obnbaby23', '장지호', 0, '2017-07-12 11:28:51', 'A');
INSERT INTO babystate (baby_id, createTime, cm, kg) VALUES ('baby23', '2017-08-07 11:28:51', 48.4, 3.4);
INSERT INTO babystate (baby_id, createTime, cm, kg) VALUES ('baby23', '2017-08-31 11:28:51', 48.89, 3.64);
INSERT INTO babystate (baby_id, createTime, cm, kg) VALUES ('baby23', '2017-09-27 11:28:51', 49.16, 3.72);
INSERT INTO babystate (baby_id, createTime, cm, kg) VALUES ('baby23', '2017-10-17 11:28:51', 49.54, 3.81);
INSERT INTO babystate (baby_id, createTime, cm, kg) VALUES ('baby23', '2017-11-09 11:28:51', 49.75, 3.9);
INSERT INTO babystate (baby_id, createTime, cm, kg) VALUES ('baby23', '2017-11-25 11:28:51', 50.24, 4.14);
INSERT INTO babystate (baby_id, createTime, cm, kg) VALUES ('baby23', '2017-12-17 11:28:51', 50.4, 4.44);
INSERT INTO babystate (baby_id, createTime, cm, kg) VALUES ('baby23', '2018-01-09 11:28:51', 50.8, 4.7);
INSERT INTO babystate (baby_id, createTime, cm, kg) VALUES ('baby23', '2018-01-21 11:28:51', 51.05, 4.85);
INSERT INTO babystate (baby_id, createTime, cm, kg) VALUES ('baby23', '2018-02-12 11:28:51', 51.53, 4.98);
INSERT INTO babystate (baby_id, createTime, cm, kg) VALUES ('baby23', '2018-03-12 11:28:51', 51.91, 5.2);
INSERT INTO babystate (baby_id, createTime, cm, kg) VALUES ('baby23', '2018-04-04 11:28:51', 52.36, 5.31);
INSERT INTO babystate (baby_id, createTime, cm, kg) VALUES ('baby23', '2018-04-15 11:28:51', 52.52, 5.53);
INSERT INTO babystate (baby_id, createTime, cm, kg) VALUES ('baby23', '2018-05-07 11:28:51', 52.7, 5.59);
INSERT INTO babystate (baby_id, createTime, cm, kg) VALUES ('baby23', '2018-05-29 11:28:51', 52.97, 5.69);
INSERT INTO babystate (baby_id, createTime, cm, kg) VALUES ('baby23', '2018-06-13 11:28:51', 53.19, 5.88);
INSERT INTO babystate (baby_id, createTime, cm, kg) VALUES ('baby23', '2018-06-23 11:28:51', 53.51, 6.02);
INSERT INTO babystate (baby_id, createTime, cm, kg) VALUES ('baby23', '2018-07-18 11:28:51', 53.88, 6.25);
INSERT INTO babystate (baby_id, createTime, cm, kg) VALUES ('baby23', '2018-08-04 11:28:51', 54.09, 6.45);
INSERT INTO babystate (baby_id, createTime, cm, kg) VALUES ('baby23', '2018-08-19 11:28:51', 54.35, 6.74);
INSERT INTO babystate (baby_id, createTime, cm, kg) VALUES ('baby23', '2018-09-11 11:28:51', 54.46, 6.96);
INSERT INTO babystate (baby_id, createTime, cm, kg) VALUES ('baby23', '2018-10-01 11:28:51', 54.62, 7.21);
INSERT INTO babystate (baby_id, createTime, cm, kg) VALUES ('baby23', '2018-10-14 11:28:51', 55.05, 7.43);
INSERT INTO babystate (baby_id, createTime, cm, kg) VALUES ('baby23', '2018-11-09 11:28:51', 55.51, 7.69);
INSERT INTO babystate (baby_id, createTime, cm, kg) VALUES ('baby23', '2018-11-19 11:28:51', 55.72, 7.88);
INSERT INTO babystate (baby_id, createTime, cm, kg) VALUES ('baby23', '2018-12-09 11:28:51', 56.1, 8.02);
INSERT INTO babystate (baby_id, createTime, cm, kg) VALUES ('baby23', '2018-12-30 11:28:51', 56.59, 8.26);
INSERT INTO babystate (baby_id, createTime, cm, kg) VALUES ('baby23', '2019-01-09 11:28:51', 56.94, 8.35);
INSERT INTO babystate (baby_id, createTime, cm, kg) VALUES ('baby23', '2019-01-26 11:28:51', 57.21, 8.53);
INSERT INTO babystate (baby_id, createTime, cm, kg) VALUES ('baby23', '2019-02-05 11:28:51', 57.35, 8.64);
INSERT INTO babystate (baby_id, createTime, cm, kg) VALUES ('baby23', '2019-03-02 11:28:51', 57.66, 8.79);
INSERT INTO babystate (baby_id, createTime, cm, kg) VALUES ('baby23', '2019-03-19 11:28:51', 58.01, 8.98);
INSERT INTO babystate (baby_id, createTime, cm, kg) VALUES ('baby23', '2019-04-18 11:28:51', 58.13, 9.21);
INSERT INTO babystate (baby_id, createTime, cm, kg) VALUES ('baby23', '2019-04-28 11:28:51', 58.5, 9.46);
INSERT INTO babystate (baby_id, createTime, cm, kg) VALUES ('baby23', '2019-05-28 11:28:51', 58.65, 9.68);
INSERT INTO babystate (baby_id, createTime, cm, kg) VALUES ('baby23', '2019-06-10 11:28:51', 58.85, 9.87);
INSERT INTO babystate (baby_id, createTime, cm, kg) VALUES ('baby23', '2019-06-26 11:28:51', 59.26, 9.92);
INSERT INTO babystate (baby_id, createTime, cm, kg) VALUES ('baby23', '2019-07-19 11:28:51', 59.72, 10.08);
INSERT INTO babystate (baby_id, createTime, cm, kg) VALUES ('baby23', '2019-08-04 11:28:51', 60.06, 10.3);
INSERT INTO babystate (baby_id, createTime, cm, kg) VALUES ('baby23', '2019-08-29 11:28:51', 60.51, 10.53);
INSERT INTO babystate (baby_id, createTime, cm, kg) VALUES ('baby23', '2019-09-21 11:28:51', 60.97, 10.61);
INSERT INTO babystate (baby_id, createTime, cm, kg) VALUES ('baby23', '2019-10-13 11:28:51', 61.38, 10.86);
INSERT INTO babystate (baby_id, createTime, cm, kg) VALUES ('baby23', '2019-10-24 11:28:51', 61.49, 11.03);
INSERT INTO babystate (baby_id, createTime, cm, kg) VALUES ('baby23', '2019-11-15 11:28:51', 61.97, 11.14);
INSERT INTO babystate (baby_id, createTime, cm, kg) VALUES ('baby23', '2019-12-06 11:28:51', 62.28, 11.2);
INSERT INTO babystate (baby_id, createTime, cm, kg) VALUES ('baby23', '2020-01-03 11:28:51', 62.53, 11.25);
INSERT INTO babystate (baby_id, createTime, cm, kg) VALUES ('baby23', '2020-01-23 11:28:51', 62.98, 11.46);
INSERT INTO babystate (baby_id, createTime, cm, kg) VALUES ('baby23', '2020-02-14 11:28:51', 63.45, 11.63);
INSERT INTO babystate (baby_id, createTime, cm, kg) VALUES ('baby23', '2020-03-02 11:28:51', 63.63, 11.79);
INSERT INTO babystate (baby_id, createTime, cm, kg) VALUES ('baby23', '2020-03-28 11:28:51', 63.77, 11.92);
INSERT INTO babystate (baby_id, createTime, cm, kg) VALUES ('baby23', '2020-04-24 11:28:51', 64.07, 12.08);
INSERT INTO babystate (baby_id, createTime, cm, kg) VALUES ('baby23', '2020-05-11 11:28:51', 64.35, 12.26);
INSERT INTO babystate (baby_id, createTime, cm, kg) VALUES ('baby23', '2020-05-23 11:28:51', 64.59, 12.48);
INSERT INTO babystate (baby_id, createTime, cm, kg) VALUES ('baby23', '2020-06-17 11:28:51', 65.04, 12.6);
INSERT INTO babystate (baby_id, createTime, cm, kg) VALUES ('baby23', '2020-07-08 11:28:51', 65.18, 12.69);
INSERT INTO babystate (baby_id, createTime, cm, kg) VALUES ('baby23', '2020-07-23 11:28:51', 65.65, 12.93);
INSERT INTO babystate (baby_id, createTime, cm, kg) VALUES ('baby23', '2020-08-02 11:28:51', 66.06, 13.01);
INSERT INTO babystate (baby_id, createTime, cm, kg) VALUES ('baby23', '2020-08-28 11:28:51', 66.39, 13.27);
INSERT INTO babystate (baby_id, createTime, cm, kg) VALUES ('baby23', '2020-09-18 11:28:51', 66.62, 13.53);
INSERT INTO babystate (baby_id, createTime, cm, kg) VALUES ('baby23', '2020-10-16 11:28:51', 66.89, 13.69);
INSERT INTO babystate (baby_id, createTime, cm, kg) VALUES ('baby23', '2020-10-30 11:28:51', 67.23, 13.92);
INSERT INTO babystate (baby_id, createTime, cm, kg) VALUES ('baby23', '2020-11-26 11:28:51', 67.47, 13.98);
INSERT INTO babystate (baby_id, createTime, cm, kg) VALUES ('baby23', '2020-12-23 11:28:51', 67.76, 14.03);
INSERT INTO babystate (baby_id, createTime, cm, kg) VALUES ('baby23', '2021-01-04 11:28:51', 67.9, 14.21);
INSERT INTO babystate (baby_id, createTime, cm, kg) VALUES ('baby23', '2021-01-14 11:28:51', 68.37, 14.37);
INSERT INTO babystate (baby_id, createTime, cm, kg) VALUES ('baby23', '2021-01-26 11:28:51', 68.81, 14.59);
INSERT INTO babystate (baby_id, createTime, cm, kg) VALUES ('baby23', '2021-02-23 11:28:51', 69.29, 14.75);
INSERT INTO babystate (baby_id, createTime, cm, kg) VALUES ('baby23', '2021-03-17 11:28:51', 69.44, 14.81);
INSERT INTO babystate (baby_id, createTime, cm, kg) VALUES ('baby23', '2021-04-01 11:28:51', 69.82, 14.87);
INSERT INTO babystate (baby_id, createTime, cm, kg) VALUES ('baby23', '2021-04-30 11:28:51', 69.97, 15.16);
INSERT INTO babystate (baby_id, createTime, cm, kg) VALUES ('baby23', '2021-05-29 11:28:51', 70.4, 15.39);
INSERT INTO babystate (baby_id, createTime, cm, kg) VALUES ('baby23', '2021-06-23 11:28:51', 70.8, 15.56);
INSERT INTO babystate (baby_id, createTime, cm, kg) VALUES ('baby23', '2021-07-15 11:28:51', 70.97, 15.71);
INSERT INTO babystate (baby_id, createTime, cm, kg) VALUES ('baby23', '2021-08-01 11:28:51', 71.25, 15.85);
INSERT INTO babystate (baby_id, createTime, cm, kg) VALUES ('baby23', '2021-08-17 11:28:51', 71.47, 16.1);
INSERT INTO babystate (baby_id, createTime, cm, kg) VALUES ('baby23', '2021-09-13 11:28:51', 71.57, 16.15);
INSERT INTO babystate (baby_id, createTime, cm, kg) VALUES ('baby23', '2021-09-26 11:28:51', 72.01, 16.45);
INSERT INTO babystate (baby_id, createTime, cm, kg) VALUES ('baby23', '2021-10-06 11:28:51', 72.13, 16.56);
INSERT INTO babystate (baby_id, createTime, cm, kg) VALUES ('baby23', '2021-10-19 11:28:51', 72.47, 16.67);
INSERT INTO babystate (baby_id, createTime, cm, kg) VALUES ('baby23', '2021-11-12 11:28:51', 72.64, 16.75);
INSERT INTO babystate (baby_id, createTime, cm, kg) VALUES ('baby23', '2021-11-26 11:28:51', 72.8, 16.96);
INSERT INTO babystate (baby_id, createTime, cm, kg) VALUES ('baby23', '2021-12-21 11:28:51', 73.28, 17.01);
INSERT INTO babystate (baby_id, createTime, cm, kg) VALUES ('baby23', '2022-01-01 11:28:51', 73.41, 17.27);
INSERT INTO babystate (baby_id, createTime, cm, kg) VALUES ('baby23', '2022-01-12 11:28:51', 73.65, 17.46);
INSERT INTO babystate (baby_id, createTime, cm, kg) VALUES ('baby23', '2022-02-08 11:28:51', 73.93, 17.58);
INSERT INTO babystate (baby_id, createTime, cm, kg) VALUES ('baby23', '2022-03-10 11:28:51', 74.35, 17.84);
INSERT INTO babystate (baby_id, createTime, cm, kg) VALUES ('baby23', '2022-03-27 11:28:51', 74.51, 18.06);
INSERT INTO babystate (baby_id, createTime, cm, kg) VALUES ('baby23', '2022-04-19 11:28:51', 74.74, 18.13);
INSERT INTO babystate (baby_id, createTime, cm, kg) VALUES ('baby23', '2022-05-12 11:28:51', 75.24, 18.37);
INSERT INTO babystate (baby_id, createTime, cm, kg) VALUES ('baby23', '2022-06-07 11:28:51', 75.7, 18.64);
INSERT INTO babystate (baby_id, createTime, cm, kg) VALUES ('baby23', '2022-07-01 11:28:51', 75.98, 18.85);
INSERT INTO babystate (baby_id, createTime, cm, kg) VALUES ('baby23', '2022-07-28 11:28:51', 76.09, 18.99);
INSERT INTO babystate (baby_id, createTime, cm, kg) VALUES ('baby23', '2022-08-22 11:28:51', 76.26, 19.2);
INSERT INTO babystate (baby_id, createTime, cm, kg) VALUES ('baby23', '2022-09-02 11:28:51', 76.65, 19.46);
INSERT INTO babystate (baby_id, createTime, cm, kg) VALUES ('baby23', '2022-09-25 11:28:51', 76.88, 19.61);
INSERT INTO babystate (baby_id, createTime, cm, kg) VALUES ('baby23', '2022-10-16 11:28:51', 76.99, 19.87);
INSERT INTO babystate (baby_id, createTime, cm, kg) VALUES ('baby23', '2022-11-02 11:28:51', 77.27, 20.16);
INSERT INTO babystate (baby_id, createTime, cm, kg) VALUES ('baby23', '2022-11-29 11:28:51', 77.44, 20.45);
INSERT INTO babystate (baby_id, createTime, cm, kg) VALUES ('baby23', '2022-12-11 11:28:51', 77.89, 20.73);
INSERT INTO babystate (baby_id, createTime, cm, kg) VALUES ('baby23', '2023-01-08 11:28:51', 78.27, 20.86);
INSERT INTO baby (baby_id, obn, name, gender, birthDate, bloodType) VALUES ('baby31', 'obnbaby31', '한유진', 1, '2018-04-28 22:33:48', 'B');
INSERT INTO babystate (baby_id, createTime, cm, kg) VALUES ('baby31', '2018-05-28 22:33:48', 30.81, 3.71);
INSERT INTO babystate (baby_id, createTime, cm, kg) VALUES ('baby31', '2018-06-19 22:33:48', 30.96, 3.8);
INSERT INTO babystate (baby_id, createTime, cm, kg) VALUES ('baby31', '2018-07-19 22:33:48', 31.44, 4.03);
INSERT INTO babystate (baby_id, createTime, cm, kg) VALUES ('baby31', '2018-08-06 22:33:48', 31.81, 4.31);
INSERT INTO babystate (baby_id, createTime, cm, kg) VALUES ('baby31', '2018-08-19 22:33:48', 31.92, 4.38);
INSERT INTO babystate (baby_id, createTime, cm, kg) VALUES ('baby31', '2018-08-29 22:33:48', 32.25, 4.46);
INSERT INTO babystate (baby_id, createTime, cm, kg) VALUES ('baby31', '2018-09-17 22:33:48', 32.53, 4.74);
INSERT INTO babystate (baby_id, createTime, cm, kg) VALUES ('baby31', '2018-10-02 22:33:48', 32.7, 4.88);
INSERT INTO babystate (baby_id, createTime, cm, kg) VALUES ('baby31', '2018-10-30 22:33:48', 33.0, 4.99);
INSERT INTO babystate (baby_id, createTime, cm, kg) VALUES ('baby31', '2018-11-15 22:33:48', 33.41, 5.13);
INSERT INTO babystate (baby_id, createTime, cm, kg) VALUES ('baby31', '2018-11-26 22:33:48', 33.83, 5.34);
INSERT INTO babystate (baby_id, createTime, cm, kg) VALUES ('baby31', '2018-12-14 22:33:48', 34.18, 5.55);
INSERT INTO babystate (baby_id, createTime, cm, kg) VALUES ('baby31', '2019-01-08 22:33:48', 34.53, 5.61);
INSERT INTO babystate (baby_id, createTime, cm, kg) VALUES ('baby31', '2019-02-02 22:33:48', 34.79, 5.74);
INSERT INTO babystate (baby_id, createTime, cm, kg) VALUES ('baby31', '2019-02-16 22:33:48', 34.92, 5.82);
INSERT INTO babystate (baby_id, createTime, cm, kg) VALUES ('baby31', '2019-03-13 22:33:48', 35.2, 6.02);
INSERT INTO babystate (baby_id, createTime, cm, kg) VALUES ('baby31', '2019-03-27 22:33:48', 35.32, 6.18);
INSERT INTO babystate (baby_id, createTime, cm, kg) VALUES ('baby31', '2019-04-09 22:33:48', 35.53, 6.3);
INSERT INTO babystate (baby_id, createTime, cm, kg) VALUES ('baby31', '2019-04-25 22:33:48', 35.71, 6.44);
INSERT INTO babystate (baby_id, createTime, cm, kg) VALUES ('baby31', '2019-05-10 22:33:48', 36.2, 6.59);
INSERT INTO babystate (baby_id, createTime, cm, kg) VALUES ('baby31', '2019-05-29 22:33:48', 36.69, 6.67);
INSERT INTO babystate (baby_id, createTime, cm, kg) VALUES ('baby31', '2019-06-14 22:33:48', 36.89, 6.79);
INSERT INTO babystate (baby_id, createTime, cm, kg) VALUES ('baby31', '2019-06-29 22:33:48', 37.05, 6.92);
INSERT INTO babystate (baby_id, createTime, cm, kg) VALUES ('baby31', '2019-07-20 22:33:48', 37.2, 7.09);
INSERT INTO babystate (baby_id, createTime, cm, kg) VALUES ('baby31', '2019-08-02 22:33:48', 37.53, 7.19);
INSERT INTO babystate (baby_id, createTime, cm, kg) VALUES ('baby31', '2019-08-20 22:33:48', 37.94, 7.38);
INSERT INTO babystate (baby_id, createTime, cm, kg) VALUES ('baby31', '2019-09-16 22:33:48', 38.14, 7.67);
INSERT INTO babystate (baby_id, createTime, cm, kg) VALUES ('baby31', '2019-10-13 22:33:48', 38.57, 7.83);
INSERT INTO babystate (baby_id, createTime, cm, kg) VALUES ('baby31', '2019-11-09 22:33:48', 38.83, 7.92);
INSERT INTO babystate (baby_id, createTime, cm, kg) VALUES ('baby31', '2019-12-07 22:33:48', 39.04, 8.22);
INSERT INTO babystate (baby_id, createTime, cm, kg) VALUES ('baby31', '2019-12-28 22:33:48', 39.22, 8.44);
INSERT INTO babystate (baby_id, createTime, cm, kg) VALUES ('baby31', '2020-01-16 22:33:48', 39.67, 8.72);
INSERT INTO babystate (baby_id, createTime, cm, kg) VALUES ('baby31', '2020-02-12 22:33:48', 39.83, 8.9);
INSERT INTO babystate (baby_id, createTime, cm, kg) VALUES ('baby31', '2020-03-09 22:33:48', 40.16, 8.97);
INSERT INTO babystate (baby_id, createTime, cm, kg) VALUES ('baby31', '2020-04-05 22:33:48', 40.26, 9.06);
INSERT INTO babystate (baby_id, createTime, cm, kg) VALUES ('baby31', '2020-05-01 22:33:48', 40.61, 9.35);
INSERT INTO babystate (baby_id, createTime, cm, kg) VALUES ('baby31', '2020-05-14 22:33:48', 41.03, 9.63);
INSERT INTO babystate (baby_id, createTime, cm, kg) VALUES ('baby31', '2020-06-09 22:33:48', 41.29, 9.91);
INSERT INTO babystate (baby_id, createTime, cm, kg) VALUES ('baby31', '2020-06-30 22:33:48', 41.69, 9.98);
INSERT INTO babystate (baby_id, createTime, cm, kg) VALUES ('baby31', '2020-07-24 22:33:48', 42.1, 10.27);
INSERT INTO babystate (baby_id, createTime, cm, kg) VALUES ('baby31', '2020-08-11 22:33:48', 42.33, 10.39);
INSERT INTO babystate (baby_id, createTime, cm, kg) VALUES ('baby31', '2020-09-05 22:33:48', 42.45, 10.67);
INSERT INTO babystate (baby_id, createTime, cm, kg) VALUES ('baby31', '2020-09-27 22:33:48', 42.66, 10.81);
INSERT INTO babystate (baby_id, createTime, cm, kg) VALUES ('baby31', '2020-10-20 22:33:48', 42.86, 10.94);
INSERT INTO babystate (baby_id, createTime, cm, kg) VALUES ('baby31', '2020-11-06 22:33:48', 43.05, 11.21);
INSERT INTO babystate (baby_id, createTime, cm, kg) VALUES ('baby31', '2020-11-16 22:33:48', 43.55, 11.35);
INSERT INTO babystate (baby_id, createTime, cm, kg) VALUES ('baby31', '2020-12-03 22:33:48', 43.82, 11.41);
INSERT INTO babystate (baby_id, createTime, cm, kg) VALUES ('baby31', '2020-12-27 22:33:48', 44.29, 11.46);
INSERT INTO babystate (baby_id, createTime, cm, kg) VALUES ('baby31', '2021-01-09 22:33:48', 44.42, 11.68);
INSERT INTO babystate (baby_id, createTime, cm, kg) VALUES ('baby31', '2021-01-21 22:33:48', 44.56, 11.84);
INSERT INTO babystate (baby_id, createTime, cm, kg) VALUES ('baby31', '2021-02-15 22:33:48', 44.85, 11.92);
INSERT INTO babystate (baby_id, createTime, cm, kg) VALUES ('baby31', '2021-03-02 22:33:48', 45.06, 12.03);
INSERT INTO babystate (baby_id, createTime, cm, kg) VALUES ('baby31', '2021-03-25 22:33:48', 45.19, 12.12);
INSERT INTO babystate (baby_id, createTime, cm, kg) VALUES ('baby31', '2021-04-09 22:33:48', 45.54, 12.25);
INSERT INTO babystate (baby_id, createTime, cm, kg) VALUES ('baby31', '2021-05-06 22:33:48', 45.84, 12.37);
INSERT INTO babystate (baby_id, createTime, cm, kg) VALUES ('baby31', '2021-05-16 22:33:48', 46.33, 12.49);
INSERT INTO babystate (baby_id, createTime, cm, kg) VALUES ('baby31', '2021-06-02 22:33:48', 46.82, 12.71);
INSERT INTO babystate (baby_id, createTime, cm, kg) VALUES ('baby31', '2021-06-27 22:33:48', 46.99, 12.81);
INSERT INTO babystate (baby_id, createTime, cm, kg) VALUES ('baby31', '2021-07-23 22:33:48', 47.45, 13.08);
INSERT INTO babystate (baby_id, createTime, cm, kg) VALUES ('baby31', '2021-08-19 22:33:48', 47.69, 13.35);
INSERT INTO babystate (baby_id, createTime, cm, kg) VALUES ('baby31', '2021-08-29 22:33:48', 47.97, 13.54);
INSERT INTO babystate (baby_id, createTime, cm, kg) VALUES ('baby31', '2021-09-15 22:33:48', 48.08, 13.74);
INSERT INTO babystate (baby_id, createTime, cm, kg) VALUES ('baby31', '2021-10-09 22:33:48', 48.18, 13.99);
INSERT INTO babystate (baby_id, createTime, cm, kg) VALUES ('baby31', '2021-10-26 22:33:48', 48.53, 14.22);
INSERT INTO babystate (baby_id, createTime, cm, kg) VALUES ('baby31', '2021-11-10 22:33:48', 48.74, 14.34);
INSERT INTO babystate (baby_id, createTime, cm, kg) VALUES ('baby31', '2021-12-06 22:33:48', 49.17, 14.46);
INSERT INTO babystate (baby_id, createTime, cm, kg) VALUES ('baby31', '2022-01-04 22:33:48', 49.35, 14.73);
INSERT INTO babystate (baby_id, createTime, cm, kg) VALUES ('baby31', '2022-01-30 22:33:48', 49.68, 14.85);
INSERT INTO babystate (baby_id, createTime, cm, kg) VALUES ('baby31', '2022-02-26 22:33:48', 49.98, 15.01);
INSERT INTO babystate (baby_id, createTime, cm, kg) VALUES ('baby31', '2022-03-08 22:33:48', 50.47, 15.25);
INSERT INTO babystate (baby_id, createTime, cm, kg) VALUES ('baby31', '2022-03-24 22:33:48', 50.76, 15.39);
INSERT INTO babystate (baby_id, createTime, cm, kg) VALUES ('baby31', '2022-04-07 22:33:48', 51.0, 15.64);
INSERT INTO babystate (baby_id, createTime, cm, kg) VALUES ('baby31', '2022-04-26 22:33:48', 51.44, 15.88);
INSERT INTO babystate (baby_id, createTime, cm, kg) VALUES ('baby31', '2022-05-25 22:33:48', 51.94, 16.03);
INSERT INTO babystate (baby_id, createTime, cm, kg) VALUES ('baby31', '2022-06-22 22:33:48', 52.4, 16.28);
INSERT INTO babystate (baby_id, createTime, cm, kg) VALUES ('baby31', '2022-07-22 22:33:48', 52.74, 16.58);
INSERT INTO babystate (baby_id, createTime, cm, kg) VALUES ('baby31', '2022-08-16 22:33:48', 53.07, 16.72);
INSERT INTO babystate (baby_id, createTime, cm, kg) VALUES ('baby31', '2022-08-30 22:33:48', 53.31, 16.86);
INSERT INTO babystate (baby_id, createTime, cm, kg) VALUES ('baby31', '2022-09-14 22:33:48', 53.61, 16.92);
INSERT INTO babystate (baby_id, createTime, cm, kg) VALUES ('baby31', '2022-10-13 22:33:48', 54.04, 16.99);
INSERT INTO babystate (baby_id, createTime, cm, kg) VALUES ('baby31', '2022-11-09 22:33:48', 54.47, 17.07);
INSERT INTO babystate (baby_id, createTime, cm, kg) VALUES ('baby31', '2022-11-20 22:33:48', 54.61, 17.14);
INSERT INTO babystate (baby_id, createTime, cm, kg) VALUES ('baby31', '2022-12-09 22:33:48', 54.92, 17.37);
INSERT INTO babystate (baby_id, createTime, cm, kg) VALUES ('baby31', '2022-12-20 22:33:48', 55.04, 17.54);
INSERT INTO babystate (baby_id, createTime, cm, kg) VALUES ('baby31', '2023-01-15 22:33:48', 55.25, 17.83);
INSERT INTO babystate (baby_id, createTime, cm, kg) VALUES ('baby31', '2023-02-04 22:33:48', 55.64, 17.92);
INSERT INTO babystate (baby_id, createTime, cm, kg) VALUES ('baby31', '2023-02-28 22:33:48', 56.08, 18.11);
INSERT INTO babystate (baby_id, createTime, cm, kg) VALUES ('baby31', '2023-03-13 22:33:48', 56.35, 18.39);
INSERT INTO babystate (baby_id, createTime, cm, kg) VALUES ('baby31', '2023-03-23 22:33:48', 56.57, 18.5);
INSERT INTO babystate (baby_id, createTime, cm, kg) VALUES ('baby31', '2023-04-22 22:33:48', 56.89, 18.67);
INSERT INTO babystate (baby_id, createTime, cm, kg) VALUES ('baby31', '2023-05-10 22:33:48', 57.34, 18.83);
INSERT INTO babystate (baby_id, createTime, cm, kg) VALUES ('baby31', '2023-06-08 22:33:48', 57.55, 19.11);
INSERT INTO babystate (baby_id, createTime, cm, kg) VALUES ('baby31', '2023-06-20 22:33:48', 57.85, 19.39);
INSERT INTO babystate (baby_id, createTime, cm, kg) VALUES ('baby31', '2023-07-03 22:33:48', 58.33, 19.54);
INSERT INTO babystate (baby_id, createTime, cm, kg) VALUES ('baby31', '2023-07-25 22:33:48', 58.46, 19.82);
INSERT INTO babystate (baby_id, createTime, cm, kg) VALUES ('baby31', '2023-08-23 22:33:48', 58.72, 20.03);
INSERT INTO babystate (baby_id, createTime, cm, kg) VALUES ('baby31', '2023-09-12 22:33:48', 59.03, 20.26);
INSERT INTO babystate (baby_id, createTime, cm, kg) VALUES ('baby31', '2023-09-28 22:33:48', 59.31, 20.43);
INSERT INTO babystate (baby_id, createTime, cm, kg) VALUES ('baby31', '2023-10-14 22:33:48', 59.75, 20.7);
INSERT INTO babystate (baby_id, createTime, cm, kg) VALUES ('baby31', '2023-11-12 22:33:48', 59.97, 20.91);
INSERT INTO baby (baby_id, obn, name, gender, birthDate, bloodType) VALUES ('baby32', 'obnbaby32', '오은서', 0, '2018-02-10 06:55:59', 'O');
INSERT INTO babystate (baby_id, createTime, cm, kg) VALUES ('baby32', '2018-02-21 06:55:59', 41.7, 3.47);
INSERT INTO babystate (baby_id, createTime, cm, kg) VALUES ('baby32', '2018-03-22 06:55:59', 42.12, 3.52);
INSERT INTO babystate (baby_id, createTime, cm, kg) VALUES ('baby32', '2018-04-12 06:55:59', 42.42, 3.78);
INSERT INTO babystate (baby_id, createTime, cm, kg) VALUES ('baby32', '2018-05-10 06:55:59', 42.54, 3.92);
INSERT INTO babystate (baby_id, createTime, cm, kg) VALUES ('baby32', '2018-05-30 06:55:59', 42.66, 4.14);
INSERT INTO babystate (baby_id, createTime, cm, kg) VALUES ('baby32', '2018-06-28 06:55:59', 42.98, 4.31);
INSERT INTO babystate (baby_id, createTime, cm, kg) VALUES ('baby32', '2018-07-26 06:55:59', 43.22, 4.52);
INSERT INTO babystate (baby_id, createTime, cm, kg) VALUES ('baby32', '2018-08-06 06:55:59', 43.39, 4.61);
INSERT INTO babystate (baby_id, createTime, cm, kg) VALUES ('baby32', '2018-08-29 06:55:59', 43.84, 4.81);
INSERT INTO babystate (baby_id, createTime, cm, kg) VALUES ('baby32', '2018-09-18 06:55:59', 44.34, 5.07);
INSERT INTO babystate (baby_id, createTime, cm, kg) VALUES ('baby32', '2018-10-02 06:55:59', 44.8, 5.27);
INSERT INTO babystate (baby_id, createTime, cm, kg) VALUES ('baby32', '2018-10-25 06:55:59', 45.2, 5.33);
INSERT INTO babystate (baby_id, createTime, cm, kg) VALUES ('baby32', '2018-11-04 06:55:59', 45.49, 5.47);
INSERT INTO babystate (baby_id, createTime, cm, kg) VALUES ('baby32', '2018-11-21 06:55:59', 45.61, 5.56);
INSERT INTO babystate (baby_id, createTime, cm, kg) VALUES ('baby32', '2018-12-02 06:55:59', 45.85, 5.71);
INSERT INTO babystate (baby_id, createTime, cm, kg) VALUES ('baby32', '2018-12-28 06:55:59', 46.26, 5.99);
INSERT INTO babystate (baby_id, createTime, cm, kg) VALUES ('baby32', '2019-01-13 06:55:59', 46.37, 6.04);
INSERT INTO babystate (baby_id, createTime, cm, kg) VALUES ('baby32', '2019-02-07 06:55:59', 46.83, 6.21);
INSERT INTO babystate (baby_id, createTime, cm, kg) VALUES ('baby32', '2019-02-23 06:55:59', 47.21, 6.49);
INSERT INTO babystate (baby_id, createTime, cm, kg) VALUES ('baby32', '2019-03-20 06:55:59', 47.7, 6.59);
INSERT INTO babystate (baby_id, createTime, cm, kg) VALUES ('baby32', '2019-04-08 06:55:59', 48.0, 6.85);
INSERT INTO babystate (baby_id, createTime, cm, kg) VALUES ('baby32', '2019-04-30 06:55:59', 48.39, 7.14);
INSERT INTO babystate (baby_id, createTime, cm, kg) VALUES ('baby32', '2019-05-23 06:55:59', 48.74, 7.32);
INSERT INTO babystate (baby_id, createTime, cm, kg) VALUES ('baby32', '2019-06-12 06:55:59', 49.17, 7.44);
INSERT INTO babystate (baby_id, createTime, cm, kg) VALUES ('baby32', '2019-06-22 06:55:59', 49.53, 7.67);
INSERT INTO babystate (baby_id, createTime, cm, kg) VALUES ('baby32', '2019-07-19 06:55:59', 49.7, 7.91);
INSERT INTO babystate (baby_id, createTime, cm, kg) VALUES ('baby32', '2019-08-01 06:55:59', 49.87, 8.0);
INSERT INTO babystate (baby_id, createTime, cm, kg) VALUES ('baby32', '2019-08-20 06:55:59', 50.17, 8.25);
INSERT INTO babystate (baby_id, createTime, cm, kg) VALUES ('baby32', '2019-09-14 06:55:59', 50.31, 8.38);
INSERT INTO babystate (baby_id, createTime, cm, kg) VALUES ('baby32', '2019-10-05 06:55:59', 50.45, 8.59);
INSERT INTO babystate (baby_id, createTime, cm, kg) VALUES ('baby32', '2019-10-23 06:55:59', 50.62, 8.69);
INSERT INTO babystate (baby_id, createTime, cm, kg) VALUES ('baby32', '2019-11-02 06:55:59', 50.93, 8.95);
INSERT INTO babystate (baby_id, createTime, cm, kg) VALUES ('baby32', '2019-11-21 06:55:59', 51.35, 9.03);
INSERT INTO babystate (baby_id, createTime, cm, kg) VALUES ('baby32', '2019-12-02 06:55:59', 51.71, 9.09);
INSERT INTO babystate (baby_id, createTime, cm, kg) VALUES ('baby32', '2019-12-20 06:55:59', 52.02, 9.28);
INSERT INTO babystate (baby_id, createTime, cm, kg) VALUES ('baby32', '2020-01-14 06:55:59', 52.2, 9.52);
INSERT INTO babystate (baby_id, createTime, cm, kg) VALUES ('baby32', '2020-02-02 06:55:59', 52.64, 9.69);
INSERT INTO babystate (baby_id, createTime, cm, kg) VALUES ('baby32', '2020-02-26 06:55:59', 53.04, 9.95);
INSERT INTO babystate (baby_id, createTime, cm, kg) VALUES ('baby32', '2020-03-21 06:55:59', 53.5, 10.21);
INSERT INTO babystate (baby_id, createTime, cm, kg) VALUES ('baby32', '2020-04-04 06:55:59', 53.71, 10.46);
INSERT INTO babystate (baby_id, createTime, cm, kg) VALUES ('baby32', '2020-04-19 06:55:59', 53.97, 10.56);
INSERT INTO babystate (baby_id, createTime, cm, kg) VALUES ('baby32', '2020-05-12 06:55:59', 54.25, 10.8);
INSERT INTO babystate (baby_id, createTime, cm, kg) VALUES ('baby32', '2020-06-05 06:55:59', 54.66, 11.09);
INSERT INTO babystate (baby_id, createTime, cm, kg) VALUES ('baby32', '2020-07-04 06:55:59', 54.97, 11.37);
INSERT INTO babystate (baby_id, createTime, cm, kg) VALUES ('baby32', '2020-08-03 06:55:59', 55.08, 11.49);
INSERT INTO babystate (baby_id, createTime, cm, kg) VALUES ('baby32', '2020-08-14 06:55:59', 55.28, 11.74);
INSERT INTO babystate (baby_id, createTime, cm, kg) VALUES ('baby32', '2020-08-30 06:55:59', 55.43, 11.83);
INSERT INTO babystate (baby_id, createTime, cm, kg) VALUES ('baby32', '2020-09-18 06:55:59', 55.69, 11.96);
INSERT INTO babystate (baby_id, createTime, cm, kg) VALUES ('baby32', '2020-10-05 06:55:59', 55.97, 12.25);
INSERT INTO babystate (baby_id, createTime, cm, kg) VALUES ('baby32', '2020-10-26 06:55:59', 56.36, 12.55);
INSERT INTO babystate (baby_id, createTime, cm, kg) VALUES ('baby32', '2020-11-08 06:55:59', 56.54, 12.75);
INSERT INTO babystate (baby_id, createTime, cm, kg) VALUES ('baby32', '2020-12-07 06:55:59', 56.67, 12.86);
INSERT INTO babystate (baby_id, createTime, cm, kg) VALUES ('baby32', '2020-12-22 06:55:59', 56.99, 13.03);
INSERT INTO babystate (baby_id, createTime, cm, kg) VALUES ('baby32', '2021-01-06 06:55:59', 57.3, 13.24);
INSERT INTO babystate (baby_id, createTime, cm, kg) VALUES ('baby32', '2021-01-22 06:55:59', 57.42, 13.41);
INSERT INTO babystate (baby_id, createTime, cm, kg) VALUES ('baby32', '2021-02-21 06:55:59', 57.54, 13.5);
INSERT INTO babystate (baby_id, createTime, cm, kg) VALUES ('baby32', '2021-03-23 06:55:59', 57.73, 13.74);
INSERT INTO babystate (baby_id, createTime, cm, kg) VALUES ('baby32', '2021-04-15 06:55:59', 58.16, 13.91);
INSERT INTO babystate (baby_id, createTime, cm, kg) VALUES ('baby32', '2021-05-14 06:55:59', 58.49, 14.06);
INSERT INTO babystate (baby_id, createTime, cm, kg) VALUES ('baby32', '2021-05-28 06:55:59', 58.75, 14.24);
INSERT INTO babystate (baby_id, createTime, cm, kg) VALUES ('baby32', '2021-06-16 06:55:59', 59.16, 14.4);
INSERT INTO babystate (baby_id, createTime, cm, kg) VALUES ('baby32', '2021-06-29 06:55:59', 59.41, 14.5);
INSERT INTO babystate (baby_id, createTime, cm, kg) VALUES ('baby32', '2021-07-27 06:55:59', 59.64, 14.65);
INSERT INTO babystate (baby_id, createTime, cm, kg) VALUES ('baby32', '2021-08-25 06:55:59', 60.14, 14.9);
INSERT INTO babystate (baby_id, createTime, cm, kg) VALUES ('baby32', '2021-09-16 06:55:59', 60.36, 15.19);
INSERT INTO babystate (baby_id, createTime, cm, kg) VALUES ('baby32', '2021-10-05 06:55:59', 60.77, 15.32);
INSERT INTO babystate (baby_id, createTime, cm, kg) VALUES ('baby32', '2021-10-23 06:55:59', 60.9, 15.49);
INSERT INTO babystate (baby_id, createTime, cm, kg) VALUES ('baby32', '2021-11-09 06:55:59', 61.03, 15.58);
INSERT INTO babystate (baby_id, createTime, cm, kg) VALUES ('baby32', '2021-11-24 06:55:59', 61.24, 15.71);
INSERT INTO babystate (baby_id, createTime, cm, kg) VALUES ('baby32', '2021-12-04 06:55:59', 61.54, 15.78);
INSERT INTO babystate (baby_id, createTime, cm, kg) VALUES ('baby32', '2021-12-16 06:55:59', 61.71, 15.94);
INSERT INTO babystate (baby_id, createTime, cm, kg) VALUES ('baby32', '2022-01-15 06:55:59', 62.02, 16.07);
INSERT INTO babystate (baby_id, createTime, cm, kg) VALUES ('baby32', '2022-01-29 06:55:59', 62.17, 16.14);
INSERT INTO babystate (baby_id, createTime, cm, kg) VALUES ('baby32', '2022-02-09 06:55:59', 62.38, 16.23);
INSERT INTO babystate (baby_id, createTime, cm, kg) VALUES ('baby32', '2022-02-22 06:55:59', 62.74, 16.43);
INSERT INTO babystate (baby_id, createTime, cm, kg) VALUES ('baby32', '2022-03-09 06:55:59', 63.23, 16.53);
INSERT INTO babystate (baby_id, createTime, cm, kg) VALUES ('baby32', '2022-03-23 06:55:59', 63.67, 16.82);
INSERT INTO babystate (baby_id, createTime, cm, kg) VALUES ('baby32', '2022-04-06 06:55:59', 63.98, 16.92);
INSERT INTO babystate (baby_id, createTime, cm, kg) VALUES ('baby32', '2022-04-28 06:55:59', 64.24, 17.05);
INSERT INTO babystate (baby_id, createTime, cm, kg) VALUES ('baby32', '2022-05-16 06:55:59', 64.43, 17.18);
INSERT INTO babystate (baby_id, createTime, cm, kg) VALUES ('baby32', '2022-06-02 06:55:59', 64.88, 17.24);
INSERT INTO babystate (baby_id, createTime, cm, kg) VALUES ('baby32', '2022-06-28 06:55:59', 65.37, 17.36);
INSERT INTO babystate (baby_id, createTime, cm, kg) VALUES ('baby32', '2022-07-16 06:55:59', 65.47, 17.49);
INSERT INTO babystate (baby_id, createTime, cm, kg) VALUES ('baby32', '2022-08-13 06:55:59', 65.93, 17.7);
INSERT INTO babystate (baby_id, createTime, cm, kg) VALUES ('baby32', '2022-08-30 06:55:59', 66.29, 17.77);
INSERT INTO babystate (baby_id, createTime, cm, kg) VALUES ('baby32', '2022-09-14 06:55:59', 66.46, 18.05);
INSERT INTO babystate (baby_id, createTime, cm, kg) VALUES ('baby32', '2022-10-13 06:55:59', 66.89, 18.28);
INSERT INTO babystate (baby_id, createTime, cm, kg) VALUES ('baby32', '2022-11-02 06:55:59', 67.3, 18.37);
INSERT INTO babystate (baby_id, createTime, cm, kg) VALUES ('baby32', '2022-11-12 06:55:59', 67.61, 18.67);
INSERT INTO babystate (baby_id, createTime, cm, kg) VALUES ('baby32', '2022-11-28 06:55:59', 67.78, 18.96);
INSERT INTO babystate (baby_id, createTime, cm, kg) VALUES ('baby32', '2022-12-23 06:55:59', 68.06, 19.08);
INSERT INTO babystate (baby_id, createTime, cm, kg) VALUES ('baby32', '2023-01-17 06:55:59', 68.43, 19.36);
INSERT INTO babystate (baby_id, createTime, cm, kg) VALUES ('baby32', '2023-02-04 06:55:59', 68.85, 19.52);
INSERT INTO babystate (baby_id, createTime, cm, kg) VALUES ('baby32', '2023-03-04 06:55:59', 69.34, 19.62);
INSERT INTO babystate (baby_id, createTime, cm, kg) VALUES ('baby32', '2023-04-03 06:55:59', 69.58, 19.72);
INSERT INTO babystate (baby_id, createTime, cm, kg) VALUES ('baby32', '2023-04-25 06:55:59', 69.95, 19.81);
INSERT INTO babystate (baby_id, createTime, cm, kg) VALUES ('baby32', '2023-05-24 06:55:59', 70.15, 19.9);
INSERT INTO babystate (baby_id, createTime, cm, kg) VALUES ('baby32', '2023-06-04 06:55:59', 70.65, 19.98);
INSERT INTO babystate (baby_id, createTime, cm, kg) VALUES ('baby32', '2023-06-28 06:55:59', 70.96, 20.24);
INSERT INTO babystate (baby_id, createTime, cm, kg) VALUES ('baby32', '2023-07-08 06:55:59', 71.39, 20.36);
INSERT INTO baby (baby_id, obn, name, gender, birthDate, bloodType) VALUES ('baby33', 'obnbaby33', '윤지우', 0, '2019-11-01 14:44:11', 'O');
INSERT INTO babystate (baby_id, createTime, cm, kg) VALUES ('baby33', '2019-11-12 14:44:11', 37.98, 3.22);
INSERT INTO babystate (baby_id, createTime, cm, kg) VALUES ('baby33', '2019-12-12 14:44:11', 38.47, 3.35);
INSERT INTO babystate (baby_id, createTime, cm, kg) VALUES ('baby33', '2020-01-01 14:44:11', 38.84, 3.5);
INSERT INTO babystate (baby_id, createTime, cm, kg) VALUES ('baby33', '2020-01-12 14:44:11', 39.0, 3.75);
INSERT INTO babystate (baby_id, createTime, cm, kg) VALUES ('baby33', '2020-01-25 14:44:11', 39.33, 3.9);
INSERT INTO babystate (baby_id, createTime, cm, kg) VALUES ('baby33', '2020-02-21 14:44:11', 39.47, 4.14);
INSERT INTO babystate (baby_id, createTime, cm, kg) VALUES ('baby33', '2020-03-06 14:44:11', 39.72, 4.22);
INSERT INTO babystate (baby_id, createTime, cm, kg) VALUES ('baby33', '2020-03-19 14:44:11', 40.04, 4.35);
INSERT INTO babystate (baby_id, createTime, cm, kg) VALUES ('baby33', '2020-04-11 14:44:11', 40.42, 4.6);
INSERT INTO babystate (baby_id, createTime, cm, kg) VALUES ('baby33', '2020-04-21 14:44:11', 40.88, 4.73);
INSERT INTO babystate (baby_id, createTime, cm, kg) VALUES ('baby33', '2020-05-03 14:44:11', 41.15, 4.91);
INSERT INTO babystate (baby_id, createTime, cm, kg) VALUES ('baby33', '2020-05-28 14:44:11', 41.42, 5.08);
INSERT INTO babystate (baby_id, createTime, cm, kg) VALUES ('baby33', '2020-06-07 14:44:11', 41.74, 5.25);
INSERT INTO babystate (baby_id, createTime, cm, kg) VALUES ('baby33', '2020-06-28 14:44:11', 42.11, 5.42);
INSERT INTO babystate (baby_id, createTime, cm, kg) VALUES ('baby33', '2020-07-08 14:44:11', 42.23, 5.67);
INSERT INTO babystate (baby_id, createTime, cm, kg) VALUES ('baby33', '2020-08-05 14:44:11', 42.59, 5.75);
INSERT INTO babystate (baby_id, createTime, cm, kg) VALUES ('baby33', '2020-09-02 14:44:11', 42.76, 5.86);
INSERT INTO babystate (baby_id, createTime, cm, kg) VALUES ('baby33', '2020-09-30 14:44:11', 43.17, 6.08);
INSERT INTO babystate (baby_id, createTime, cm, kg) VALUES ('baby33', '2020-10-23 14:44:11', 43.52, 6.34);
INSERT INTO babystate (baby_id, createTime, cm, kg) VALUES ('baby33', '2020-11-18 14:44:11', 43.64, 6.61);
INSERT INTO babystate (baby_id, createTime, cm, kg) VALUES ('baby33', '2020-12-03 14:44:11', 43.77, 6.85);
INSERT INTO babystate (baby_id, createTime, cm, kg) VALUES ('baby33', '2020-12-27 14:44:11', 43.9, 7.02);
INSERT INTO babystate (baby_id, createTime, cm, kg) VALUES ('baby33', '2021-01-14 14:44:11', 44.29, 7.24);
INSERT INTO babystate (baby_id, createTime, cm, kg) VALUES ('baby33', '2021-01-31 14:44:11', 44.72, 7.39);
INSERT INTO babystate (baby_id, createTime, cm, kg) VALUES ('baby33', '2021-02-15 14:44:11', 45.13, 7.64);
INSERT INTO babystate (baby_id, createTime, cm, kg) VALUES ('baby33', '2021-03-08 14:44:11', 45.35, 7.71);
INSERT INTO babystate (baby_id, createTime, cm, kg) VALUES ('baby33', '2021-03-22 14:44:11', 45.61, 7.93);
INSERT INTO babystate (baby_id, createTime, cm, kg) VALUES ('baby33', '2021-04-03 14:44:11', 45.81, 8.04);
INSERT INTO babystate (baby_id, createTime, cm, kg) VALUES ('baby33', '2021-04-26 14:44:11', 45.99, 8.17);
INSERT INTO babystate (baby_id, createTime, cm, kg) VALUES ('baby33', '2021-05-25 14:44:11', 46.44, 8.23);
INSERT INTO babystate (baby_id, createTime, cm, kg) VALUES ('baby33', '2021-06-18 14:44:11', 46.6, 8.3);
INSERT INTO babystate (baby_id, createTime, cm, kg) VALUES ('baby33', '2021-07-11 14:44:11', 46.93, 8.39);
INSERT INTO babystate (baby_id, createTime, cm, kg) VALUES ('baby33', '2021-08-04 14:44:11', 47.22, 8.54);
INSERT INTO babystate (baby_id, createTime, cm, kg) VALUES ('baby33', '2021-08-19 14:44:11', 47.67, 8.81);
INSERT INTO babystate (baby_id, createTime, cm, kg) VALUES ('baby33', '2021-09-14 14:44:11', 47.97, 9.03);
INSERT INTO babystate (baby_id, createTime, cm, kg) VALUES ('baby33', '2021-10-01 14:44:11', 48.29, 9.15);
INSERT INTO babystate (baby_id, createTime, cm, kg) VALUES ('baby33', '2021-10-30 14:44:11', 48.6, 9.24);
INSERT INTO babystate (baby_id, createTime, cm, kg) VALUES ('baby33', '2021-11-26 14:44:11', 48.81, 9.43);
INSERT INTO babystate (baby_id, createTime, cm, kg) VALUES ('baby33', '2021-12-10 14:44:11', 49.3, 9.64);
INSERT INTO babystate (baby_id, createTime, cm, kg) VALUES ('baby33', '2021-12-24 14:44:11', 49.63, 9.71);
INSERT INTO babystate (baby_id, createTime, cm, kg) VALUES ('baby33', '2022-01-07 14:44:11', 50.09, 9.77);
INSERT INTO babystate (baby_id, createTime, cm, kg) VALUES ('baby33', '2022-02-04 14:44:11', 50.57, 10.07);
INSERT INTO babystate (baby_id, createTime, cm, kg) VALUES ('baby33', '2022-03-05 14:44:11', 50.8, 10.18);
INSERT INTO babystate (baby_id, createTime, cm, kg) VALUES ('baby33', '2022-03-20 14:44:11', 50.96, 10.32);
INSERT INTO babystate (baby_id, createTime, cm, kg) VALUES ('baby33', '2022-04-04 14:44:11', 51.32, 10.37);
INSERT INTO babystate (baby_id, createTime, cm, kg) VALUES ('baby33', '2022-04-16 14:44:11', 51.48, 10.61);
INSERT INTO babystate (baby_id, createTime, cm, kg) VALUES ('baby33', '2022-05-03 14:44:11', 51.73, 10.72);
INSERT INTO babystate (baby_id, createTime, cm, kg) VALUES ('baby33', '2022-05-15 14:44:11', 51.89, 11.01);
INSERT INTO babystate (baby_id, createTime, cm, kg) VALUES ('baby33', '2022-05-30 14:44:11', 52.02, 11.1);
INSERT INTO babystate (baby_id, createTime, cm, kg) VALUES ('baby33', '2022-06-24 14:44:11', 52.35, 11.26);
INSERT INTO babystate (baby_id, createTime, cm, kg) VALUES ('baby33', '2022-07-04 14:44:11', 52.7, 11.34);
INSERT INTO babystate (baby_id, createTime, cm, kg) VALUES ('baby33', '2022-08-02 14:44:11', 53.05, 11.62);
INSERT INTO babystate (baby_id, createTime, cm, kg) VALUES ('baby33', '2022-08-20 14:44:11', 53.32, 11.75);
INSERT INTO babystate (baby_id, createTime, cm, kg) VALUES ('baby33', '2022-09-13 14:44:11', 53.61, 11.87);
INSERT INTO babystate (baby_id, createTime, cm, kg) VALUES ('baby33', '2022-10-03 14:44:11', 53.87, 12.03);
INSERT INTO babystate (baby_id, createTime, cm, kg) VALUES ('baby33', '2022-10-26 14:44:11', 54.18, 12.3);
INSERT INTO babystate (baby_id, createTime, cm, kg) VALUES ('baby33', '2022-11-09 14:44:11', 54.58, 12.47);
INSERT INTO babystate (baby_id, createTime, cm, kg) VALUES ('baby33', '2022-12-06 14:44:11', 54.84, 12.68);
INSERT INTO babystate (baby_id, createTime, cm, kg) VALUES ('baby33', '2022-12-26 14:44:11', 55.11, 12.85);
INSERT INTO babystate (baby_id, createTime, cm, kg) VALUES ('baby33', '2023-01-13 14:44:11', 55.44, 12.99);
INSERT INTO babystate (baby_id, createTime, cm, kg) VALUES ('baby33', '2023-01-29 14:44:11', 55.61, 13.18);
INSERT INTO babystate (baby_id, createTime, cm, kg) VALUES ('baby33', '2023-02-13 14:44:11', 55.79, 13.47);
INSERT INTO babystate (baby_id, createTime, cm, kg) VALUES ('baby33', '2023-02-28 14:44:11', 56.2, 13.61);
INSERT INTO babystate (baby_id, createTime, cm, kg) VALUES ('baby33', '2023-03-19 14:44:11', 56.48, 13.83);
INSERT INTO babystate (baby_id, createTime, cm, kg) VALUES ('baby33', '2023-04-17 14:44:11', 56.65, 14.02);
INSERT INTO babystate (baby_id, createTime, cm, kg) VALUES ('baby33', '2023-05-16 14:44:11', 56.99, 14.25);
INSERT INTO babystate (baby_id, createTime, cm, kg) VALUES ('baby33', '2023-06-10 14:44:11', 57.2, 14.46);
INSERT INTO babystate (baby_id, createTime, cm, kg) VALUES ('baby33', '2023-06-21 14:44:11', 57.38, 14.6);
INSERT INTO babystate (baby_id, createTime, cm, kg) VALUES ('baby33', '2023-07-09 14:44:11', 57.64, 14.8);
INSERT INTO babystate (baby_id, createTime, cm, kg) VALUES ('baby33', '2023-08-07 14:44:11', 58.05, 14.91);
INSERT INTO babystate (baby_id, createTime, cm, kg) VALUES ('baby33', '2023-08-23 14:44:11', 58.48, 15.14);
INSERT INTO babystate (baby_id, createTime, cm, kg) VALUES ('baby33', '2023-09-13 14:44:11', 58.66, 15.28);
INSERT INTO babystate (baby_id, createTime, cm, kg) VALUES ('baby33', '2023-09-25 14:44:11', 58.84, 15.45);
INSERT INTO babystate (baby_id, createTime, cm, kg) VALUES ('baby33', '2023-10-10 14:44:11', 59.26, 15.62);
INSERT INTO babystate (baby_id, createTime, cm, kg) VALUES ('baby33', '2023-10-25 14:44:11', 59.54, 15.91);
INSERT INTO babystate (baby_id, createTime, cm, kg) VALUES ('baby33', '2023-11-21 14:44:11', 59.76, 16.01);
INSERT INTO babystate (baby_id, createTime, cm, kg) VALUES ('baby33', '2023-12-02 14:44:11', 60.19, 16.28);
INSERT INTO babystate (baby_id, createTime, cm, kg) VALUES ('baby33', '2023-12-19 14:44:11', 60.39, 16.39);
INSERT INTO babystate (baby_id, createTime, cm, kg) VALUES ('baby33', '2023-12-29 14:44:11', 60.88, 16.47);
INSERT INTO babystate (baby_id, createTime, cm, kg) VALUES ('baby33', '2024-01-22 14:44:11', 61.04, 16.68);
INSERT INTO babystate (baby_id, createTime, cm, kg) VALUES ('baby33', '2024-02-06 14:44:11', 61.27, 16.95);
INSERT INTO babystate (baby_id, createTime, cm, kg) VALUES ('baby33', '2024-02-16 14:44:11', 61.57, 17.24);
INSERT INTO babystate (baby_id, createTime, cm, kg) VALUES ('baby33', '2024-03-17 14:44:11', 61.85, 17.34);
INSERT INTO babystate (baby_id, createTime, cm, kg) VALUES ('baby33', '2024-03-29 14:44:11', 62.09, 17.42);
INSERT INTO babystate (baby_id, createTime, cm, kg) VALUES ('baby33', '2024-04-09 14:44:11', 62.59, 17.56);
INSERT INTO babystate (baby_id, createTime, cm, kg) VALUES ('baby33', '2024-04-29 14:44:11', 62.86, 17.79);
INSERT INTO babystate (baby_id, createTime, cm, kg) VALUES ('baby33', '2024-05-24 14:44:11', 63.06, 18.06);
INSERT INTO babystate (baby_id, createTime, cm, kg) VALUES ('baby33', '2024-06-12 14:44:11', 63.43, 18.16);
INSERT INTO babystate (baby_id, createTime, cm, kg) VALUES ('baby33', '2024-06-28 14:44:11', 63.67, 18.36);
INSERT INTO babystate (baby_id, createTime, cm, kg) VALUES ('baby33', '2024-07-22 14:44:11', 64.06, 18.49);
INSERT INTO babystate (baby_id, createTime, cm, kg) VALUES ('baby33', '2024-08-19 14:44:11', 64.52, 18.64);
INSERT INTO babystate (baby_id, createTime, cm, kg) VALUES ('baby33', '2024-09-04 14:44:11', 64.91, 18.76);
INSERT INTO babystate (baby_id, createTime, cm, kg) VALUES ('baby33', '2024-10-04 14:44:11', 65.07, 18.99);
INSERT INTO babystate (baby_id, createTime, cm, kg) VALUES ('baby33', '2024-10-28 14:44:11', 65.19, 19.18);
INSERT INTO babystate (baby_id, createTime, cm, kg) VALUES ('baby33', '2024-11-12 14:44:11', 65.62, 19.46);
INSERT INTO babystate (baby_id, createTime, cm, kg) VALUES ('baby33', '2024-12-09 14:44:11', 65.9, 19.6);
INSERT INTO babystate (baby_id, createTime, cm, kg) VALUES ('baby33', '2024-12-26 14:44:11', 66.26, 19.7);
INSERT INTO babystate (baby_id, createTime, cm, kg) VALUES ('baby33', '2025-01-24 14:44:11', 66.38, 19.98);
INSERT INTO babystate (baby_id, createTime, cm, kg) VALUES ('baby33', '2025-02-19 14:44:11', 66.49, 20.17);
INSERT INTO babystate (baby_id, createTime, cm, kg) VALUES ('baby33', '2025-03-02 14:44:11', 66.61, 20.3);
INSERT INTO baby (baby_id, obn, name, gender, birthDate, bloodType) VALUES ('baby41', 'obnbaby41', '문하린', 0, '2017-04-25 17:28:35', 'AB');
INSERT INTO babystate (baby_id, createTime, cm, kg) VALUES ('baby41', '2017-05-17 17:28:35', 43.44, 4.1);
INSERT INTO babystate (baby_id, createTime, cm, kg) VALUES ('baby41', '2017-06-10 17:28:35', 43.87, 4.18);
INSERT INTO babystate (baby_id, createTime, cm, kg) VALUES ('baby41', '2017-07-09 17:28:35', 44.28, 4.26);
INSERT INTO babystate (baby_id, createTime, cm, kg) VALUES ('baby41', '2017-07-24 17:28:35', 44.66, 4.53);
INSERT INTO babystate (baby_id, createTime, cm, kg) VALUES ('baby41', '2017-08-19 17:28:35', 45.05, 4.75);
INSERT INTO babystate (baby_id, createTime, cm, kg) VALUES ('baby41', '2017-09-01 17:28:35', 45.23, 5.01);
INSERT INTO babystate (baby_id, createTime, cm, kg) VALUES ('baby41', '2017-09-16 17:28:35', 45.53, 5.24);
INSERT INTO babystate (baby_id, createTime, cm, kg) VALUES ('baby41', '2017-09-29 17:28:35', 45.93, 5.5);
INSERT INTO babystate (baby_id, createTime, cm, kg) VALUES ('baby41', '2017-10-27 17:28:35', 46.12, 5.58);
INSERT INTO babystate (baby_id, createTime, cm, kg) VALUES ('baby41', '2017-11-07 17:28:35', 46.41, 5.7);
INSERT INTO babystate (baby_id, createTime, cm, kg) VALUES ('baby41', '2017-12-07 17:28:35', 46.87, 5.75);
INSERT INTO babystate (baby_id, createTime, cm, kg) VALUES ('baby41', '2018-01-02 17:28:35', 47.28, 5.93);
INSERT INTO babystate (baby_id, createTime, cm, kg) VALUES ('baby41', '2018-01-26 17:28:35', 47.6, 6.19);
INSERT INTO babystate (baby_id, createTime, cm, kg) VALUES ('baby41', '2018-02-25 17:28:35', 47.73, 6.48);
INSERT INTO babystate (baby_id, createTime, cm, kg) VALUES ('baby41', '2018-03-26 17:28:35', 48.14, 6.56);
INSERT INTO babystate (baby_id, createTime, cm, kg) VALUES ('baby41', '2018-04-10 17:28:35', 48.58, 6.7);
INSERT INTO babystate (baby_id, createTime, cm, kg) VALUES ('baby41', '2018-04-29 17:28:35', 48.82, 6.95);
INSERT INTO babystate (baby_id, createTime, cm, kg) VALUES ('baby41', '2018-05-24 17:28:35', 48.96, 7.05);
INSERT INTO babystate (baby_id, createTime, cm, kg) VALUES ('baby41', '2018-06-16 17:28:35', 49.46, 7.34);
INSERT INTO babystate (baby_id, createTime, cm, kg) VALUES ('baby41', '2018-07-11 17:28:35', 49.71, 7.45);
INSERT INTO babystate (baby_id, createTime, cm, kg) VALUES ('baby41', '2018-07-26 17:28:35', 49.98, 7.66);
INSERT INTO babystate (baby_id, createTime, cm, kg) VALUES ('baby41', '2018-08-24 17:28:35', 50.13, 7.85);
INSERT INTO babystate (baby_id, createTime, cm, kg) VALUES ('baby41', '2018-09-15 17:28:35', 50.43, 8.08);
INSERT INTO babystate (baby_id, createTime, cm, kg) VALUES ('baby41', '2018-10-08 17:28:35', 50.76, 8.35);
INSERT INTO babystate (baby_id, createTime, cm, kg) VALUES ('baby41', '2018-11-02 17:28:35', 51.22, 8.63);
INSERT INTO babystate (baby_id, createTime, cm, kg) VALUES ('baby41', '2018-11-20 17:28:35', 51.71, 8.78);
INSERT INTO babystate (baby_id, createTime, cm, kg) VALUES ('baby41', '2018-12-12 17:28:35', 52.1, 9.01);
INSERT INTO babystate (baby_id, createTime, cm, kg) VALUES ('baby41', '2018-12-23 17:28:35', 52.33, 9.23);
INSERT INTO babystate (baby_id, createTime, cm, kg) VALUES ('baby41', '2019-01-14 17:28:35', 52.75, 9.43);
INSERT INTO babystate (baby_id, createTime, cm, kg) VALUES ('baby41', '2019-01-25 17:28:35', 53.2, 9.54);
INSERT INTO babystate (baby_id, createTime, cm, kg) VALUES ('baby41', '2019-02-23 17:28:35', 53.5, 9.82);
INSERT INTO babystate (baby_id, createTime, cm, kg) VALUES ('baby41', '2019-03-25 17:28:35', 53.88, 10.05);
INSERT INTO babystate (baby_id, createTime, cm, kg) VALUES ('baby41', '2019-04-22 17:28:35', 54.34, 10.16);
INSERT INTO babystate (baby_id, createTime, cm, kg) VALUES ('baby41', '2019-05-03 17:28:35', 54.61, 10.31);
INSERT INTO babystate (baby_id, createTime, cm, kg) VALUES ('baby41', '2019-05-23 17:28:35', 55.06, 10.54);
INSERT INTO babystate (baby_id, createTime, cm, kg) VALUES ('baby41', '2019-06-20 17:28:35', 55.35, 10.63);
INSERT INTO babystate (baby_id, createTime, cm, kg) VALUES ('baby41', '2019-07-01 17:28:35', 55.62, 10.89);
INSERT INTO babystate (baby_id, createTime, cm, kg) VALUES ('baby41', '2019-07-11 17:28:35', 55.86, 11.1);
INSERT INTO babystate (baby_id, createTime, cm, kg) VALUES ('baby41', '2019-08-04 17:28:35', 56.17, 11.32);
INSERT INTO babystate (baby_id, createTime, cm, kg) VALUES ('baby41', '2019-08-22 17:28:35', 56.57, 11.53);
INSERT INTO babystate (baby_id, createTime, cm, kg) VALUES ('baby41', '2019-09-08 17:28:35', 56.8, 11.71);
INSERT INTO babystate (baby_id, createTime, cm, kg) VALUES ('baby41', '2019-09-26 17:28:35', 57.2, 11.97);
INSERT INTO babystate (baby_id, createTime, cm, kg) VALUES ('baby41', '2019-10-20 17:28:35', 57.59, 12.23);
INSERT INTO babystate (baby_id, createTime, cm, kg) VALUES ('baby41', '2019-10-30 17:28:35', 57.93, 12.32);
INSERT INTO babystate (baby_id, createTime, cm, kg) VALUES ('baby41', '2019-11-10 17:28:35', 58.32, 12.61);
INSERT INTO babystate (baby_id, createTime, cm, kg) VALUES ('baby41', '2019-11-30 17:28:35', 58.69, 12.8);
INSERT INTO babystate (baby_id, createTime, cm, kg) VALUES ('baby41', '2019-12-22 17:28:35', 58.94, 13.02);
INSERT INTO babystate (baby_id, createTime, cm, kg) VALUES ('baby41', '2020-01-01 17:28:35', 59.3, 13.28);
INSERT INTO babystate (baby_id, createTime, cm, kg) VALUES ('baby41', '2020-01-28 17:28:35', 59.54, 13.47);
INSERT INTO babystate (baby_id, createTime, cm, kg) VALUES ('baby41', '2020-02-23 17:28:35', 59.79, 13.64);
INSERT INTO babystate (baby_id, createTime, cm, kg) VALUES ('baby41', '2020-03-23 17:28:35', 60.0, 13.76);
INSERT INTO babystate (baby_id, createTime, cm, kg) VALUES ('baby41', '2020-04-07 17:28:35', 60.27, 13.84);
INSERT INTO babystate (baby_id, createTime, cm, kg) VALUES ('baby41', '2020-04-18 17:28:35', 60.56, 13.94);
INSERT INTO babystate (baby_id, createTime, cm, kg) VALUES ('baby41', '2020-05-05 17:28:35', 61.04, 14.09);
INSERT INTO babystate (baby_id, createTime, cm, kg) VALUES ('baby41', '2020-06-04 17:28:35', 61.17, 14.28);
INSERT INTO babystate (baby_id, createTime, cm, kg) VALUES ('baby41', '2020-06-17 17:28:35', 61.43, 14.57);
INSERT INTO babystate (baby_id, createTime, cm, kg) VALUES ('baby41', '2020-07-04 17:28:35', 61.8, 14.79);
INSERT INTO babystate (baby_id, createTime, cm, kg) VALUES ('baby41', '2020-08-01 17:28:35', 62.0, 14.92);
INSERT INTO babystate (baby_id, createTime, cm, kg) VALUES ('baby41', '2020-08-31 17:28:35', 62.13, 15.07);
INSERT INTO babystate (baby_id, createTime, cm, kg) VALUES ('baby41', '2020-09-24 17:28:35', 62.35, 15.3);
INSERT INTO babystate (baby_id, createTime, cm, kg) VALUES ('baby41', '2020-10-06 17:28:35', 62.82, 15.49);
INSERT INTO babystate (baby_id, createTime, cm, kg) VALUES ('baby41', '2020-10-30 17:28:35', 63.01, 15.58);
INSERT INTO babystate (baby_id, createTime, cm, kg) VALUES ('baby41', '2020-11-14 17:28:35', 63.42, 15.67);
INSERT INTO babystate (baby_id, createTime, cm, kg) VALUES ('baby41', '2020-11-29 17:28:35', 63.75, 15.92);
INSERT INTO babystate (baby_id, createTime, cm, kg) VALUES ('baby41', '2020-12-20 17:28:35', 64.08, 16.13);
INSERT INTO babystate (baby_id, createTime, cm, kg) VALUES ('baby41', '2021-01-19 17:28:35', 64.24, 16.27);
INSERT INTO babystate (baby_id, createTime, cm, kg) VALUES ('baby41', '2021-01-29 17:28:35', 64.53, 16.54);
INSERT INTO babystate (baby_id, createTime, cm, kg) VALUES ('baby41', '2021-02-18 17:28:35', 64.85, 16.75);
INSERT INTO babystate (baby_id, createTime, cm, kg) VALUES ('baby41', '2021-03-07 17:28:35', 65.18, 16.88);
INSERT INTO babystate (baby_id, createTime, cm, kg) VALUES ('baby41', '2021-03-21 17:28:35', 65.29, 16.94);
INSERT INTO babystate (baby_id, createTime, cm, kg) VALUES ('baby41', '2021-04-11 17:28:35', 65.51, 17.1);
INSERT INTO babystate (baby_id, createTime, cm, kg) VALUES ('baby41', '2021-04-25 17:28:35', 65.71, 17.31);
INSERT INTO babystate (baby_id, createTime, cm, kg) VALUES ('baby41', '2021-05-07 17:28:35', 66.03, 17.6);
INSERT INTO babystate (baby_id, createTime, cm, kg) VALUES ('baby41', '2021-06-01 17:28:35', 66.27, 17.83);
INSERT INTO babystate (baby_id, createTime, cm, kg) VALUES ('baby41', '2021-06-12 17:28:35', 66.74, 17.96);
INSERT INTO babystate (baby_id, createTime, cm, kg) VALUES ('baby41', '2021-06-24 17:28:35', 67.06, 18.04);
INSERT INTO babystate (baby_id, createTime, cm, kg) VALUES ('baby41', '2021-07-09 17:28:35', 67.5, 18.1);
INSERT INTO babystate (baby_id, createTime, cm, kg) VALUES ('baby41', '2021-07-27 17:28:35', 67.61, 18.29);
INSERT INTO babystate (baby_id, createTime, cm, kg) VALUES ('baby41', '2021-08-15 17:28:35', 67.71, 18.57);
INSERT INTO babystate (baby_id, createTime, cm, kg) VALUES ('baby41', '2021-08-29 17:28:35', 68.07, 18.68);
INSERT INTO babystate (baby_id, createTime, cm, kg) VALUES ('baby41', '2021-09-14 17:28:35', 68.42, 18.83);
INSERT INTO babystate (baby_id, createTime, cm, kg) VALUES ('baby41', '2021-09-26 17:28:35', 68.54, 18.91);
INSERT INTO babystate (baby_id, createTime, cm, kg) VALUES ('baby41', '2021-10-18 17:28:35', 68.67, 18.96);
INSERT INTO babystate (baby_id, createTime, cm, kg) VALUES ('baby41', '2021-11-02 17:28:35', 68.9, 19.17);
INSERT INTO babystate (baby_id, createTime, cm, kg) VALUES ('baby41', '2021-11-27 17:28:35', 69.01, 19.32);
INSERT INTO babystate (baby_id, createTime, cm, kg) VALUES ('baby41', '2021-12-14 17:28:35', 69.3, 19.43);
INSERT INTO babystate (baby_id, createTime, cm, kg) VALUES ('baby41', '2021-12-27 17:28:35', 69.75, 19.58);
INSERT INTO babystate (baby_id, createTime, cm, kg) VALUES ('baby41', '2022-01-24 17:28:35', 70.07, 19.85);
INSERT INTO babystate (baby_id, createTime, cm, kg) VALUES ('baby41', '2022-02-17 17:28:35', 70.45, 19.91);
INSERT INTO babystate (baby_id, createTime, cm, kg) VALUES ('baby41', '2022-03-12 17:28:35', 70.94, 19.96);
INSERT INTO babystate (baby_id, createTime, cm, kg) VALUES ('baby41', '2022-04-09 17:28:35', 71.19, 20.06);
INSERT INTO babystate (baby_id, createTime, cm, kg) VALUES ('baby41', '2022-04-23 17:28:35', 71.29, 20.36);
INSERT INTO babystate (baby_id, createTime, cm, kg) VALUES ('baby41', '2022-05-17 17:28:35', 71.78, 20.43);
INSERT INTO babystate (baby_id, createTime, cm, kg) VALUES ('baby41', '2022-06-13 17:28:35', 71.93, 20.71);
INSERT INTO babystate (baby_id, createTime, cm, kg) VALUES ('baby41', '2022-07-05 17:28:35', 72.41, 20.82);
INSERT INTO babystate (baby_id, createTime, cm, kg) VALUES ('baby41', '2022-07-18 17:28:35', 72.78, 21.03);
INSERT INTO babystate (baby_id, createTime, cm, kg) VALUES ('baby41', '2022-08-04 17:28:35', 73.18, 21.21);
INSERT INTO babystate (baby_id, createTime, cm, kg) VALUES ('baby41', '2022-08-27 17:28:35', 73.44, 21.47);
INSERT INTO babystate (baby_id, createTime, cm, kg) VALUES ('baby41', '2022-09-18 17:28:35', 73.74, 21.54);
INSERT INTO babystate (baby_id, createTime, cm, kg) VALUES ('baby41', '2022-10-05 17:28:35', 73.86, 21.71);
INSERT INTO baby (baby_id, obn, name, gender, birthDate, bloodType) VALUES ('baby42', 'obnbaby42', '정서연', 0, '2016-11-25 23:08:01', 'B');
INSERT INTO babystate (baby_id, createTime, cm, kg) VALUES ('baby42', '2016-12-18 23:08:01', 46.86, 4.33);
INSERT INTO babystate (baby_id, createTime, cm, kg) VALUES ('baby42', '2016-12-28 23:08:01', 47.32, 4.54);
INSERT INTO babystate (baby_id, createTime, cm, kg) VALUES ('baby42', '2017-01-20 23:08:01', 47.5, 4.83);
INSERT INTO babystate (baby_id, createTime, cm, kg) VALUES ('baby42', '2017-02-08 23:08:01', 47.75, 5.06);
INSERT INTO babystate (baby_id, createTime, cm, kg) VALUES ('baby42', '2017-02-23 23:08:01', 48.08, 5.23);
INSERT INTO babystate (baby_id, createTime, cm, kg) VALUES ('baby42', '2017-03-17 23:08:01', 48.22, 5.41);
INSERT INTO babystate (baby_id, createTime, cm, kg) VALUES ('baby42', '2017-03-30 23:08:01', 48.64, 5.7);
INSERT INTO babystate (baby_id, createTime, cm, kg) VALUES ('baby42', '2017-04-26 23:08:01', 48.8, 5.98);
INSERT INTO babystate (baby_id, createTime, cm, kg) VALUES ('baby42', '2017-05-11 23:08:01', 49.29, 6.22);
INSERT INTO babystate (baby_id, createTime, cm, kg) VALUES ('baby42', '2017-05-21 23:08:01', 49.69, 6.39);
INSERT INTO babystate (baby_id, createTime, cm, kg) VALUES ('baby42', '2017-06-13 23:08:01', 50.13, 6.58);
INSERT INTO babystate (baby_id, createTime, cm, kg) VALUES ('baby42', '2017-07-10 23:08:01', 50.31, 6.76);
INSERT INTO babystate (baby_id, createTime, cm, kg) VALUES ('baby42', '2017-08-03 23:08:01', 50.71, 6.82);
INSERT INTO babystate (baby_id, createTime, cm, kg) VALUES ('baby42', '2017-08-26 23:08:01', 51.07, 7.04);
INSERT INTO babystate (baby_id, createTime, cm, kg) VALUES ('baby42', '2017-09-07 23:08:01', 51.49, 7.33);
INSERT INTO babystate (baby_id, createTime, cm, kg) VALUES ('baby42', '2017-09-30 23:08:01', 51.74, 7.44);
INSERT INTO babystate (baby_id, createTime, cm, kg) VALUES ('baby42', '2017-10-14 23:08:01', 51.95, 7.73);
INSERT INTO babystate (baby_id, createTime, cm, kg) VALUES ('baby42', '2017-11-03 23:08:01', 52.3, 7.91);
INSERT INTO babystate (baby_id, createTime, cm, kg) VALUES ('baby42', '2017-12-03 23:08:01', 52.46, 8.16);
INSERT INTO babystate (baby_id, createTime, cm, kg) VALUES ('baby42', '2017-12-19 23:08:01', 52.63, 8.31);
INSERT INTO babystate (baby_id, createTime, cm, kg) VALUES ('baby42', '2018-01-17 23:08:01', 52.74, 8.46);
INSERT INTO babystate (baby_id, createTime, cm, kg) VALUES ('baby42', '2018-01-30 23:08:01', 53.06, 8.73);
INSERT INTO babystate (baby_id, createTime, cm, kg) VALUES ('baby42', '2018-02-24 23:08:01', 53.51, 8.79);
INSERT INTO babystate (baby_id, createTime, cm, kg) VALUES ('baby42', '2018-03-22 23:08:01', 53.76, 8.93);
INSERT INTO babystate (baby_id, createTime, cm, kg) VALUES ('baby42', '2018-04-10 23:08:01', 53.94, 9.11);
INSERT INTO babystate (baby_id, createTime, cm, kg) VALUES ('baby42', '2018-04-29 23:08:01', 54.08, 9.18);
INSERT INTO babystate (baby_id, createTime, cm, kg) VALUES ('baby42', '2018-05-24 23:08:01', 54.27, 9.24);
INSERT INTO babystate (baby_id, createTime, cm, kg) VALUES ('baby42', '2018-06-07 23:08:01', 54.39, 9.54);
INSERT INTO babystate (baby_id, createTime, cm, kg) VALUES ('baby42', '2018-07-05 23:08:01', 54.83, 9.61);
INSERT INTO babystate (baby_id, createTime, cm, kg) VALUES ('baby42', '2018-08-04 23:08:01', 54.94, 9.85);
INSERT INTO babystate (baby_id, createTime, cm, kg) VALUES ('baby42', '2018-08-20 23:08:01', 55.32, 9.98);
INSERT INTO babystate (baby_id, createTime, cm, kg) VALUES ('baby42', '2018-09-15 23:08:01', 55.78, 10.23);
INSERT INTO babystate (baby_id, createTime, cm, kg) VALUES ('baby42', '2018-10-03 23:08:01', 56.25, 10.32);
INSERT INTO babystate (baby_id, createTime, cm, kg) VALUES ('baby42', '2018-10-13 23:08:01', 56.68, 10.48);
INSERT INTO babystate (baby_id, createTime, cm, kg) VALUES ('baby42', '2018-11-10 23:08:01', 56.91, 10.57);
INSERT INTO babystate (baby_id, createTime, cm, kg) VALUES ('baby42', '2018-11-26 23:08:01', 57.35, 10.74);
INSERT INTO babystate (baby_id, createTime, cm, kg) VALUES ('baby42', '2018-12-13 23:08:01', 57.48, 10.84);
INSERT INTO babystate (baby_id, createTime, cm, kg) VALUES ('baby42', '2018-12-23 23:08:01', 57.85, 10.9);
INSERT INTO babystate (baby_id, createTime, cm, kg) VALUES ('baby42', '2019-01-11 23:08:01', 58.35, 10.96);
INSERT INTO babystate (baby_id, createTime, cm, kg) VALUES ('baby42', '2019-01-25 23:08:01', 58.46, 11.2);
INSERT INTO babystate (baby_id, createTime, cm, kg) VALUES ('baby42', '2019-02-21 23:08:01', 58.86, 11.42);
INSERT INTO babystate (baby_id, createTime, cm, kg) VALUES ('baby42', '2019-03-11 23:08:01', 59.35, 11.65);
INSERT INTO babystate (baby_id, createTime, cm, kg) VALUES ('baby42', '2019-04-07 23:08:01', 59.5, 11.93);
INSERT INTO babystate (baby_id, createTime, cm, kg) VALUES ('baby42', '2019-04-22 23:08:01', 59.86, 12.14);
INSERT INTO babystate (baby_id, createTime, cm, kg) VALUES ('baby42', '2019-05-18 23:08:01', 60.19, 12.34);
INSERT INTO babystate (baby_id, createTime, cm, kg) VALUES ('baby42', '2019-05-31 23:08:01', 60.45, 12.54);
INSERT INTO babystate (baby_id, createTime, cm, kg) VALUES ('baby42', '2019-06-17 23:08:01', 60.75, 12.75);
INSERT INTO babystate (baby_id, createTime, cm, kg) VALUES ('baby42', '2019-07-03 23:08:01', 61.21, 13.01);
INSERT INTO babystate (baby_id, createTime, cm, kg) VALUES ('baby42', '2019-07-23 23:08:01', 61.51, 13.21);
INSERT INTO babystate (baby_id, createTime, cm, kg) VALUES ('baby42', '2019-08-19 23:08:01', 61.62, 13.34);
INSERT INTO babystate (baby_id, createTime, cm, kg) VALUES ('baby42', '2019-08-31 23:08:01', 61.8, 13.47);
INSERT INTO babystate (baby_id, createTime, cm, kg) VALUES ('baby42', '2019-09-21 23:08:01', 61.99, 13.57);
INSERT INTO babystate (baby_id, createTime, cm, kg) VALUES ('baby42', '2019-10-07 23:08:01', 62.22, 13.76);
INSERT INTO babystate (baby_id, createTime, cm, kg) VALUES ('baby42', '2019-11-03 23:08:01', 62.72, 13.87);
INSERT INTO babystate (baby_id, createTime, cm, kg) VALUES ('baby42', '2019-11-14 23:08:01', 63.06, 14.15);
INSERT INTO babystate (baby_id, createTime, cm, kg) VALUES ('baby42', '2019-12-09 23:08:01', 63.39, 14.29);
INSERT INTO babystate (baby_id, createTime, cm, kg) VALUES ('baby42', '2019-12-22 23:08:01', 63.62, 14.49);
INSERT INTO babystate (baby_id, createTime, cm, kg) VALUES ('baby42', '2020-01-09 23:08:01', 63.86, 14.68);
INSERT INTO babystate (baby_id, createTime, cm, kg) VALUES ('baby42', '2020-02-08 23:08:01', 64.07, 14.97);
INSERT INTO babystate (baby_id, createTime, cm, kg) VALUES ('baby42', '2020-02-26 23:08:01', 64.24, 15.17);
INSERT INTO babystate (baby_id, createTime, cm, kg) VALUES ('baby42', '2020-03-23 23:08:01', 64.4, 15.25);
INSERT INTO babystate (baby_id, createTime, cm, kg) VALUES ('baby42', '2020-04-12 23:08:01', 64.64, 15.51);
INSERT INTO babystate (baby_id, createTime, cm, kg) VALUES ('baby42', '2020-05-12 23:08:01', 65.03, 15.62);
INSERT INTO babystate (baby_id, createTime, cm, kg) VALUES ('baby42', '2020-06-03 23:08:01', 65.39, 15.9);
INSERT INTO babystate (baby_id, createTime, cm, kg) VALUES ('baby42', '2020-06-23 23:08:01', 65.77, 16.18);
INSERT INTO babystate (baby_id, createTime, cm, kg) VALUES ('baby42', '2020-07-06 23:08:01', 66.16, 16.25);
INSERT INTO babystate (baby_id, createTime, cm, kg) VALUES ('baby42', '2020-07-20 23:08:01', 66.3, 16.38);
INSERT INTO babystate (baby_id, createTime, cm, kg) VALUES ('baby42', '2020-08-13 23:08:01', 66.44, 16.57);
INSERT INTO babystate (baby_id, createTime, cm, kg) VALUES ('baby42', '2020-09-02 23:08:01', 66.61, 16.86);
INSERT INTO babystate (baby_id, createTime, cm, kg) VALUES ('baby42', '2020-10-02 23:08:01', 66.75, 16.99);
INSERT INTO babystate (baby_id, createTime, cm, kg) VALUES ('baby42', '2020-10-26 23:08:01', 66.97, 17.22);
INSERT INTO babystate (baby_id, createTime, cm, kg) VALUES ('baby42', '2020-11-23 23:08:01', 67.17, 17.49);
INSERT INTO babystate (baby_id, createTime, cm, kg) VALUES ('baby42', '2020-12-22 23:08:01', 67.39, 17.58);
INSERT INTO babystate (baby_id, createTime, cm, kg) VALUES ('baby42', '2021-01-06 23:08:01', 67.82, 17.82);
INSERT INTO babystate (baby_id, createTime, cm, kg) VALUES ('baby42', '2021-01-31 23:08:01', 68.27, 18.1);
INSERT INTO babystate (baby_id, createTime, cm, kg) VALUES ('baby42', '2021-03-02 23:08:01', 68.69, 18.24);
INSERT INTO babystate (baby_id, createTime, cm, kg) VALUES ('baby42', '2021-03-18 23:08:01', 68.86, 18.5);
INSERT INTO babystate (baby_id, createTime, cm, kg) VALUES ('baby42', '2021-04-06 23:08:01', 69.17, 18.66);
INSERT INTO babystate (baby_id, createTime, cm, kg) VALUES ('baby42', '2021-05-04 23:08:01', 69.52, 18.8);
INSERT INTO babystate (baby_id, createTime, cm, kg) VALUES ('baby42', '2021-05-18 23:08:01', 69.74, 19.01);
INSERT INTO babystate (baby_id, createTime, cm, kg) VALUES ('baby42', '2021-06-04 23:08:01', 70.07, 19.25);
INSERT INTO babystate (baby_id, createTime, cm, kg) VALUES ('baby42', '2021-07-03 23:08:01', 70.2, 19.46);
INSERT INTO babystate (baby_id, createTime, cm, kg) VALUES ('baby42', '2021-07-22 23:08:01', 70.48, 19.75);
INSERT INTO babystate (baby_id, createTime, cm, kg) VALUES ('baby42', '2021-08-20 23:08:01', 70.96, 19.99);
INSERT INTO babystate (baby_id, createTime, cm, kg) VALUES ('baby42', '2021-09-12 23:08:01', 71.46, 20.14);
INSERT INTO babystate (baby_id, createTime, cm, kg) VALUES ('baby42', '2021-10-01 23:08:01', 71.89, 20.35);
INSERT INTO babystate (baby_id, createTime, cm, kg) VALUES ('baby42', '2021-10-23 23:08:01', 72.18, 20.49);
INSERT INTO babystate (baby_id, createTime, cm, kg) VALUES ('baby42', '2021-11-10 23:08:01', 72.57, 20.63);
INSERT INTO babystate (baby_id, createTime, cm, kg) VALUES ('baby42', '2021-11-26 23:08:01', 72.71, 20.81);
INSERT INTO babystate (baby_id, createTime, cm, kg) VALUES ('baby42', '2021-12-17 23:08:01', 72.99, 20.92);
INSERT INTO babystate (baby_id, createTime, cm, kg) VALUES ('baby42', '2021-12-29 23:08:01', 73.46, 20.98);
INSERT INTO babystate (baby_id, createTime, cm, kg) VALUES ('baby42', '2022-01-09 23:08:01', 73.57, 21.15);
INSERT INTO babystate (baby_id, createTime, cm, kg) VALUES ('baby42', '2022-02-05 23:08:01', 73.76, 21.38);
INSERT INTO babystate (baby_id, createTime, cm, kg) VALUES ('baby42', '2022-03-04 23:08:01', 74.02, 21.44);
INSERT INTO babystate (baby_id, createTime, cm, kg) VALUES ('baby42', '2022-03-29 23:08:01', 74.41, 21.62);
INSERT INTO babystate (baby_id, createTime, cm, kg) VALUES ('baby42', '2022-04-19 23:08:01', 74.69, 21.82);
INSERT INTO babystate (baby_id, createTime, cm, kg) VALUES ('baby42', '2022-05-12 23:08:01', 75.11, 21.9);
INSERT INTO babystate (baby_id, createTime, cm, kg) VALUES ('baby42', '2022-06-10 23:08:01', 75.56, 22.14);
INSERT INTO babystate (baby_id, createTime, cm, kg) VALUES ('baby42', '2022-06-20 23:08:01', 76.04, 22.3);
INSERT INTO babystate (baby_id, createTime, cm, kg) VALUES ('baby42', '2022-07-09 23:08:01', 76.23, 22.54);
INSERT INTO baby (baby_id, obn, name, gender, birthDate, bloodType) VALUES ('baby43', 'obnbaby43', '홍수아', 0, '2017-06-06 13:50:41', 'A');
INSERT INTO babystate (baby_id, createTime, cm, kg) VALUES ('baby43', '2017-06-28 13:50:41', 48.37, 4.09);
INSERT INTO babystate (baby_id, createTime, cm, kg) VALUES ('baby43', '2017-07-13 13:50:41', 48.79, 4.21);
INSERT INTO babystate (baby_id, createTime, cm, kg) VALUES ('baby43', '2017-07-29 13:50:41', 48.95, 4.29);
INSERT INTO babystate (baby_id, createTime, cm, kg) VALUES ('baby43', '2017-08-09 13:50:41', 49.24, 4.57);
INSERT INTO babystate (baby_id, createTime, cm, kg) VALUES ('baby43', '2017-08-23 13:50:41', 49.4, 4.81);
INSERT INTO babystate (baby_id, createTime, cm, kg) VALUES ('baby43', '2017-09-10 13:50:41', 49.89, 5.04);
INSERT INTO babystate (baby_id, createTime, cm, kg) VALUES ('baby43', '2017-10-02 13:50:41', 50.22, 5.3);
INSERT INTO babystate (baby_id, createTime, cm, kg) VALUES ('baby43', '2017-10-28 13:50:41', 50.64, 5.4);
INSERT INTO babystate (baby_id, createTime, cm, kg) VALUES ('baby43', '2017-11-27 13:50:41', 51.08, 5.53);
INSERT INTO babystate (baby_id, createTime, cm, kg) VALUES ('baby43', '2017-12-18 13:50:41', 51.33, 5.81);
INSERT INTO babystate (baby_id, createTime, cm, kg) VALUES ('baby43', '2018-01-15 13:50:41', 51.77, 5.9);
INSERT INTO babystate (baby_id, createTime, cm, kg) VALUES ('baby43', '2018-02-10 13:50:41', 52.09, 6.08);
INSERT INTO babystate (baby_id, createTime, cm, kg) VALUES ('baby43', '2018-02-20 13:50:41', 52.52, 6.3);
INSERT INTO babystate (baby_id, createTime, cm, kg) VALUES ('baby43', '2018-03-11 13:50:41', 52.9, 6.44);
INSERT INTO babystate (baby_id, createTime, cm, kg) VALUES ('baby43', '2018-03-23 13:50:41', 53.27, 6.71);
INSERT INTO babystate (baby_id, createTime, cm, kg) VALUES ('baby43', '2018-04-07 13:50:41', 53.71, 6.82);
INSERT INTO babystate (baby_id, createTime, cm, kg) VALUES ('baby43', '2018-04-22 13:50:41', 54.14, 7.11);
INSERT INTO babystate (baby_id, createTime, cm, kg) VALUES ('baby43', '2018-05-22 13:50:41', 54.39, 7.18);
INSERT INTO babystate (baby_id, createTime, cm, kg) VALUES ('baby43', '2018-06-02 13:50:41', 54.69, 7.45);
INSERT INTO babystate (baby_id, createTime, cm, kg) VALUES ('baby43', '2018-06-27 13:50:41', 54.83, 7.65);
INSERT INTO babystate (baby_id, createTime, cm, kg) VALUES ('baby43', '2018-07-16 13:50:41', 54.96, 7.87);
INSERT INTO babystate (baby_id, createTime, cm, kg) VALUES ('baby43', '2018-08-13 13:50:41', 55.17, 8.12);
INSERT INTO babystate (baby_id, createTime, cm, kg) VALUES ('baby43', '2018-08-31 13:50:41', 55.44, 8.24);
INSERT INTO babystate (baby_id, createTime, cm, kg) VALUES ('baby43', '2018-09-11 13:50:41', 55.83, 8.54);
INSERT INTO babystate (baby_id, createTime, cm, kg) VALUES ('baby43', '2018-09-22 13:50:41', 56.08, 8.72);
INSERT INTO babystate (baby_id, createTime, cm, kg) VALUES ('baby43', '2018-10-06 13:50:41', 56.49, 8.94);
INSERT INTO babystate (baby_id, createTime, cm, kg) VALUES ('baby43', '2018-10-24 13:50:41', 56.71, 9.12);
INSERT INTO babystate (baby_id, createTime, cm, kg) VALUES ('baby43', '2018-11-21 13:50:41', 57.04, 9.28);
INSERT INTO babystate (baby_id, createTime, cm, kg) VALUES ('baby43', '2018-12-15 13:50:41', 57.53, 9.39);
INSERT INTO babystate (baby_id, createTime, cm, kg) VALUES ('baby43', '2018-12-30 13:50:41', 57.7, 9.51);
INSERT INTO babystate (baby_id, createTime, cm, kg) VALUES ('baby43', '2019-01-23 13:50:41', 57.91, 9.75);
INSERT INTO babystate (baby_id, createTime, cm, kg) VALUES ('baby43', '2019-02-06 13:50:41', 58.27, 10.02);
INSERT INTO babystate (baby_id, createTime, cm, kg) VALUES ('baby43', '2019-03-06 13:50:41', 58.41, 10.11);
INSERT INTO babystate (baby_id, createTime, cm, kg) VALUES ('baby43', '2019-03-30 13:50:41', 58.79, 10.26);
INSERT INTO babystate (baby_id, createTime, cm, kg) VALUES ('baby43', '2019-04-22 13:50:41', 59.12, 10.32);
INSERT INTO babystate (baby_id, createTime, cm, kg) VALUES ('baby43', '2019-05-06 13:50:41', 59.6, 10.4);
INSERT INTO babystate (baby_id, createTime, cm, kg) VALUES ('baby43', '2019-06-03 13:50:41', 59.87, 10.65);
INSERT INTO babystate (baby_id, createTime, cm, kg) VALUES ('baby43', '2019-06-25 13:50:41', 60.31, 10.94);
INSERT INTO babystate (baby_id, createTime, cm, kg) VALUES ('baby43', '2019-07-22 13:50:41', 60.69, 11.13);
INSERT INTO babystate (baby_id, createTime, cm, kg) VALUES ('baby43', '2019-08-08 13:50:41', 60.94, 11.43);
INSERT INTO babystate (baby_id, createTime, cm, kg) VALUES ('baby43', '2019-08-29 13:50:41', 61.31, 11.51);
INSERT INTO babystate (baby_id, createTime, cm, kg) VALUES ('baby43', '2019-09-18 13:50:41', 61.59, 11.73);
INSERT INTO babystate (baby_id, createTime, cm, kg) VALUES ('baby43', '2019-10-01 13:50:41', 61.85, 11.88);
INSERT INTO babystate (baby_id, createTime, cm, kg) VALUES ('baby43', '2019-10-20 13:50:41', 62.04, 11.94);
INSERT INTO babystate (baby_id, createTime, cm, kg) VALUES ('baby43', '2019-11-05 13:50:41', 62.49, 12.01);
INSERT INTO babystate (baby_id, createTime, cm, kg) VALUES ('baby43', '2019-11-30 13:50:41', 62.61, 12.16);
INSERT INTO babystate (baby_id, createTime, cm, kg) VALUES ('baby43', '2019-12-22 13:50:41', 62.92, 12.37);
INSERT INTO babystate (baby_id, createTime, cm, kg) VALUES ('baby43', '2020-01-06 13:50:41', 63.14, 12.51);
INSERT INTO babystate (baby_id, createTime, cm, kg) VALUES ('baby43', '2020-01-30 13:50:41', 63.4, 12.77);
INSERT INTO babystate (baby_id, createTime, cm, kg) VALUES ('baby43', '2020-02-22 13:50:41', 63.58, 12.91);
INSERT INTO babystate (baby_id, createTime, cm, kg) VALUES ('baby43', '2020-03-03 13:50:41', 63.85, 13.11);
INSERT INTO babystate (baby_id, createTime, cm, kg) VALUES ('baby43', '2020-03-20 13:50:41', 64.22, 13.38);
INSERT INTO babystate (baby_id, createTime, cm, kg) VALUES ('baby43', '2020-04-19 13:50:41', 64.5, 13.58);
INSERT INTO babystate (baby_id, createTime, cm, kg) VALUES ('baby43', '2020-05-04 13:50:41', 64.84, 13.75);
INSERT INTO babystate (baby_id, createTime, cm, kg) VALUES ('baby43', '2020-05-29 13:50:41', 65.23, 13.9);
INSERT INTO babystate (baby_id, createTime, cm, kg) VALUES ('baby43', '2020-06-19 13:50:41', 65.57, 14.05);
INSERT INTO babystate (baby_id, createTime, cm, kg) VALUES ('baby43', '2020-07-16 13:50:41', 65.97, 14.17);
INSERT INTO babystate (baby_id, createTime, cm, kg) VALUES ('baby43', '2020-08-13 13:50:41', 66.31, 14.3);
INSERT INTO babystate (baby_id, createTime, cm, kg) VALUES ('baby43', '2020-08-25 13:50:41', 66.41, 14.36);
INSERT INTO babystate (baby_id, createTime, cm, kg) VALUES ('baby43', '2020-09-19 13:50:41', 66.91, 14.63);
INSERT INTO babystate (baby_id, createTime, cm, kg) VALUES ('baby43', '2020-10-09 13:50:41', 67.22, 14.93);
INSERT INTO babystate (baby_id, createTime, cm, kg) VALUES ('baby43', '2020-10-31 13:50:41', 67.47, 15.09);
INSERT INTO babystate (baby_id, createTime, cm, kg) VALUES ('baby43', '2020-11-13 13:50:41', 67.74, 15.16);
INSERT INTO babystate (baby_id, createTime, cm, kg) VALUES ('baby43', '2020-12-12 13:50:41', 67.96, 15.35);
INSERT INTO babystate (baby_id, createTime, cm, kg) VALUES ('baby43', '2020-12-28 13:50:41', 68.34, 15.62);
INSERT INTO babystate (baby_id, createTime, cm, kg) VALUES ('baby43', '2021-01-26 13:50:41', 68.68, 15.89);
INSERT INTO babystate (baby_id, createTime, cm, kg) VALUES ('baby43', '2021-02-12 13:50:41', 68.97, 16.16);
INSERT INTO babystate (baby_id, createTime, cm, kg) VALUES ('baby43', '2021-03-07 13:50:41', 69.22, 16.46);
INSERT INTO babystate (baby_id, createTime, cm, kg) VALUES ('baby43', '2021-03-25 13:50:41', 69.6, 16.65);
INSERT INTO babystate (baby_id, createTime, cm, kg) VALUES ('baby43', '2021-04-21 13:50:41', 70.09, 16.79);
INSERT INTO babystate (baby_id, createTime, cm, kg) VALUES ('baby43', '2021-05-14 13:50:41', 70.27, 16.89);
INSERT INTO babystate (baby_id, createTime, cm, kg) VALUES ('baby43', '2021-06-12 13:50:41', 70.48, 16.99);
INSERT INTO babystate (baby_id, createTime, cm, kg) VALUES ('baby43', '2021-07-02 13:50:41', 70.76, 17.2);
INSERT INTO babystate (baby_id, createTime, cm, kg) VALUES ('baby43', '2021-07-21 13:50:41', 71.16, 17.39);
INSERT INTO babystate (baby_id, createTime, cm, kg) VALUES ('baby43', '2021-08-03 13:50:41', 71.52, 17.68);
INSERT INTO babystate (baby_id, createTime, cm, kg) VALUES ('baby43', '2021-09-01 13:50:41', 71.79, 17.86);
INSERT INTO babystate (baby_id, createTime, cm, kg) VALUES ('baby43', '2021-09-11 13:50:41', 72.16, 18.0);
INSERT INTO babystate (baby_id, createTime, cm, kg) VALUES ('baby43', '2021-09-28 13:50:41', 72.53, 18.26);
INSERT INTO babystate (baby_id, createTime, cm, kg) VALUES ('baby43', '2021-10-19 13:50:41', 72.89, 18.32);
INSERT INTO babystate (baby_id, createTime, cm, kg) VALUES ('baby43', '2021-11-02 13:50:41', 73.01, 18.56);
INSERT INTO babystate (baby_id, createTime, cm, kg) VALUES ('baby43', '2021-12-01 13:50:41', 73.21, 18.68);
INSERT INTO babystate (baby_id, createTime, cm, kg) VALUES ('baby43', '2021-12-25 13:50:41', 73.32, 18.96);
INSERT INTO babystate (baby_id, createTime, cm, kg) VALUES ('baby43', '2022-01-19 13:50:41', 73.8, 19.23);
INSERT INTO babystate (baby_id, createTime, cm, kg) VALUES ('baby43', '2022-02-12 13:50:41', 74.09, 19.45);
INSERT INTO babystate (baby_id, createTime, cm, kg) VALUES ('baby43', '2022-03-05 13:50:41', 74.37, 19.54);
INSERT INTO babystate (baby_id, createTime, cm, kg) VALUES ('baby43', '2022-03-29 13:50:41', 74.84, 19.77);
INSERT INTO babystate (baby_id, createTime, cm, kg) VALUES ('baby43', '2022-04-21 13:50:41', 75.18, 19.94);
INSERT INTO babystate (baby_id, createTime, cm, kg) VALUES ('baby43', '2022-05-21 13:50:41', 75.43, 20.16);
INSERT INTO babystate (baby_id, createTime, cm, kg) VALUES ('baby43', '2022-06-10 13:50:41', 75.9, 20.27);
INSERT INTO babystate (baby_id, createTime, cm, kg) VALUES ('baby43', '2022-06-30 13:50:41', 76.06, 20.49);
INSERT INTO babystate (baby_id, createTime, cm, kg) VALUES ('baby43', '2022-07-19 13:50:41', 76.46, 20.78);
INSERT INTO babystate (baby_id, createTime, cm, kg) VALUES ('baby43', '2022-07-30 13:50:41', 76.82, 21.08);
INSERT INTO babystate (baby_id, createTime, cm, kg) VALUES ('baby43', '2022-08-21 13:50:41', 77.0, 21.15);
INSERT INTO babystate (baby_id, createTime, cm, kg) VALUES ('baby43', '2022-09-13 13:50:41', 77.29, 21.37);
INSERT INTO babystate (baby_id, createTime, cm, kg) VALUES ('baby43', '2022-09-27 13:50:41', 77.43, 21.5);
INSERT INTO babystate (baby_id, createTime, cm, kg) VALUES ('baby43', '2022-10-10 13:50:41', 77.69, 21.55);
INSERT INTO babystate (baby_id, createTime, cm, kg) VALUES ('baby43', '2022-11-09 13:50:41', 78.17, 21.61);
INSERT INTO babystate (baby_id, createTime, cm, kg) VALUES ('baby43', '2022-11-22 13:50:41', 78.62, 21.76);
INSERT INTO babystate (baby_id, createTime, cm, kg) VALUES ('baby43', '2022-12-02 13:50:41', 79.1, 21.82);
INSERT INTO babystate (baby_id, createTime, cm, kg) VALUES ('baby43', '2022-12-18 13:50:41', 79.35, 21.91);
INSERT INTO baby (baby_id, obn, name, gender, birthDate, bloodType) VALUES ('baby51', 'obnbaby51', '신시윤', 1, '2017-07-19 03:59:14', 'B');
INSERT INTO babystate (baby_id, createTime, cm, kg) VALUES ('baby51', '2017-08-12 03:59:14', 47.81, 3.3);
INSERT INTO babystate (baby_id, createTime, cm, kg) VALUES ('baby51', '2017-08-31 03:59:14', 48.07, 3.52);
INSERT INTO babystate (baby_id, createTime, cm, kg) VALUES ('baby51', '2017-09-21 03:59:14', 48.45, 3.74);
INSERT INTO babystate (baby_id, createTime, cm, kg) VALUES ('baby51', '2017-10-16 03:59:14', 48.94, 3.92);
INSERT INTO babystate (baby_id, createTime, cm, kg) VALUES ('baby51', '2017-11-04 03:59:14', 49.14, 4.13);
INSERT INTO babystate (baby_id, createTime, cm, kg) VALUES ('baby51', '2017-11-29 03:59:14', 49.55, 4.37);
INSERT INTO babystate (baby_id, createTime, cm, kg) VALUES ('baby51', '2017-12-21 03:59:14', 50.02, 4.62);
INSERT INTO babystate (baby_id, createTime, cm, kg) VALUES ('baby51', '2018-01-04 03:59:14', 50.51, 4.73);
INSERT INTO babystate (baby_id, createTime, cm, kg) VALUES ('baby51', '2018-01-25 03:59:14', 50.62, 4.99);
INSERT INTO babystate (baby_id, createTime, cm, kg) VALUES ('baby51', '2018-02-16 03:59:14', 50.84, 5.22);
INSERT INTO babystate (baby_id, createTime, cm, kg) VALUES ('baby51', '2018-03-12 03:59:14', 51.32, 5.35);
INSERT INTO babystate (baby_id, createTime, cm, kg) VALUES ('baby51', '2018-03-30 03:59:14', 51.67, 5.57);
INSERT INTO babystate (baby_id, createTime, cm, kg) VALUES ('baby51', '2018-04-26 03:59:14', 52.15, 5.71);
INSERT INTO babystate (baby_id, createTime, cm, kg) VALUES ('baby51', '2018-05-07 03:59:14', 52.41, 5.82);
INSERT INTO babystate (baby_id, createTime, cm, kg) VALUES ('baby51', '2018-05-24 03:59:14', 52.8, 6.09);
INSERT INTO babystate (baby_id, createTime, cm, kg) VALUES ('baby51', '2018-06-22 03:59:14', 53.28, 6.28);
INSERT INTO babystate (baby_id, createTime, cm, kg) VALUES ('baby51', '2018-07-12 03:59:14', 53.65, 6.48);
INSERT INTO babystate (baby_id, createTime, cm, kg) VALUES ('baby51', '2018-07-23 03:59:14', 53.93, 6.64);
INSERT INTO babystate (baby_id, createTime, cm, kg) VALUES ('baby51', '2018-08-10 03:59:14', 54.05, 6.7);
INSERT INTO babystate (baby_id, createTime, cm, kg) VALUES ('baby51', '2018-09-09 03:59:14', 54.27, 6.77);
INSERT INTO babystate (baby_id, createTime, cm, kg) VALUES ('baby51', '2018-09-27 03:59:14', 54.65, 7.02);
INSERT INTO babystate (baby_id, createTime, cm, kg) VALUES ('baby51', '2018-10-08 03:59:14', 54.87, 7.22);
INSERT INTO babystate (baby_id, createTime, cm, kg) VALUES ('baby51', '2018-10-29 03:59:14', 55.05, 7.35);
INSERT INTO babystate (baby_id, createTime, cm, kg) VALUES ('baby51', '2018-11-10 03:59:14', 55.26, 7.57);
INSERT INTO babystate (baby_id, createTime, cm, kg) VALUES ('baby51', '2018-12-01 03:59:14', 55.58, 7.74);
INSERT INTO babystate (baby_id, createTime, cm, kg) VALUES ('baby51', '2018-12-13 03:59:14', 55.83, 7.97);
INSERT INTO babystate (baby_id, createTime, cm, kg) VALUES ('baby51', '2019-01-11 03:59:14', 56.26, 8.18);
INSERT INTO babystate (baby_id, createTime, cm, kg) VALUES ('baby51', '2019-01-25 03:59:14', 56.66, 8.44);
INSERT INTO babystate (baby_id, createTime, cm, kg) VALUES ('baby51', '2019-02-06 03:59:14', 56.92, 8.59);
INSERT INTO babystate (baby_id, createTime, cm, kg) VALUES ('baby51', '2019-02-27 03:59:14', 57.07, 8.74);
INSERT INTO babystate (baby_id, createTime, cm, kg) VALUES ('baby51', '2019-03-10 03:59:14', 57.19, 8.82);
INSERT INTO babystate (baby_id, createTime, cm, kg) VALUES ('baby51', '2019-04-07 03:59:14', 57.56, 8.9);
INSERT INTO babystate (baby_id, createTime, cm, kg) VALUES ('baby51', '2019-04-29 03:59:14', 57.92, 9.13);
INSERT INTO babystate (baby_id, createTime, cm, kg) VALUES ('baby51', '2019-05-24 03:59:14', 58.12, 9.41);
INSERT INTO babystate (baby_id, createTime, cm, kg) VALUES ('baby51', '2019-06-22 03:59:14', 58.37, 9.69);
INSERT INTO babystate (baby_id, createTime, cm, kg) VALUES ('baby51', '2019-07-10 03:59:14', 58.76, 9.91);
INSERT INTO babystate (baby_id, createTime, cm, kg) VALUES ('baby51', '2019-07-31 03:59:14', 59.26, 10.08);
INSERT INTO babystate (baby_id, createTime, cm, kg) VALUES ('baby51', '2019-08-26 03:59:14', 59.68, 10.24);
INSERT INTO babystate (baby_id, createTime, cm, kg) VALUES ('baby51', '2019-09-08 03:59:14', 60.1, 10.44);
INSERT INTO babystate (baby_id, createTime, cm, kg) VALUES ('baby51', '2019-10-02 03:59:14', 60.24, 10.7);
INSERT INTO babystate (baby_id, createTime, cm, kg) VALUES ('baby51', '2019-10-27 03:59:14', 60.61, 10.97);
INSERT INTO babystate (baby_id, createTime, cm, kg) VALUES ('baby51', '2019-11-17 03:59:14', 60.76, 11.09);
INSERT INTO babystate (baby_id, createTime, cm, kg) VALUES ('baby51', '2019-11-28 03:59:14', 61.25, 11.19);
INSERT INTO babystate (baby_id, createTime, cm, kg) VALUES ('baby51', '2019-12-11 03:59:14', 61.73, 11.31);
INSERT INTO babystate (baby_id, createTime, cm, kg) VALUES ('baby51', '2019-12-27 03:59:14', 61.88, 11.58);
INSERT INTO babystate (baby_id, createTime, cm, kg) VALUES ('baby51', '2020-01-21 03:59:14', 62.21, 11.65);
INSERT INTO babystate (baby_id, createTime, cm, kg) VALUES ('baby51', '2020-02-03 03:59:14', 62.6, 11.77);
INSERT INTO babystate (baby_id, createTime, cm, kg) VALUES ('baby51', '2020-03-02 03:59:14', 62.81, 11.96);
INSERT INTO babystate (baby_id, createTime, cm, kg) VALUES ('baby51', '2020-03-29 03:59:14', 63.06, 12.02);
INSERT INTO babystate (baby_id, createTime, cm, kg) VALUES ('baby51', '2020-04-08 03:59:14', 63.29, 12.11);
INSERT INTO babystate (baby_id, createTime, cm, kg) VALUES ('baby51', '2020-04-24 03:59:14', 63.64, 12.38);
INSERT INTO babystate (baby_id, createTime, cm, kg) VALUES ('baby51', '2020-05-12 03:59:14', 63.79, 12.65);
INSERT INTO babystate (baby_id, createTime, cm, kg) VALUES ('baby51', '2020-05-27 03:59:14', 64.09, 12.82);
INSERT INTO babystate (baby_id, createTime, cm, kg) VALUES ('baby51', '2020-06-25 03:59:14', 64.35, 13.01);
INSERT INTO babystate (baby_id, createTime, cm, kg) VALUES ('baby51', '2020-07-22 03:59:14', 64.46, 13.22);
INSERT INTO babystate (baby_id, createTime, cm, kg) VALUES ('baby51', '2020-08-06 03:59:14', 64.88, 13.51);
INSERT INTO babystate (baby_id, createTime, cm, kg) VALUES ('baby51', '2020-08-29 03:59:14', 65.27, 13.72);
INSERT INTO babystate (baby_id, createTime, cm, kg) VALUES ('baby51', '2020-09-21 03:59:14', 65.53, 13.87);
INSERT INTO babystate (baby_id, createTime, cm, kg) VALUES ('baby51', '2020-10-15 03:59:14', 65.81, 13.98);
INSERT INTO babystate (baby_id, createTime, cm, kg) VALUES ('baby51', '2020-11-14 03:59:14', 66.01, 14.04);
INSERT INTO babystate (baby_id, createTime, cm, kg) VALUES ('baby51', '2020-12-02 03:59:14', 66.37, 14.11);
INSERT INTO babystate (baby_id, createTime, cm, kg) VALUES ('baby51', '2020-12-19 03:59:14', 66.85, 14.23);
INSERT INTO babystate (baby_id, createTime, cm, kg) VALUES ('baby51', '2021-01-10 03:59:14', 67.14, 14.51);
INSERT INTO babystate (baby_id, createTime, cm, kg) VALUES ('baby51', '2021-02-02 03:59:14', 67.26, 14.64);
INSERT INTO babystate (baby_id, createTime, cm, kg) VALUES ('baby51', '2021-03-02 03:59:14', 67.7, 14.75);
INSERT INTO babystate (baby_id, createTime, cm, kg) VALUES ('baby51', '2021-03-29 03:59:14', 68.02, 15.04);
INSERT INTO babystate (baby_id, createTime, cm, kg) VALUES ('baby51', '2021-04-14 03:59:14', 68.29, 15.23);
INSERT INTO babystate (baby_id, createTime, cm, kg) VALUES ('baby51', '2021-05-10 03:59:14', 68.72, 15.36);
INSERT INTO babystate (baby_id, createTime, cm, kg) VALUES ('baby51', '2021-05-30 03:59:14', 69.03, 15.61);
INSERT INTO babystate (baby_id, createTime, cm, kg) VALUES ('baby51', '2021-06-09 03:59:14', 69.47, 15.88);
INSERT INTO babystate (baby_id, createTime, cm, kg) VALUES ('baby51', '2021-07-04 03:59:14', 69.75, 16.12);
INSERT INTO babystate (baby_id, createTime, cm, kg) VALUES ('baby51', '2021-07-31 03:59:14', 69.98, 16.2);
INSERT INTO babystate (baby_id, createTime, cm, kg) VALUES ('baby51', '2021-08-19 03:59:14', 70.16, 16.49);
INSERT INTO babystate (baby_id, createTime, cm, kg) VALUES ('baby51', '2021-09-13 03:59:14', 70.38, 16.76);
INSERT INTO babystate (baby_id, createTime, cm, kg) VALUES ('baby51', '2021-10-11 03:59:14', 70.72, 16.95);
INSERT INTO babystate (baby_id, createTime, cm, kg) VALUES ('baby51', '2021-11-08 03:59:14', 70.97, 17.14);
INSERT INTO babystate (baby_id, createTime, cm, kg) VALUES ('baby51', '2021-11-19 03:59:14', 71.18, 17.28);
INSERT INTO babystate (baby_id, createTime, cm, kg) VALUES ('baby51', '2021-12-14 03:59:14', 71.59, 17.33);
INSERT INTO babystate (baby_id, createTime, cm, kg) VALUES ('baby51', '2021-12-28 03:59:14', 72.09, 17.47);
INSERT INTO babystate (baby_id, createTime, cm, kg) VALUES ('baby51', '2022-01-25 03:59:14', 72.44, 17.58);
INSERT INTO babystate (baby_id, createTime, cm, kg) VALUES ('baby51', '2022-02-17 03:59:14', 72.77, 17.86);
INSERT INTO babystate (baby_id, createTime, cm, kg) VALUES ('baby51', '2022-03-11 03:59:14', 72.99, 18.07);
INSERT INTO babystate (baby_id, createTime, cm, kg) VALUES ('baby51', '2022-04-06 03:59:14', 73.15, 18.23);
INSERT INTO babystate (baby_id, createTime, cm, kg) VALUES ('baby51', '2022-04-27 03:59:14', 73.28, 18.48);
INSERT INTO babystate (baby_id, createTime, cm, kg) VALUES ('baby51', '2022-05-25 03:59:14', 73.49, 18.65);
INSERT INTO babystate (baby_id, createTime, cm, kg) VALUES ('baby51', '2022-06-24 03:59:14', 73.8, 18.89);
INSERT INTO babystate (baby_id, createTime, cm, kg) VALUES ('baby51', '2022-07-06 03:59:14', 74.26, 18.95);
INSERT INTO babystate (baby_id, createTime, cm, kg) VALUES ('baby51', '2022-07-24 03:59:14', 74.59, 19.06);
INSERT INTO babystate (baby_id, createTime, cm, kg) VALUES ('baby51', '2022-08-14 03:59:14', 74.78, 19.28);
INSERT INTO babystate (baby_id, createTime, cm, kg) VALUES ('baby51', '2022-08-25 03:59:14', 74.9, 19.36);
INSERT INTO babystate (baby_id, createTime, cm, kg) VALUES ('baby51', '2022-09-23 03:59:14', 75.21, 19.62);
INSERT INTO babystate (baby_id, createTime, cm, kg) VALUES ('baby51', '2022-10-08 03:59:14', 75.38, 19.91);
INSERT INTO babystate (baby_id, createTime, cm, kg) VALUES ('baby51', '2022-10-24 03:59:14', 75.69, 19.97);
INSERT INTO babystate (baby_id, createTime, cm, kg) VALUES ('baby51', '2022-11-15 03:59:14', 75.97, 20.12);
INSERT INTO babystate (baby_id, createTime, cm, kg) VALUES ('baby51', '2022-11-25 03:59:14', 76.34, 20.23);
INSERT INTO babystate (baby_id, createTime, cm, kg) VALUES ('baby51', '2022-12-07 03:59:14', 76.69, 20.49);
INSERT INTO babystate (baby_id, createTime, cm, kg) VALUES ('baby51', '2022-12-28 03:59:14', 76.9, 20.68);
INSERT INTO babystate (baby_id, createTime, cm, kg) VALUES ('baby51', '2023-01-20 03:59:14', 77.17, 20.92);
INSERT INTO babystate (baby_id, createTime, cm, kg) VALUES ('baby51', '2023-02-06 03:59:14', 77.44, 21.12);
INSERT INTO babystate (baby_id, createTime, cm, kg) VALUES ('baby51', '2023-02-28 03:59:14', 77.61, 21.31);
INSERT INTO baby (baby_id, obn, name, gender, birthDate, bloodType) VALUES ('baby52', 'obnbaby52', '백태윤', 0, '2017-02-27 09:12:33', 'O');
INSERT INTO babystate (baby_id, createTime, cm, kg) VALUES ('baby52', '2017-03-24 09:12:33', 39.99, 4.63);
INSERT INTO babystate (baby_id, createTime, cm, kg) VALUES ('baby52', '2017-04-19 09:12:33', 40.21, 4.77);
INSERT INTO babystate (baby_id, createTime, cm, kg) VALUES ('baby52', '2017-05-14 09:12:33', 40.66, 5.05);
INSERT INTO babystate (baby_id, createTime, cm, kg) VALUES ('baby52', '2017-05-30 09:12:33', 40.96, 5.16);
INSERT INTO babystate (baby_id, createTime, cm, kg) VALUES ('baby52', '2017-06-11 09:12:33', 41.15, 5.43);
INSERT INTO babystate (baby_id, createTime, cm, kg) VALUES ('baby52', '2017-07-01 09:12:33', 41.35, 5.48);
INSERT INTO babystate (baby_id, createTime, cm, kg) VALUES ('baby52', '2017-07-13 09:12:33', 41.81, 5.55);
INSERT INTO babystate (baby_id, createTime, cm, kg) VALUES ('baby52', '2017-07-30 09:12:33', 41.91, 5.68);
INSERT INTO babystate (baby_id, createTime, cm, kg) VALUES ('baby52', '2017-08-12 09:12:33', 42.09, 5.8);
INSERT INTO babystate (baby_id, createTime, cm, kg) VALUES ('baby52', '2017-08-23 09:12:33', 42.54, 5.96);
INSERT INTO babystate (baby_id, createTime, cm, kg) VALUES ('baby52', '2017-09-22 09:12:33', 42.87, 6.23);
INSERT INTO babystate (baby_id, createTime, cm, kg) VALUES ('baby52', '2017-10-09 09:12:33', 43.36, 6.42);
INSERT INTO babystate (baby_id, createTime, cm, kg) VALUES ('baby52', '2017-10-23 09:12:33', 43.54, 6.53);
INSERT INTO babystate (baby_id, createTime, cm, kg) VALUES ('baby52', '2017-11-06 09:12:33', 44.04, 6.8);
INSERT INTO babystate (baby_id, createTime, cm, kg) VALUES ('baby52', '2017-11-27 09:12:33', 44.51, 6.96);
INSERT INTO babystate (baby_id, createTime, cm, kg) VALUES ('baby52', '2017-12-27 09:12:33', 44.71, 7.04);
INSERT INTO babystate (baby_id, createTime, cm, kg) VALUES ('baby52', '2018-01-10 09:12:33', 45.12, 7.12);
INSERT INTO babystate (baby_id, createTime, cm, kg) VALUES ('baby52', '2018-01-28 09:12:33', 45.44, 7.35);
INSERT INTO babystate (baby_id, createTime, cm, kg) VALUES ('baby52', '2018-02-23 09:12:33', 45.64, 7.46);
INSERT INTO babystate (baby_id, createTime, cm, kg) VALUES ('baby52', '2018-03-08 09:12:33', 45.91, 7.59);
INSERT INTO babystate (baby_id, createTime, cm, kg) VALUES ('baby52', '2018-04-05 09:12:33', 46.21, 7.88);
INSERT INTO babystate (baby_id, createTime, cm, kg) VALUES ('baby52', '2018-04-30 09:12:33', 46.43, 8.09);
INSERT INTO babystate (baby_id, createTime, cm, kg) VALUES ('baby52', '2018-05-21 09:12:33', 46.88, 8.18);
INSERT INTO babystate (baby_id, createTime, cm, kg) VALUES ('baby52', '2018-06-04 09:12:33', 47.17, 8.48);
INSERT INTO babystate (baby_id, createTime, cm, kg) VALUES ('baby52', '2018-07-03 09:12:33', 47.55, 8.61);
INSERT INTO babystate (baby_id, createTime, cm, kg) VALUES ('baby52', '2018-08-02 09:12:33', 47.92, 8.67);
INSERT INTO babystate (baby_id, createTime, cm, kg) VALUES ('baby52', '2018-08-17 09:12:33', 48.37, 8.74);
INSERT INTO babystate (baby_id, createTime, cm, kg) VALUES ('baby52', '2018-09-15 09:12:33', 48.65, 9.0);
INSERT INTO babystate (baby_id, createTime, cm, kg) VALUES ('baby52', '2018-10-15 09:12:33', 48.82, 9.09);
INSERT INTO babystate (baby_id, createTime, cm, kg) VALUES ('baby52', '2018-10-26 09:12:33', 49.29, 9.27);
INSERT INTO babystate (baby_id, createTime, cm, kg) VALUES ('baby52', '2018-11-20 09:12:33', 49.63, 9.49);
INSERT INTO babystate (baby_id, createTime, cm, kg) VALUES ('baby52', '2018-12-16 09:12:33', 50.08, 9.74);
INSERT INTO babystate (baby_id, createTime, cm, kg) VALUES ('baby52', '2019-01-14 09:12:33', 50.34, 9.81);
INSERT INTO babystate (baby_id, createTime, cm, kg) VALUES ('baby52', '2019-02-01 09:12:33', 50.77, 9.99);
INSERT INTO babystate (baby_id, createTime, cm, kg) VALUES ('baby52', '2019-03-03 09:12:33', 50.95, 10.11);
INSERT INTO babystate (baby_id, createTime, cm, kg) VALUES ('baby52', '2019-03-29 09:12:33', 51.15, 10.18);
INSERT INTO babystate (baby_id, createTime, cm, kg) VALUES ('baby52', '2019-04-13 09:12:33', 51.39, 10.33);
INSERT INTO babystate (baby_id, createTime, cm, kg) VALUES ('baby52', '2019-05-03 09:12:33', 51.84, 10.49);
INSERT INTO babystate (baby_id, createTime, cm, kg) VALUES ('baby52', '2019-06-01 09:12:33', 52.07, 10.61);
INSERT INTO babystate (baby_id, createTime, cm, kg) VALUES ('baby52', '2019-06-29 09:12:33', 52.53, 10.74);
INSERT INTO babystate (baby_id, createTime, cm, kg) VALUES ('baby52', '2019-07-09 09:12:33', 52.66, 10.97);
INSERT INTO babystate (baby_id, createTime, cm, kg) VALUES ('baby52', '2019-07-25 09:12:33', 52.83, 11.06);
INSERT INTO babystate (baby_id, createTime, cm, kg) VALUES ('baby52', '2019-08-06 09:12:33', 53.0, 11.25);
INSERT INTO babystate (baby_id, createTime, cm, kg) VALUES ('baby52', '2019-08-31 09:12:33', 53.49, 11.31);
INSERT INTO babystate (baby_id, createTime, cm, kg) VALUES ('baby52', '2019-09-30 09:12:33', 53.7, 11.51);
INSERT INTO babystate (baby_id, createTime, cm, kg) VALUES ('baby52', '2019-10-15 09:12:33', 54.02, 11.74);
INSERT INTO babystate (baby_id, createTime, cm, kg) VALUES ('baby52', '2019-11-11 09:12:33', 54.45, 11.96);
INSERT INTO babystate (baby_id, createTime, cm, kg) VALUES ('baby52', '2019-11-23 09:12:33', 54.69, 12.25);
INSERT INTO babystate (baby_id, createTime, cm, kg) VALUES ('baby52', '2019-12-15 09:12:33', 55.09, 12.32);
INSERT INTO babystate (baby_id, createTime, cm, kg) VALUES ('baby52', '2020-01-13 09:12:33', 55.57, 12.54);
INSERT INTO babystate (baby_id, createTime, cm, kg) VALUES ('baby52', '2020-02-10 09:12:33', 56.04, 12.62);
INSERT INTO babystate (baby_id, createTime, cm, kg) VALUES ('baby52', '2020-03-05 09:12:33', 56.45, 12.73);
INSERT INTO babystate (baby_id, createTime, cm, kg) VALUES ('baby52', '2020-03-16 09:12:33', 56.94, 12.83);
INSERT INTO babystate (baby_id, createTime, cm, kg) VALUES ('baby52', '2020-03-31 09:12:33', 57.3, 12.97);
INSERT INTO babystate (baby_id, createTime, cm, kg) VALUES ('baby52', '2020-04-15 09:12:33', 57.44, 13.17);
INSERT INTO babystate (baby_id, createTime, cm, kg) VALUES ('baby52', '2020-05-06 09:12:33', 57.9, 13.45);
INSERT INTO babystate (baby_id, createTime, cm, kg) VALUES ('baby52', '2020-05-23 09:12:33', 58.12, 13.68);
INSERT INTO babystate (baby_id, createTime, cm, kg) VALUES ('baby52', '2020-06-20 09:12:33', 58.46, 13.85);
INSERT INTO babystate (baby_id, createTime, cm, kg) VALUES ('baby52', '2020-07-05 09:12:33', 58.57, 14.1);
INSERT INTO babystate (baby_id, createTime, cm, kg) VALUES ('baby52', '2020-08-03 09:12:33', 59.04, 14.4);
INSERT INTO babystate (baby_id, createTime, cm, kg) VALUES ('baby52', '2020-08-14 09:12:33', 59.27, 14.64);
INSERT INTO babystate (baby_id, createTime, cm, kg) VALUES ('baby52', '2020-08-26 09:12:33', 59.62, 14.93);
INSERT INTO babystate (baby_id, createTime, cm, kg) VALUES ('baby52', '2020-09-25 09:12:33', 60.08, 15.06);
INSERT INTO babystate (baby_id, createTime, cm, kg) VALUES ('baby52', '2020-10-20 09:12:33', 60.33, 15.2);
INSERT INTO babystate (baby_id, createTime, cm, kg) VALUES ('baby52', '2020-11-13 09:12:33', 60.71, 15.33);
INSERT INTO babystate (baby_id, createTime, cm, kg) VALUES ('baby52', '2020-12-05 09:12:33', 61.12, 15.4);
INSERT INTO babystate (baby_id, createTime, cm, kg) VALUES ('baby52', '2020-12-24 09:12:33', 61.6, 15.51);
INSERT INTO babystate (baby_id, createTime, cm, kg) VALUES ('baby52', '2021-01-18 09:12:33', 61.72, 15.75);
INSERT INTO babystate (baby_id, createTime, cm, kg) VALUES ('baby52', '2021-02-05 09:12:33', 61.86, 16.04);
INSERT INTO babystate (baby_id, createTime, cm, kg) VALUES ('baby52', '2021-02-25 09:12:33', 62.35, 16.2);
INSERT INTO babystate (baby_id, createTime, cm, kg) VALUES ('baby52', '2021-03-17 09:12:33', 62.56, 16.45);
INSERT INTO babystate (baby_id, createTime, cm, kg) VALUES ('baby52', '2021-04-06 09:12:33', 62.99, 16.54);
INSERT INTO babystate (baby_id, createTime, cm, kg) VALUES ('baby52', '2021-04-27 09:12:33', 63.19, 16.76);
INSERT INTO babystate (baby_id, createTime, cm, kg) VALUES ('baby52', '2021-05-11 09:12:33', 63.49, 16.93);
INSERT INTO babystate (baby_id, createTime, cm, kg) VALUES ('baby52', '2021-06-09 09:12:33', 63.93, 17.08);
INSERT INTO babystate (baby_id, createTime, cm, kg) VALUES ('baby52', '2021-06-30 09:12:33', 64.34, 17.23);
INSERT INTO babystate (baby_id, createTime, cm, kg) VALUES ('baby52', '2021-07-27 09:12:33', 64.67, 17.5);
INSERT INTO babystate (baby_id, createTime, cm, kg) VALUES ('baby52', '2021-08-13 09:12:33', 65.07, 17.76);
INSERT INTO babystate (baby_id, createTime, cm, kg) VALUES ('baby52', '2021-08-24 09:12:33', 65.26, 17.93);
INSERT INTO babystate (baby_id, createTime, cm, kg) VALUES ('baby52', '2021-09-09 09:12:33', 65.56, 18.23);
INSERT INTO babystate (baby_id, createTime, cm, kg) VALUES ('baby52', '2021-10-09 09:12:33', 65.83, 18.3);
INSERT INTO babystate (baby_id, createTime, cm, kg) VALUES ('baby52', '2021-11-08 09:12:33', 66.13, 18.54);
INSERT INTO babystate (baby_id, createTime, cm, kg) VALUES ('baby52', '2021-12-02 09:12:33', 66.48, 18.73);
INSERT INTO babystate (baby_id, createTime, cm, kg) VALUES ('baby52', '2021-12-12 09:12:33', 66.77, 18.83);
INSERT INTO babystate (baby_id, createTime, cm, kg) VALUES ('baby52', '2022-01-11 09:12:33', 67.22, 19.02);
INSERT INTO babystate (baby_id, createTime, cm, kg) VALUES ('baby52', '2022-01-29 09:12:33', 67.46, 19.25);
INSERT INTO babystate (baby_id, createTime, cm, kg) VALUES ('baby52', '2022-02-23 09:12:33', 67.82, 19.44);
INSERT INTO babystate (baby_id, createTime, cm, kg) VALUES ('baby52', '2022-03-23 09:12:33', 67.93, 19.61);
INSERT INTO babystate (baby_id, createTime, cm, kg) VALUES ('baby52', '2022-04-21 09:12:33', 68.17, 19.68);
INSERT INTO babystate (baby_id, createTime, cm, kg) VALUES ('baby52', '2022-05-09 09:12:33', 68.44, 19.85);
INSERT INTO babystate (baby_id, createTime, cm, kg) VALUES ('baby52', '2022-05-22 09:12:33', 68.7, 20.1);
INSERT INTO babystate (baby_id, createTime, cm, kg) VALUES ('baby52', '2022-06-14 09:12:33', 68.95, 20.35);
INSERT INTO babystate (baby_id, createTime, cm, kg) VALUES ('baby52', '2022-06-28 09:12:33', 69.38, 20.54);
INSERT INTO babystate (baby_id, createTime, cm, kg) VALUES ('baby52', '2022-07-24 09:12:33', 69.64, 20.68);
INSERT INTO babystate (baby_id, createTime, cm, kg) VALUES ('baby52', '2022-08-05 09:12:33', 69.95, 20.84);
INSERT INTO babystate (baby_id, createTime, cm, kg) VALUES ('baby52', '2022-08-29 09:12:33', 70.18, 20.99);
INSERT INTO babystate (baby_id, createTime, cm, kg) VALUES ('baby52', '2022-09-16 09:12:33', 70.39, 21.07);
INSERT INTO babystate (baby_id, createTime, cm, kg) VALUES ('baby52', '2022-10-07 09:12:33', 70.63, 21.16);
INSERT INTO babystate (baby_id, createTime, cm, kg) VALUES ('baby52', '2022-10-31 09:12:33', 70.95, 21.22);
INSERT INTO babystate (baby_id, createTime, cm, kg) VALUES ('baby52', '2022-11-24 09:12:33', 71.36, 21.5);
INSERT INTO baby (baby_id, obn, name, gender, birthDate, bloodType) VALUES ('baby53', 'obnbaby53', '권준혁', 0, '2017-08-06 00:04:35', 'B');
INSERT INTO babystate (baby_id, createTime, cm, kg) VALUES ('baby53', '2017-09-04 00:04:35', 36.02, 3.53);
INSERT INTO babystate (baby_id, createTime, cm, kg) VALUES ('baby53', '2017-09-29 00:04:35', 36.38, 3.72);
INSERT INTO babystate (baby_id, createTime, cm, kg) VALUES ('baby53', '2017-10-14 00:04:35', 36.76, 3.99);
INSERT INTO babystate (baby_id, createTime, cm, kg) VALUES ('baby53', '2017-10-24 00:04:35', 37.02, 4.23);
INSERT INTO babystate (baby_id, createTime, cm, kg) VALUES ('baby53', '2017-11-06 00:04:35', 37.14, 4.33);
INSERT INTO babystate (baby_id, createTime, cm, kg) VALUES ('baby53', '2017-12-06 00:04:35', 37.44, 4.51);
INSERT INTO babystate (baby_id, createTime, cm, kg) VALUES ('baby53', '2017-12-28 00:04:35', 37.92, 4.71);
INSERT INTO babystate (baby_id, createTime, cm, kg) VALUES ('baby53', '2018-01-19 00:04:35', 38.03, 4.85);
INSERT INTO babystate (baby_id, createTime, cm, kg) VALUES ('baby53', '2018-02-05 00:04:35', 38.35, 5.01);
INSERT INTO babystate (baby_id, createTime, cm, kg) VALUES ('baby53', '2018-02-20 00:04:35', 38.49, 5.14);
INSERT INTO babystate (baby_id, createTime, cm, kg) VALUES ('baby53', '2018-03-13 00:04:35', 38.61, 5.23);
INSERT INTO babystate (baby_id, createTime, cm, kg) VALUES ('baby53', '2018-03-29 00:04:35', 38.95, 5.45);
INSERT INTO babystate (baby_id, createTime, cm, kg) VALUES ('baby53', '2018-04-25 00:04:35', 39.28, 5.5);
INSERT INTO babystate (baby_id, createTime, cm, kg) VALUES ('baby53', '2018-05-16 00:04:35', 39.39, 5.65);
INSERT INTO babystate (baby_id, createTime, cm, kg) VALUES ('baby53', '2018-05-31 00:04:35', 39.72, 5.86);
INSERT INTO babystate (baby_id, createTime, cm, kg) VALUES ('baby53', '2018-06-22 00:04:35', 40.17, 6.05);
INSERT INTO babystate (baby_id, createTime, cm, kg) VALUES ('baby53', '2018-07-08 00:04:35', 40.3, 6.33);
INSERT INTO babystate (baby_id, createTime, cm, kg) VALUES ('baby53', '2018-08-04 00:04:35', 40.52, 6.42);
INSERT INTO babystate (baby_id, createTime, cm, kg) VALUES ('baby53', '2018-08-25 00:04:35', 40.63, 6.62);
INSERT INTO babystate (baby_id, createTime, cm, kg) VALUES ('baby53', '2018-09-12 00:04:35', 40.97, 6.69);
INSERT INTO babystate (baby_id, createTime, cm, kg) VALUES ('baby53', '2018-10-05 00:04:35', 41.09, 6.81);
INSERT INTO babystate (baby_id, createTime, cm, kg) VALUES ('baby53', '2018-10-15 00:04:35', 41.54, 7.05);
INSERT INTO babystate (baby_id, createTime, cm, kg) VALUES ('baby53', '2018-11-02 00:04:35', 41.98, 7.21);
INSERT INTO babystate (baby_id, createTime, cm, kg) VALUES ('baby53', '2018-11-24 00:04:35', 42.17, 7.37);
INSERT INTO babystate (baby_id, createTime, cm, kg) VALUES ('baby53', '2018-12-19 00:04:35', 42.34, 7.59);
INSERT INTO babystate (baby_id, createTime, cm, kg) VALUES ('baby53', '2019-01-18 00:04:35', 42.56, 7.65);
INSERT INTO babystate (baby_id, createTime, cm, kg) VALUES ('baby53', '2019-01-31 00:04:35', 42.85, 7.82);
INSERT INTO babystate (baby_id, createTime, cm, kg) VALUES ('baby53', '2019-02-23 00:04:35', 43.02, 8.1);
INSERT INTO babystate (baby_id, createTime, cm, kg) VALUES ('baby53', '2019-03-14 00:04:35', 43.47, 8.28);
INSERT INTO babystate (baby_id, createTime, cm, kg) VALUES ('baby53', '2019-03-30 00:04:35', 43.71, 8.39);
INSERT INTO babystate (baby_id, createTime, cm, kg) VALUES ('baby53', '2019-04-13 00:04:35', 44.0, 8.61);
INSERT INTO babystate (baby_id, createTime, cm, kg) VALUES ('baby53', '2019-05-03 00:04:35', 44.37, 8.79);
INSERT INTO babystate (baby_id, createTime, cm, kg) VALUES ('baby53', '2019-05-22 00:04:35', 44.69, 9.0);
INSERT INTO babystate (baby_id, createTime, cm, kg) VALUES ('baby53', '2019-06-03 00:04:35', 45.12, 9.23);
INSERT INTO babystate (baby_id, createTime, cm, kg) VALUES ('baby53', '2019-06-29 00:04:35', 45.23, 9.29);
INSERT INTO babystate (baby_id, createTime, cm, kg) VALUES ('baby53', '2019-07-26 00:04:35', 45.39, 9.5);
INSERT INTO babystate (baby_id, createTime, cm, kg) VALUES ('baby53', '2019-08-18 00:04:35', 45.68, 9.79);
INSERT INTO babystate (baby_id, createTime, cm, kg) VALUES ('baby53', '2019-09-16 00:04:35', 46.16, 9.93);
INSERT INTO babystate (baby_id, createTime, cm, kg) VALUES ('baby53', '2019-09-27 00:04:35', 46.48, 10.19);
INSERT INTO babystate (baby_id, createTime, cm, kg) VALUES ('baby53', '2019-10-23 00:04:35', 46.74, 10.43);
INSERT INTO babystate (baby_id, createTime, cm, kg) VALUES ('baby53', '2019-11-14 00:04:35', 46.93, 10.48);
INSERT INTO babystate (baby_id, createTime, cm, kg) VALUES ('baby53', '2019-11-29 00:04:35', 47.08, 10.75);
INSERT INTO babystate (baby_id, createTime, cm, kg) VALUES ('baby53', '2019-12-11 00:04:35', 47.3, 11.04);
INSERT INTO babystate (baby_id, createTime, cm, kg) VALUES ('baby53', '2020-01-08 00:04:35', 47.71, 11.12);
INSERT INTO babystate (baby_id, createTime, cm, kg) VALUES ('baby53', '2020-01-21 00:04:35', 48.03, 11.28);
INSERT INTO babystate (baby_id, createTime, cm, kg) VALUES ('baby53', '2020-02-13 00:04:35', 48.34, 11.41);
INSERT INTO babystate (baby_id, createTime, cm, kg) VALUES ('baby53', '2020-02-27 00:04:35', 48.71, 11.55);
INSERT INTO babystate (baby_id, createTime, cm, kg) VALUES ('baby53', '2020-03-18 00:04:35', 48.85, 11.84);
INSERT INTO babystate (baby_id, createTime, cm, kg) VALUES ('baby53', '2020-04-12 00:04:35', 48.98, 12.09);
INSERT INTO babystate (baby_id, createTime, cm, kg) VALUES ('baby53', '2020-04-29 00:04:35', 49.26, 12.38);
INSERT INTO babystate (baby_id, createTime, cm, kg) VALUES ('baby53', '2020-05-21 00:04:35', 49.51, 12.61);
INSERT INTO babystate (baby_id, createTime, cm, kg) VALUES ('baby53', '2020-06-16 00:04:35', 49.95, 12.76);
INSERT INTO babystate (baby_id, createTime, cm, kg) VALUES ('baby53', '2020-07-12 00:04:35', 50.37, 12.88);
INSERT INTO babystate (baby_id, createTime, cm, kg) VALUES ('baby53', '2020-07-30 00:04:35', 50.76, 12.94);
INSERT INTO babystate (baby_id, createTime, cm, kg) VALUES ('baby53', '2020-08-09 00:04:35', 51.09, 13.02);
INSERT INTO babystate (baby_id, createTime, cm, kg) VALUES ('baby53', '2020-08-29 00:04:35', 51.27, 13.23);
INSERT INTO babystate (baby_id, createTime, cm, kg) VALUES ('baby53', '2020-09-24 00:04:35', 51.55, 13.3);
INSERT INTO babystate (baby_id, createTime, cm, kg) VALUES ('baby53', '2020-10-14 00:04:35', 51.82, 13.42);
INSERT INTO babystate (baby_id, createTime, cm, kg) VALUES ('baby53', '2020-11-01 00:04:35', 52.29, 13.52);
INSERT INTO babystate (baby_id, createTime, cm, kg) VALUES ('baby53', '2020-11-12 00:04:35', 52.71, 13.71);
INSERT INTO babystate (baby_id, createTime, cm, kg) VALUES ('baby53', '2020-12-08 00:04:35', 53.02, 13.85);
INSERT INTO babystate (baby_id, createTime, cm, kg) VALUES ('baby53', '2021-01-02 00:04:35', 53.15, 14.1);
INSERT INTO babystate (baby_id, createTime, cm, kg) VALUES ('baby53', '2021-01-12 00:04:35', 53.39, 14.17);
INSERT INTO babystate (baby_id, createTime, cm, kg) VALUES ('baby53', '2021-02-08 00:04:35', 53.58, 14.34);
INSERT INTO babystate (baby_id, createTime, cm, kg) VALUES ('baby53', '2021-02-28 00:04:35', 54.03, 14.57);
INSERT INTO babystate (baby_id, createTime, cm, kg) VALUES ('baby53', '2021-03-15 00:04:35', 54.17, 14.63);
INSERT INTO babystate (baby_id, createTime, cm, kg) VALUES ('baby53', '2021-03-29 00:04:35', 54.29, 14.84);
INSERT INTO babystate (baby_id, createTime, cm, kg) VALUES ('baby53', '2021-04-11 00:04:35', 54.6, 15.1);
INSERT INTO babystate (baby_id, createTime, cm, kg) VALUES ('baby53', '2021-04-24 00:04:35', 54.82, 15.34);
INSERT INTO babystate (baby_id, createTime, cm, kg) VALUES ('baby53', '2021-05-05 00:04:35', 54.94, 15.63);
INSERT INTO babystate (baby_id, createTime, cm, kg) VALUES ('baby53', '2021-05-25 00:04:35', 55.19, 15.73);
INSERT INTO babystate (baby_id, createTime, cm, kg) VALUES ('baby53', '2021-06-23 00:04:35', 55.61, 15.85);
INSERT INTO babystate (baby_id, createTime, cm, kg) VALUES ('baby53', '2021-07-09 00:04:35', 55.79, 15.99);
INSERT INTO babystate (baby_id, createTime, cm, kg) VALUES ('baby53', '2021-07-26 00:04:35', 56.04, 16.21);
INSERT INTO babystate (baby_id, createTime, cm, kg) VALUES ('baby53', '2021-08-14 00:04:35', 56.25, 16.39);
INSERT INTO babystate (baby_id, createTime, cm, kg) VALUES ('baby53', '2021-09-11 00:04:35', 56.51, 16.63);
INSERT INTO babystate (baby_id, createTime, cm, kg) VALUES ('baby53', '2021-09-21 00:04:35', 56.76, 16.83);
INSERT INTO babystate (baby_id, createTime, cm, kg) VALUES ('baby53', '2021-10-13 00:04:35', 56.95, 16.89);
INSERT INTO babystate (baby_id, createTime, cm, kg) VALUES ('baby53', '2021-11-08 00:04:35', 57.1, 17.03);
INSERT INTO babystate (baby_id, createTime, cm, kg) VALUES ('baby53', '2021-11-23 00:04:35', 57.37, 17.12);
INSERT INTO babystate (baby_id, createTime, cm, kg) VALUES ('baby53', '2021-12-18 00:04:35', 57.55, 17.27);
INSERT INTO babystate (baby_id, createTime, cm, kg) VALUES ('baby53', '2021-12-28 00:04:35', 57.76, 17.54);
INSERT INTO babystate (baby_id, createTime, cm, kg) VALUES ('baby53', '2022-01-07 00:04:35', 57.87, 17.65);
INSERT INTO babystate (baby_id, createTime, cm, kg) VALUES ('baby53', '2022-02-02 00:04:35', 58.16, 17.9);
INSERT INTO babystate (baby_id, createTime, cm, kg) VALUES ('baby53', '2022-03-03 00:04:35', 58.27, 18.05);
INSERT INTO babystate (baby_id, createTime, cm, kg) VALUES ('baby53', '2022-03-14 00:04:35', 58.63, 18.34);
INSERT INTO babystate (baby_id, createTime, cm, kg) VALUES ('baby53', '2022-04-10 00:04:35', 58.77, 18.48);
INSERT INTO babystate (baby_id, createTime, cm, kg) VALUES ('baby53', '2022-04-28 00:04:35', 59.13, 18.64);
INSERT INTO babystate (baby_id, createTime, cm, kg) VALUES ('baby53', '2022-05-21 00:04:35', 59.47, 18.71);
INSERT INTO babystate (baby_id, createTime, cm, kg) VALUES ('baby53', '2022-06-15 00:04:35', 59.91, 18.99);
INSERT INTO babystate (baby_id, createTime, cm, kg) VALUES ('baby53', '2022-07-03 00:04:35', 60.33, 19.22);
INSERT INTO babystate (baby_id, createTime, cm, kg) VALUES ('baby53', '2022-07-31 00:04:35', 60.63, 19.35);
INSERT INTO babystate (baby_id, createTime, cm, kg) VALUES ('baby53', '2022-08-24 00:04:35', 60.83, 19.57);
INSERT INTO babystate (baby_id, createTime, cm, kg) VALUES ('baby53', '2022-09-06 00:04:35', 61.07, 19.85);
INSERT INTO babystate (baby_id, createTime, cm, kg) VALUES ('baby53', '2022-09-29 00:04:35', 61.27, 19.99);
INSERT INTO babystate (baby_id, createTime, cm, kg) VALUES ('baby53', '2022-10-19 00:04:35', 61.71, 20.15);
INSERT INTO babystate (baby_id, createTime, cm, kg) VALUES ('baby53', '2022-11-16 00:04:35', 62.06, 20.37);
INSERT INTO babystate (baby_id, createTime, cm, kg) VALUES ('baby53', '2022-12-08 00:04:35', 62.34, 20.47);
INSERT INTO babystate (baby_id, createTime, cm, kg) VALUES ('baby53', '2023-01-05 00:04:35', 62.7, 20.7);
INSERT INTO babystate (baby_id, createTime, cm, kg) VALUES ('baby53', '2023-02-02 00:04:35', 63.19, 20.81);