INSERT INTO parent (parent_id, password, email, name, nickname, gender, signInMethod, emailVerified) VALUES ('parent1', 'password1', 'jane31@example.com', '김철수', '아크하드', 1, 'email', TRUE);
INSERT INTO post (post_id, parent_id, reveal, title, createTime) VALUES (11, 'parent1', 1, 'Post Title 11', '2014-07-24 21:07:54');
INSERT INTO post (post_id, parent_id, reveal, title, createTime) VALUES (12, 'parent1', 1, 'Post Title 12', '2014-09-30 21:07:54');
INSERT INTO post (post_id, parent_id, reveal, title, createTime) VALUES (13, 'parent1', 1, 'Post Title 13', '2014-08-21 21:07:54');
INSERT INTO post (post_id, parent_id, reveal, title, createTime) VALUES (14, 'parent1', 1, 'Post Title 14', '2014-08-24 21:07:54');
INSERT INTO post (post_id, parent_id, reveal, title, createTime) VALUES (15, 'parent1', 1, 'Post Title 15', '2014-08-23 21:07:54');
INSERT INTO parent (parent_id, password, email, name, nickname, gender, signInMethod, emailVerified) VALUES ('parent2', 'password2', 'jane96@example.com', '김근언', '자이언트', 1, 'email', TRUE);
INSERT INTO post (post_id, parent_id, reveal, title, createTime) VALUES (21, 'parent2', 1, 'Post Title 21', '2011-10-21 22:29:06');
INSERT INTO post (post_id, parent_id, reveal, title, createTime) VALUES (22, 'parent2', 1, 'Post Title 22', '2011-11-20 22:29:06');
INSERT INTO post (post_id, parent_id, reveal, title, createTime) VALUES (23, 'parent2', 1, 'Post Title 23', '2011-10-08 22:29:06');
INSERT INTO post (post_id, parent_id, reveal, title, createTime) VALUES (24, 'parent2', 1, 'Post Title 24', '2011-11-14 22:29:06');
INSERT INTO post (post_id, parent_id, reveal, title, createTime) VALUES (25, 'parent2', 1, 'Post Title 25', '2011-11-04 22:29:06');
INSERT INTO parent (parent_id, password, email, name, nickname, gender, signInMethod, emailVerified) VALUES ('parent3', 'password3', 'andrew22@example.com', '이정원', '질리탄', 1, 'email', TRUE);
INSERT INTO post (post_id, parent_id, reveal, title, createTime) VALUES (31, 'parent3', 1, 'Post Title 31', '2019-09-09 23:20:00');
INSERT INTO post (post_id, parent_id, reveal, title, createTime) VALUES (32, 'parent3', 1, 'Post Title 32', '2019-10-08 23:20:00');
INSERT INTO post (post_id, parent_id, reveal, title, createTime) VALUES (33, 'parent3', 1, 'Post Title 33', '2019-10-09 23:20:00');
INSERT INTO post (post_id, parent_id, reveal, title, createTime) VALUES (34, 'parent3', 1, 'Post Title 34', '2019-08-24 23:20:00');
INSERT INTO post (post_id, parent_id, reveal, title, createTime) VALUES (35, 'parent3', 1, 'Post Title 35', '2019-09-23 23:20:00');
INSERT INTO parent (parent_id, password, email, name, nickname, gender, signInMethod, emailVerified) VALUES ('parent4', 'password4', 'amelia53@example.com', '장윤정', '대상혁', 0, 'email', TRUE);
INSERT INTO post (post_id, parent_id, reveal, title, createTime) VALUES (41, 'parent4', 1, 'Post Title 41', '2015-05-21 16:39:17');
INSERT INTO post (post_id, parent_id, reveal, title, createTime) VALUES (42, 'parent4', 1, 'Post Title 42', '2015-06-28 16:39:17');
INSERT INTO post (post_id, parent_id, reveal, title, createTime) VALUES (43, 'parent4', 1, 'Post Title 43', '2015-05-27 16:39:17');
INSERT INTO post (post_id, parent_id, reveal, title, createTime) VALUES (44, 'parent4', 1, 'Post Title 44', '2015-05-24 16:39:17');
INSERT INTO post (post_id, parent_id, reveal, title, createTime) VALUES (45, 'parent4', 1, 'Post Title 45', '2015-07-28 16:39:17');
INSERT INTO parent (parent_id, password, email, name, nickname, gender, signInMethod, emailVerified) VALUES ('parent5', 'password5', 'sophia67@example.com', '정다운', '뭐에유', 0, 'email', TRUE);
INSERT INTO post (post_id, parent_id, reveal, title, createTime) VALUES (51, 'parent5', 1, 'Post Title 51', '2013-01-13 14:45:15');
INSERT INTO post (post_id, parent_id, reveal, title, createTime) VALUES (52, 'parent5', 1, 'Post Title 52', '2013-01-21 14:45:15');
INSERT INTO post (post_id, parent_id, reveal, title, createTime) VALUES (53, 'parent5', 1, 'Post Title 53', '2013-01-01 14:45:15');
INSERT INTO post (post_id, parent_id, reveal, title, createTime) VALUES (54, 'parent5', 1, 'Post Title 54', '2012-11-19 14:45:15');
INSERT INTO post (post_id, parent_id, reveal, title, createTime) VALUES (55, 'parent5', 1, 'Post Title 55', '2012-12-25 14:45:15');
INSERT INTO baby (baby_id, obn, name, gender, birthDate, bloodType) VALUES ('baby11', 'obnbaby11', '이서준', 1, '2017-02-25 08:20:33', ' O+');
INSERT INTO babystate (baby_id, createTime, cm, kg) VALUES ('baby11', '2017-03-07 10:42:57', 40.41, 4.21);
INSERT INTO babystate (baby_id, createTime, cm, kg) VALUES ('baby11', '2017-03-19 11:45:42', 40.74, 4.48);
INSERT INTO babystate (baby_id, createTime, cm, kg) VALUES ('baby11', '2017-03-24 14:01:37', 41.19, 4.74);
INSERT INTO babystate (baby_id, createTime, cm, kg) VALUES ('baby11', '2017-04-05 14:42:53', 41.48, 4.93);
INSERT INTO babystate (baby_id, createTime, cm, kg) VALUES ('baby11', '2017-04-10 18:32:56', 41.78, 5.13);
INSERT INTO babystate (baby_id, createTime, cm, kg) VALUES ('baby11', '2017-04-21 20:54:54', 42.0, 5.42);
INSERT INTO babystate (baby_id, createTime, cm, kg) VALUES ('baby11', '2017-05-01 23:36:36', 42.38, 5.61);
INSERT INTO babystate (baby_id, createTime, cm, kg) VALUES ('baby11', '2017-05-07 03:31:04', 42.7, 5.69);
INSERT INTO babystate (baby_id, createTime, cm, kg) VALUES ('baby11', '2017-05-14 04:58:17', 43.09, 5.76);
INSERT INTO babystate (baby_id, createTime, cm, kg) VALUES ('baby11', '2017-05-20 08:30:05', 43.23, 5.83);
INSERT INTO babystate (baby_id, createTime, cm, kg) VALUES ('baby11', '2017-05-28 09:56:46', 43.42, 5.99);
INSERT INTO babystate (baby_id, createTime, cm, kg) VALUES ('baby11', '2017-06-04 13:37:57', 43.55, 6.05);
INSERT INTO babystate (baby_id, createTime, cm, kg) VALUES ('baby11', '2017-06-16 16:18:19', 43.72, 6.35);
INSERT INTO babystate (baby_id, createTime, cm, kg) VALUES ('baby11', '2017-06-22 18:25:10', 43.9, 6.55);
INSERT INTO babystate (baby_id, createTime, cm, kg) VALUES ('baby11', '2017-06-27 20:34:26', 44.35, 6.81);
INSERT INTO babystate (baby_id, createTime, cm, kg) VALUES ('baby11', '2017-07-03 23:42:11', 44.47, 7.03);
INSERT INTO babystate (baby_id, createTime, cm, kg) VALUES ('baby11', '2017-07-11 01:17:30', 44.64, 7.31);
INSERT INTO babystate (baby_id, createTime, cm, kg) VALUES ('baby11', '2017-07-18 02:16:41', 45.09, 7.44);
INSERT INTO babystate (baby_id, createTime, cm, kg) VALUES ('baby11', '2017-07-25 05:39:37', 45.28, 7.61);
INSERT INTO babystate (baby_id, createTime, cm, kg) VALUES ('baby11', '2017-08-04 06:22:15', 45.77, 7.81);
INSERT INTO babystate (baby_id, createTime, cm, kg) VALUES ('baby11', '2017-08-14 07:22:49', 46.16, 8.04);
INSERT INTO babystate (baby_id, createTime, cm, kg) VALUES ('baby11', '2017-08-22 11:03:14', 46.62, 8.12);
INSERT INTO babystate (baby_id, createTime, cm, kg) VALUES ('baby11', '2017-08-28 13:44:53', 47.01, 8.41);
INSERT INTO babystate (baby_id, createTime, cm, kg) VALUES ('baby11', '2017-09-07 14:23:55', 47.16, 8.69);
INSERT INTO babystate (baby_id, createTime, cm, kg) VALUES ('baby11', '2017-09-19 17:22:44', 47.37, 8.94);
INSERT INTO babystate (baby_id, createTime, cm, kg) VALUES ('baby11', '2017-09-28 19:06:49', 47.65, 9.08);
INSERT INTO babystate (baby_id, createTime, cm, kg) VALUES ('baby11', '2017-10-09 21:55:05', 48.05, 9.3);
INSERT INTO babystate (baby_id, createTime, cm, kg) VALUES ('baby11', '2017-10-18 00:45:59', 48.26, 9.37);
INSERT INTO babystate (baby_id, createTime, cm, kg) VALUES ('baby11', '2017-10-27 01:49:43', 48.75, 9.66);
INSERT INTO babystate (baby_id, createTime, cm, kg) VALUES ('baby11', '2017-11-04 05:36:48', 49.03, 9.96);
INSERT INTO babystate (baby_id, createTime, cm, kg) VALUES ('baby11', '2017-11-11 07:42:23', 49.51, 10.13);
INSERT INTO babystate (baby_id, createTime, cm, kg) VALUES ('baby11', '2017-11-18 08:00:34', 49.68, 10.35);
INSERT INTO babystate (baby_id, createTime, cm, kg) VALUES ('baby11', '2017-11-30 09:39:14', 49.97, 10.49);
INSERT INTO babystate (baby_id, createTime, cm, kg) VALUES ('baby11', '2017-12-09 10:08:08', 50.16, 10.63);
INSERT INTO babystate (baby_id, createTime, cm, kg) VALUES ('baby11', '2017-12-17 11:36:16', 50.47, 10.77);
INSERT INTO babystate (baby_id, createTime, cm, kg) VALUES ('baby11', '2017-12-28 12:47:19', 50.7, 10.93);
INSERT INTO babystate (baby_id, createTime, cm, kg) VALUES ('baby11', '2018-01-04 16:42:33', 50.92, 11.11);
INSERT INTO babystate (baby_id, createTime, cm, kg) VALUES ('baby11', '2018-01-10 18:50:15', 51.17, 11.2);
INSERT INTO babystate (baby_id, createTime, cm, kg) VALUES ('baby11', '2018-01-17 19:20:51', 51.34, 11.29);
INSERT INTO babystate (baby_id, createTime, cm, kg) VALUES ('baby11', '2018-01-23 21:12:58', 51.6, 11.47);
INSERT INTO babystate (baby_id, createTime, cm, kg) VALUES ('baby11', '2018-02-03 23:15:32', 51.76, 11.54);
INSERT INTO babystate (baby_id, createTime, cm, kg) VALUES ('baby11', '2018-02-14 02:41:10', 52.13, 11.72);
INSERT INTO babystate (baby_id, createTime, cm, kg) VALUES ('baby11', '2018-02-25 03:03:02', 52.56, 11.91);
INSERT INTO babystate (baby_id, createTime, cm, kg) VALUES ('baby11', '2018-03-05 04:23:03', 52.87, 12.16);
INSERT INTO babystate (baby_id, createTime, cm, kg) VALUES ('baby11', '2018-03-10 07:18:05', 53.16, 12.35);
INSERT INTO babystate (baby_id, createTime, cm, kg) VALUES ('baby11', '2018-03-21 10:18:41', 53.58, 12.53);
INSERT INTO babystate (baby_id, createTime, cm, kg) VALUES ('baby11', '2018-03-30 11:55:28', 53.97, 12.69);
INSERT INTO babystate (baby_id, createTime, cm, kg) VALUES ('baby11', '2018-04-10 15:34:02', 54.25, 12.89);
INSERT INTO babystate (baby_id, createTime, cm, kg) VALUES ('baby11', '2018-04-22 18:23:43', 54.39, 13.05);
INSERT INTO babystate (baby_id, createTime, cm, kg) VALUES ('baby11', '2018-05-01 20:23:00', 54.88, 13.25);
INSERT INTO babystate (baby_id, createTime, cm, kg) VALUES ('baby11', '2018-05-13 20:37:57', 55.05, 13.35);
INSERT INTO babystate (baby_id, createTime, cm, kg) VALUES ('baby11', '2018-05-19 22:03:00', 55.22, 13.61);
INSERT INTO babystate (baby_id, createTime, cm, kg) VALUES ('baby11', '2018-05-27 01:34:03', 55.62, 13.69);
INSERT INTO babystate (baby_id, createTime, cm, kg) VALUES ('baby11', '2018-06-08 03:18:03', 55.84, 13.94);
INSERT INTO babystate (baby_id, createTime, cm, kg) VALUES ('baby11', '2018-06-14 04:33:43', 56.32, 14.0);
INSERT INTO babystate (baby_id, createTime, cm, kg) VALUES ('baby11', '2018-06-24 05:14:10', 56.47, 14.11);
INSERT INTO babystate (baby_id, createTime, cm, kg) VALUES ('baby11', '2018-07-05 08:46:21', 56.96, 14.26);
INSERT INTO babystate (baby_id, createTime, cm, kg) VALUES ('baby11', '2018-07-14 10:50:44', 57.27, 14.5);
INSERT INTO babystate (baby_id, createTime, cm, kg) VALUES ('baby11', '2018-07-26 11:15:26', 57.62, 14.78);
INSERT INTO babystate (baby_id, createTime, cm, kg) VALUES ('baby11', '2018-08-02 11:59:50', 57.85, 14.86);
INSERT INTO babystate (baby_id, createTime, cm, kg) VALUES ('baby11', '2018-08-13 14:22:51', 58.12, 15.04);
INSERT INTO babystate (baby_id, createTime, cm, kg) VALUES ('baby11', '2018-08-23 15:09:02', 58.51, 15.13);
INSERT INTO babystate (baby_id, createTime, cm, kg) VALUES ('baby11', '2018-09-02 16:32:31', 58.86, 15.3);
INSERT INTO babystate (baby_id, createTime, cm, kg) VALUES ('baby11', '2018-09-09 20:29:07', 59.03, 15.43);
INSERT INTO babystate (baby_id, createTime, cm, kg) VALUES ('baby11', '2018-09-19 23:34:33', 59.36, 15.69);
INSERT INTO babystate (baby_id, createTime, cm, kg) VALUES ('baby11', '2018-09-28 01:23:35', 59.66, 15.95);
INSERT INTO babystate (baby_id, createTime, cm, kg) VALUES ('baby11', '2018-10-06 02:17:56', 60.15, 16.06);
INSERT INTO babystate (baby_id, createTime, cm, kg) VALUES ('baby11', '2018-10-16 03:39:25', 60.48, 16.36);
INSERT INTO babystate (baby_id, createTime, cm, kg) VALUES ('baby11', '2018-10-27 07:07:04', 60.68, 16.43);
INSERT INTO babystate (baby_id, createTime, cm, kg) VALUES ('baby11', '2018-11-07 08:12:45', 60.88, 16.6);
INSERT INTO babystate (baby_id, createTime, cm, kg) VALUES ('baby11', '2018-11-17 11:36:57', 61.09, 16.86);
INSERT INTO babystate (baby_id, createTime, cm, kg) VALUES ('baby11', '2018-11-23 14:37:36', 61.53, 16.99);
INSERT INTO babystate (baby_id, createTime, cm, kg) VALUES ('baby11', '2018-12-01 18:20:43', 61.78, 17.28);
INSERT INTO babystate (baby_id, createTime, cm, kg) VALUES ('baby11', '2018-12-12 19:03:46', 62.02, 17.55);
INSERT INTO babystate (baby_id, createTime, cm, kg) VALUES ('baby11', '2018-12-22 20:59:09', 62.2, 17.63);
INSERT INTO babystate (baby_id, createTime, cm, kg) VALUES ('baby11', '2018-12-27 21:34:50', 62.48, 17.81);
INSERT INTO babystate (baby_id, createTime, cm, kg) VALUES ('baby11', '2019-01-02 22:29:07', 62.91, 18.06);
INSERT INTO babystate (baby_id, createTime, cm, kg) VALUES ('baby11', '2019-01-08 00:48:22', 63.25, 18.15);
INSERT INTO babystate (baby_id, createTime, cm, kg) VALUES ('baby11', '2019-01-13 01:12:03', 63.7, 18.4);
INSERT INTO babystate (baby_id, createTime, cm, kg) VALUES ('baby11', '2019-01-24 04:45:36', 64.14, 18.61);
INSERT INTO babystate (baby_id, createTime, cm, kg) VALUES ('baby11', '2019-01-29 07:18:17', 64.56, 18.66);
INSERT INTO babystate (baby_id, createTime, cm, kg) VALUES ('baby11', '2019-02-10 09:37:24', 64.96, 18.83);
INSERT INTO babystate (baby_id, createTime, cm, kg) VALUES ('baby11', '2019-02-17 11:03:32', 65.42, 19.12);
INSERT INTO babystate (baby_id, createTime, cm, kg) VALUES ('baby11', '2019-02-22 12:40:48', 65.66, 19.4);
INSERT INTO babystate (baby_id, createTime, cm, kg) VALUES ('baby11', '2019-03-05 16:00:06', 66.15, 19.46);
INSERT INTO babystate (baby_id, createTime, cm, kg) VALUES ('baby11', '2019-03-16 19:38:50', 66.26, 19.56);
INSERT INTO babystate (baby_id, createTime, cm, kg) VALUES ('baby11', '2019-03-22 22:11:46', 66.45, 19.66);
INSERT INTO babystate (baby_id, createTime, cm, kg) VALUES ('baby11', '2019-03-30 01:38:13', 66.62, 19.89);
INSERT INTO babystate (baby_id, createTime, cm, kg) VALUES ('baby11', '2019-04-10 03:54:26', 67.0, 20.0);
INSERT INTO babystate (baby_id, createTime, cm, kg) VALUES ('baby11', '2019-04-17 07:00:33', 67.38, 20.21);
INSERT INTO babystate (baby_id, createTime, cm, kg) VALUES ('baby11', '2019-04-29 09:18:12', 67.81, 20.33);
INSERT INTO babystate (baby_id, createTime, cm, kg) VALUES ('baby11', '2019-05-05 09:51:34', 68.03, 20.49);
INSERT INTO babystate (baby_id, createTime, cm, kg) VALUES ('baby11', '2019-05-14 11:33:24', 68.23, 20.7);
INSERT INTO babystate (baby_id, createTime, cm, kg) VALUES ('baby11', '2019-05-19 14:58:29', 68.35, 20.82);
INSERT INTO babystate (baby_id, createTime, cm, kg) VALUES ('baby11', '2019-05-30 15:34:07', 68.53, 20.91);
INSERT INTO babystate (baby_id, createTime, cm, kg) VALUES ('baby11', '2019-06-10 15:55:13', 68.95, 21.1);
INSERT INTO babystate (baby_id, createTime, cm, kg) VALUES ('baby11', '2019-06-17 18:06:18', 69.25, 21.31);
INSERT INTO babystate (baby_id, createTime, cm, kg) VALUES ('baby11', '2019-06-28 20:55:26', 69.37, 21.57);
INSERT INTO babystate (baby_id, createTime, cm, kg) VALUES ('baby11', '2019-07-08 23:54:36', 69.65, 21.74);
INSERT INTO babystate (baby_id, createTime, cm, kg) VALUES ('baby11', '2019-07-16 03:53:02', 69.89, 21.91);
INSERT INTO baby (baby_id, obn, name, gender, birthDate, bloodType) VALUES ('baby12', 'obnbaby12', '김하율', 0, '2015-02-12 04:01:20', 'AB-');
INSERT INTO babystate (baby_id, createTime, cm, kg) VALUES ('baby12', '2015-02-23 05:45:02', 45.22, 3.98);
INSERT INTO babystate (baby_id, createTime, cm, kg) VALUES ('baby12', '2015-03-07 07:36:55', 45.34, 4.28);
INSERT INTO babystate (baby_id, createTime, cm, kg) VALUES ('baby12', '2015-03-12 10:10:19', 45.84, 4.55);
INSERT INTO babystate (baby_id, createTime, cm, kg) VALUES ('baby12', '2015-03-24 13:32:50', 46.04, 4.73);
INSERT INTO babystate (baby_id, createTime, cm, kg) VALUES ('baby12', '2015-04-05 16:22:03', 46.22, 4.88);
INSERT INTO babystate (baby_id, createTime, cm, kg) VALUES ('baby12', '2015-04-10 20:20:02', 46.6, 4.99);
INSERT INTO babystate (baby_id, createTime, cm, kg) VALUES ('baby12', '2015-04-21 20:34:22', 47.01, 5.17);
INSERT INTO babystate (baby_id, createTime, cm, kg) VALUES ('baby12', '2015-05-03 22:24:30', 47.33, 5.26);
INSERT INTO babystate (baby_id, createTime, cm, kg) VALUES ('baby12', '2015-05-16 00:18:53', 47.83, 5.39);
INSERT INTO babystate (baby_id, createTime, cm, kg) VALUES ('baby12', '2015-05-28 04:15:02', 48.04, 5.57);
INSERT INTO babystate (baby_id, createTime, cm, kg) VALUES ('baby12', '2015-06-07 06:28:06', 48.42, 5.82);
INSERT INTO babystate (baby_id, createTime, cm, kg) VALUES ('baby12', '2015-06-15 06:44:01', 48.71, 5.9);
INSERT INTO babystate (baby_id, createTime, cm, kg) VALUES ('baby12', '2015-06-25 07:15:13', 48.89, 6.17);
INSERT INTO babystate (baby_id, createTime, cm, kg) VALUES ('baby12', '2015-07-01 07:32:17', 49.22, 6.39);
INSERT INTO babystate (baby_id, createTime, cm, kg) VALUES ('baby12', '2015-07-12 09:57:00', 49.39, 6.65);
INSERT INTO babystate (baby_id, createTime, cm, kg) VALUES ('baby12', '2015-07-24 12:57:28', 49.54, 6.87);
INSERT INTO babystate (baby_id, createTime, cm, kg) VALUES ('baby12', '2015-07-31 16:08:35', 49.97, 7.09);
INSERT INTO babystate (baby_id, createTime, cm, kg) VALUES ('baby12', '2015-08-12 19:41:37', 50.2, 7.18);
INSERT INTO babystate (baby_id, createTime, cm, kg) VALUES ('baby12', '2015-08-20 22:52:52', 50.44, 7.46);
INSERT INTO babystate (baby_id, createTime, cm, kg) VALUES ('baby12', '2015-08-30 02:41:57', 50.57, 7.57);
INSERT INTO babystate (baby_id, createTime, cm, kg) VALUES ('baby12', '2015-09-05 03:23:09', 50.73, 7.79);
INSERT INTO babystate (baby_id, createTime, cm, kg) VALUES ('baby12', '2015-09-16 05:39:08', 50.86, 7.87);
INSERT INTO babystate (baby_id, createTime, cm, kg) VALUES ('baby12', '2015-09-24 07:00:50', 51.1, 7.93);
INSERT INTO babystate (baby_id, createTime, cm, kg) VALUES ('baby12', '2015-09-29 10:41:16', 51.56, 8.06);
INSERT INTO babystate (baby_id, createTime, cm, kg) VALUES ('baby12', '2015-10-08 14:14:35', 51.97, 8.18);
INSERT INTO babystate (baby_id, createTime, cm, kg) VALUES ('baby12', '2015-10-13 14:29:01', 52.36, 8.35);
INSERT INTO babystate (baby_id, createTime, cm, kg) VALUES ('baby12', '2015-10-19 17:50:07', 52.47, 8.44);
INSERT INTO babystate (baby_id, createTime, cm, kg) VALUES ('baby12', '2015-10-28 20:14:40', 52.72, 8.49);
INSERT INTO babystate (baby_id, createTime, cm, kg) VALUES ('baby12', '2015-11-07 20:26:20', 53.08, 8.75);
INSERT INTO babystate (baby_id, createTime, cm, kg) VALUES ('baby12', '2015-11-13 22:16:10', 53.27, 8.95);
INSERT INTO babystate (baby_id, createTime, cm, kg) VALUES ('baby12', '2015-11-19 22:19:29', 53.42, 9.01);
INSERT INTO babystate (baby_id, createTime, cm, kg) VALUES ('baby12', '2015-11-28 01:47:51', 53.59, 9.16);
INSERT INTO babystate (baby_id, createTime, cm, kg) VALUES ('baby12', '2015-12-06 05:46:40', 53.72, 9.31);
INSERT INTO babystate (baby_id, createTime, cm, kg) VALUES ('baby12', '2015-12-11 07:02:18', 54.07, 9.52);
INSERT INTO babystate (baby_id, createTime, cm, kg) VALUES ('baby12', '2015-12-20 09:24:52', 54.33, 9.75);
INSERT INTO babystate (baby_id, createTime, cm, kg) VALUES ('baby12', '2016-01-01 10:51:37', 54.46, 9.8);
INSERT INTO babystate (baby_id, createTime, cm, kg) VALUES ('baby12', '2016-01-07 14:11:29', 54.8, 10.09);
INSERT INTO babystate (baby_id, createTime, cm, kg) VALUES ('baby12', '2016-01-15 15:39:21', 55.2, 10.25);
INSERT INTO babystate (baby_id, createTime, cm, kg) VALUES ('baby12', '2016-01-23 16:53:21', 55.5, 10.49);
INSERT INTO babystate (baby_id, createTime, cm, kg) VALUES ('baby12', '2016-02-04 19:46:39', 55.65, 10.76);
INSERT INTO babystate (baby_id, createTime, cm, kg) VALUES ('baby12', '2016-02-11 21:05:20', 55.81, 10.92);
INSERT INTO babystate (baby_id, createTime, cm, kg) VALUES ('baby12', '2016-02-24 00:11:59', 56.1, 11.07);
INSERT INTO babystate (baby_id, createTime, cm, kg) VALUES ('baby12', '2016-03-02 02:59:13', 56.56, 11.26);
INSERT INTO babystate (baby_id, createTime, cm, kg) VALUES ('baby12', '2016-03-07 03:48:39', 57.04, 11.42);
INSERT INTO babystate (baby_id, createTime, cm, kg) VALUES ('baby12', '2016-03-15 06:20:39', 57.5, 11.69);
INSERT INTO babystate (baby_id, createTime, cm, kg) VALUES ('baby12', '2016-03-21 07:20:02', 57.97, 11.88);
INSERT INTO babystate (baby_id, createTime, cm, kg) VALUES ('baby12', '2016-03-27 07:37:57', 58.17, 12.01);
INSERT INTO babystate (baby_id, createTime, cm, kg) VALUES ('baby12', '2016-04-04 09:42:50', 58.66, 12.19);
INSERT INTO babystate (baby_id, createTime, cm, kg) VALUES ('baby12', '2016-04-10 12:10:02', 58.91, 12.37);
INSERT INTO babystate (baby_id, createTime, cm, kg) VALUES ('baby12', '2016-04-19 13:34:29', 59.38, 12.63);
INSERT INTO babystate (baby_id, createTime, cm, kg) VALUES ('baby12', '2016-04-29 14:31:27', 59.59, 12.78);
INSERT INTO babystate (baby_id, createTime, cm, kg) VALUES ('baby12', '2016-05-08 18:12:56', 59.88, 13.0);
INSERT INTO babystate (baby_id, createTime, cm, kg) VALUES ('baby12', '2016-05-20 21:08:03', 60.36, 13.27);
INSERT INTO babystate (baby_id, createTime, cm, kg) VALUES ('baby12', '2016-06-01 21:08:52', 60.84, 13.35);
INSERT INTO babystate (baby_id, createTime, cm, kg) VALUES ('baby12', '2016-06-12 00:09:15', 61.33, 13.53);
INSERT INTO babystate (baby_id, createTime, cm, kg) VALUES ('baby12', '2016-06-24 02:34:15', 61.72, 13.61);
INSERT INTO babystate (baby_id, createTime, cm, kg) VALUES ('baby12', '2016-06-30 03:12:14', 62.04, 13.81);
INSERT INTO babystate (baby_id, createTime, cm, kg) VALUES ('baby12', '2016-07-07 07:01:22', 62.33, 14.03);
INSERT INTO babystate (baby_id, createTime, cm, kg) VALUES ('baby12', '2016-07-19 08:08:25', 62.64, 14.25);
INSERT INTO babystate (baby_id, createTime, cm, kg) VALUES ('baby12', '2016-07-27 09:33:13', 62.95, 14.37);
INSERT INTO babystate (baby_id, createTime, cm, kg) VALUES ('baby12', '2016-08-02 13:33:11', 63.43, 14.55);
INSERT INTO babystate (baby_id, createTime, cm, kg) VALUES ('baby12', '2016-08-07 16:59:37', 63.88, 14.84);
INSERT INTO babystate (baby_id, createTime, cm, kg) VALUES ('baby12', '2016-08-14 18:00:45', 64.16, 15.05);
INSERT INTO babystate (baby_id, createTime, cm, kg) VALUES ('baby12', '2016-08-19 21:20:24', 64.6, 15.15);
INSERT INTO babystate (baby_id, createTime, cm, kg) VALUES ('baby12', '2016-08-29 22:42:28', 64.78, 15.39);
INSERT INTO babystate (baby_id, createTime, cm, kg) VALUES ('baby12', '2016-09-11 01:41:20', 65.23, 15.55);
INSERT INTO babystate (baby_id, createTime, cm, kg) VALUES ('baby12', '2016-09-16 02:47:09', 65.54, 15.7);
INSERT INTO babystate (baby_id, createTime, cm, kg) VALUES ('baby12', '2016-09-24 03:08:24', 65.87, 15.86);
INSERT INTO babystate (baby_id, createTime, cm, kg) VALUES ('baby12', '2016-10-02 05:56:52', 66.03, 16.09);
INSERT INTO babystate (baby_id, createTime, cm, kg) VALUES ('baby12', '2016-10-09 09:09:54', 66.22, 16.38);
INSERT INTO babystate (baby_id, createTime, cm, kg) VALUES ('baby12', '2016-10-15 09:13:46', 66.38, 16.64);
INSERT INTO babystate (baby_id, createTime, cm, kg) VALUES ('baby12', '2016-10-25 12:01:45', 66.82, 16.74);
INSERT INTO babystate (baby_id, createTime, cm, kg) VALUES ('baby12', '2016-11-05 15:05:12', 67.25, 17.01);
INSERT INTO babystate (baby_id, createTime, cm, kg) VALUES ('baby12', '2016-11-10 16:15:15', 67.59, 17.22);
INSERT INTO babystate (baby_id, createTime, cm, kg) VALUES ('baby12', '2016-11-20 19:13:45', 67.7, 17.45);
INSERT INTO babystate (baby_id, createTime, cm, kg) VALUES ('baby12', '2016-11-30 20:26:23', 68.19, 17.73);
INSERT INTO babystate (baby_id, createTime, cm, kg) VALUES ('baby12', '2016-12-07 23:12:17', 68.4, 17.97);
INSERT INTO babystate (baby_id, createTime, cm, kg) VALUES ('baby12', '2016-12-13 00:40:19', 68.68, 18.12);
INSERT INTO babystate (baby_id, createTime, cm, kg) VALUES ('baby12', '2016-12-23 01:23:27', 69.07, 18.25);
INSERT INTO babystate (baby_id, createTime, cm, kg) VALUES ('baby12', '2016-12-30 03:12:41', 69.22, 18.48);
INSERT INTO babystate (baby_id, createTime, cm, kg) VALUES ('baby12', '2017-01-04 03:59:33', 69.36, 18.59);
INSERT INTO babystate (baby_id, createTime, cm, kg) VALUES ('baby12', '2017-01-16 05:06:22', 69.72, 18.82);
INSERT INTO babystate (baby_id, createTime, cm, kg) VALUES ('baby12', '2017-01-26 07:59:05', 69.83, 18.88);
INSERT INTO babystate (baby_id, createTime, cm, kg) VALUES ('baby12', '2017-02-03 11:32:42', 70.13, 19.01);
INSERT INTO babystate (baby_id, createTime, cm, kg) VALUES ('baby12', '2017-02-12 14:23:13', 70.54, 19.2);
INSERT INTO babystate (baby_id, createTime, cm, kg) VALUES ('baby12', '2017-02-22 17:14:33', 71.04, 19.44);
INSERT INTO babystate (baby_id, createTime, cm, kg) VALUES ('baby12', '2017-03-01 20:20:15', 71.22, 19.61);
INSERT INTO babystate (baby_id, createTime, cm, kg) VALUES ('baby12', '2017-03-12 22:56:18', 71.34, 19.7);
INSERT INTO babystate (baby_id, createTime, cm, kg) VALUES ('baby12', '2017-03-21 23:44:47', 71.66, 19.98);
INSERT INTO babystate (baby_id, createTime, cm, kg) VALUES ('baby12', '2017-03-30 02:26:47', 72.0, 20.22);
INSERT INTO babystate (baby_id, createTime, cm, kg) VALUES ('baby12', '2017-04-05 05:45:01', 72.22, 20.27);
INSERT INTO babystate (baby_id, createTime, cm, kg) VALUES ('baby12', '2017-04-10 08:49:32', 72.72, 20.33);
INSERT INTO babystate (baby_id, createTime, cm, kg) VALUES ('baby12', '2017-04-20 10:01:49', 73.08, 20.62);
INSERT INTO babystate (baby_id, createTime, cm, kg) VALUES ('baby12', '2017-04-28 12:24:16', 73.29, 20.68);
INSERT INTO babystate (baby_id, createTime, cm, kg) VALUES ('baby12', '2017-05-09 12:47:25', 73.7, 20.97);
INSERT INTO babystate (baby_id, createTime, cm, kg) VALUES ('baby12', '2017-05-17 16:00:55', 73.81, 21.27);
INSERT INTO babystate (baby_id, createTime, cm, kg) VALUES ('baby12', '2017-05-25 19:07:59', 74.07, 21.37);
INSERT INTO babystate (baby_id, createTime, cm, kg) VALUES ('baby12', '2017-06-02 21:20:27', 74.45, 21.58);
INSERT INTO babystate (baby_id, createTime, cm, kg) VALUES ('baby12', '2017-06-15 00:48:35', 74.76, 21.67);
INSERT INTO babystate (baby_id, createTime, cm, kg) VALUES ('baby12', '2017-06-21 02:57:54', 75.03, 21.74);
INSERT INTO baby (baby_id, obn, name, gender, birthDate, bloodType) VALUES ('baby13', 'obnbaby13', '박도윤', 0, '2016-06-30 16:28:17', 'AB-');
INSERT INTO babystate (baby_id, createTime, cm, kg) VALUES ('baby13', '2016-07-11 20:13:20', 33.27, 4.69);
INSERT INTO babystate (baby_id, createTime, cm, kg) VALUES ('baby13', '2016-07-22 20:40:02', 33.69, 4.8);
INSERT INTO babystate (baby_id, createTime, cm, kg) VALUES ('baby13', '2016-08-02 20:47:29', 34.18, 4.92);
INSERT INTO babystate (baby_id, createTime, cm, kg) VALUES ('baby13', '2016-08-11 00:00:58', 34.37, 4.99);
INSERT INTO babystate (baby_id, createTime, cm, kg) VALUES ('baby13', '2016-08-20 02:26:09', 34.81, 5.28);
INSERT INTO babystate (baby_id, createTime, cm, kg) VALUES ('baby13', '2016-08-29 02:50:08', 34.99, 5.35);
INSERT INTO babystate (baby_id, createTime, cm, kg) VALUES ('baby13', '2016-09-10 06:22:52', 35.32, 5.46);
INSERT INTO babystate (baby_id, createTime, cm, kg) VALUES ('baby13', '2016-09-21 09:17:02', 35.73, 5.65);
INSERT INTO babystate (baby_id, createTime, cm, kg) VALUES ('baby13', '2016-09-29 11:17:35', 36.0, 5.92);
INSERT INTO babystate (baby_id, createTime, cm, kg) VALUES ('baby13', '2016-10-05 15:04:07', 36.21, 6.09);
INSERT INTO babystate (baby_id, createTime, cm, kg) VALUES ('baby13', '2016-10-17 17:45:19', 36.58, 6.29);
INSERT INTO babystate (baby_id, createTime, cm, kg) VALUES ('baby13', '2016-10-29 21:09:02', 36.96, 6.35);
INSERT INTO babystate (baby_id, createTime, cm, kg) VALUES ('baby13', '2016-11-08 23:32:52', 37.25, 6.46);
INSERT INTO babystate (baby_id, createTime, cm, kg) VALUES ('baby13', '2016-11-21 02:41:20', 37.7, 6.66);
INSERT INTO babystate (baby_id, createTime, cm, kg) VALUES ('baby13', '2016-11-29 02:41:35', 37.91, 6.75);
INSERT INTO babystate (baby_id, createTime, cm, kg) VALUES ('baby13', '2016-12-06 02:54:24', 38.33, 6.82);
INSERT INTO babystate (baby_id, createTime, cm, kg) VALUES ('baby13', '2016-12-18 05:32:55', 38.57, 6.93);
INSERT INTO babystate (baby_id, createTime, cm, kg) VALUES ('baby13', '2016-12-23 05:53:11', 38.7, 7.09);
INSERT INTO babystate (baby_id, createTime, cm, kg) VALUES ('baby13', '2017-01-01 09:18:54', 38.99, 7.15);
INSERT INTO babystate (baby_id, createTime, cm, kg) VALUES ('baby13', '2017-01-09 11:57:40', 39.38, 7.42);
INSERT INTO babystate (baby_id, createTime, cm, kg) VALUES ('baby13', '2017-01-14 13:12:21', 39.48, 7.54);
INSERT INTO babystate (baby_id, createTime, cm, kg) VALUES ('baby13', '2017-01-23 14:21:05', 39.71, 7.78);
INSERT INTO babystate (baby_id, createTime, cm, kg) VALUES ('baby13', '2017-02-04 18:19:21', 40.11, 7.99);
INSERT INTO babystate (baby_id, createTime, cm, kg) VALUES ('baby13', '2017-02-09 20:00:38', 40.59, 8.16);
INSERT INTO babystate (baby_id, createTime, cm, kg) VALUES ('baby13', '2017-02-18 23:01:31', 40.78, 8.44);
INSERT INTO babystate (baby_id, createTime, cm, kg) VALUES ('baby13', '2017-02-27 02:02:55', 40.95, 8.51);
INSERT INTO babystate (baby_id, createTime, cm, kg) VALUES ('baby13', '2017-03-06 05:16:16', 41.18, 8.76);
INSERT INTO babystate (baby_id, createTime, cm, kg) VALUES ('baby13', '2017-03-11 09:15:01', 41.58, 8.91);
INSERT INTO babystate (baby_id, createTime, cm, kg) VALUES ('baby13', '2017-03-21 09:27:04', 41.99, 9.13);
INSERT INTO babystate (baby_id, createTime, cm, kg) VALUES ('baby13', '2017-03-28 12:15:09', 42.45, 9.28);
INSERT INTO babystate (baby_id, createTime, cm, kg) VALUES ('baby13', '2017-04-06 13:31:28', 42.81, 9.44);
INSERT INTO babystate (baby_id, createTime, cm, kg) VALUES ('baby13', '2017-04-11 14:08:55', 43.23, 9.52);
INSERT INTO babystate (baby_id, createTime, cm, kg) VALUES ('baby13', '2017-04-21 17:16:29', 43.54, 9.59);
INSERT INTO babystate (baby_id, createTime, cm, kg) VALUES ('baby13', '2017-05-01 17:19:42', 43.98, 9.71);
INSERT INTO babystate (baby_id, createTime, cm, kg) VALUES ('baby13', '2017-05-08 18:52:44', 44.18, 9.87);
INSERT INTO babystate (baby_id, createTime, cm, kg) VALUES ('baby13', '2017-05-13 21:16:15', 44.47, 9.98);
INSERT INTO babystate (baby_id, createTime, cm, kg) VALUES ('baby13', '2017-05-25 00:08:20', 44.79, 10.23);
INSERT INTO babystate (baby_id, createTime, cm, kg) VALUES ('baby13', '2017-06-02 02:31:05', 44.95, 10.52);
INSERT INTO babystate (baby_id, createTime, cm, kg) VALUES ('baby13', '2017-06-11 05:25:45', 45.44, 10.71);
INSERT INTO babystate (baby_id, createTime, cm, kg) VALUES ('baby13', '2017-06-18 08:12:12', 45.78, 10.84);
INSERT INTO babystate (baby_id, createTime, cm, kg) VALUES ('baby13', '2017-06-25 11:26:17', 46.22, 11.02);
INSERT INTO babystate (baby_id, createTime, cm, kg) VALUES ('baby13', '2017-07-05 12:20:54', 46.46, 11.19);
INSERT INTO babystate (baby_id, createTime, cm, kg) VALUES ('baby13', '2017-07-15 12:47:00', 46.63, 11.47);
INSERT INTO babystate (baby_id, createTime, cm, kg) VALUES ('baby13', '2017-07-27 14:52:50', 47.05, 11.69);
INSERT INTO babystate (baby_id, createTime, cm, kg) VALUES ('baby13', '2017-08-02 17:40:32', 47.51, 11.91);
INSERT INTO babystate (baby_id, createTime, cm, kg) VALUES ('baby13', '2017-08-14 19:07:28', 47.66, 12.05);
INSERT INTO babystate (baby_id, createTime, cm, kg) VALUES ('baby13', '2017-08-20 19:51:02', 47.8, 12.25);
INSERT INTO babystate (baby_id, createTime, cm, kg) VALUES ('baby13', '2017-08-25 21:20:48', 48.21, 12.43);
INSERT INTO babystate (baby_id, createTime, cm, kg) VALUES ('baby13', '2017-09-06 22:35:50', 48.62, 12.54);
INSERT INTO babystate (baby_id, createTime, cm, kg) VALUES ('baby13', '2017-09-17 01:54:54', 49.08, 12.75);
INSERT INTO babystate (baby_id, createTime, cm, kg) VALUES ('baby13', '2017-09-25 05:07:33', 49.37, 12.87);
INSERT INTO babystate (baby_id, createTime, cm, kg) VALUES ('baby13', '2017-10-04 08:31:22', 49.63, 13.13);
INSERT INTO babystate (baby_id, createTime, cm, kg) VALUES ('baby13', '2017-10-14 08:36:47', 50.12, 13.22);
INSERT INTO babystate (baby_id, createTime, cm, kg) VALUES ('baby13', '2017-10-23 12:36:39', 50.31, 13.39);
INSERT INTO babystate (baby_id, createTime, cm, kg) VALUES ('baby13', '2017-10-29 13:04:29', 50.8, 13.45);
INSERT INTO babystate (baby_id, createTime, cm, kg) VALUES ('baby13', '2017-11-10 14:22:19', 50.95, 13.75);
INSERT INTO babystate (baby_id, createTime, cm, kg) VALUES ('baby13', '2017-11-15 14:27:45', 51.28, 13.92);
INSERT INTO babystate (baby_id, createTime, cm, kg) VALUES ('baby13', '2017-11-20 15:56:14', 51.54, 13.97);
INSERT INTO babystate (baby_id, createTime, cm, kg) VALUES ('baby13', '2017-12-02 17:17:31', 51.88, 14.27);
INSERT INTO babystate (baby_id, createTime, cm, kg) VALUES ('baby13', '2017-12-07 19:10:03', 52.27, 14.48);
INSERT INTO babystate (baby_id, createTime, cm, kg) VALUES ('baby13', '2017-12-12 19:37:54', 52.5, 14.77);
INSERT INTO babystate (baby_id, createTime, cm, kg) VALUES ('baby13', '2017-12-22 20:35:06', 52.76, 14.93);
INSERT INTO babystate (baby_id, createTime, cm, kg) VALUES ('baby13', '2017-12-29 00:28:58', 53.13, 15.1);
INSERT INTO babystate (baby_id, createTime, cm, kg) VALUES ('baby13', '2018-01-03 04:12:15', 53.57, 15.23);
INSERT INTO babystate (baby_id, createTime, cm, kg) VALUES ('baby13', '2018-01-10 06:21:20', 53.89, 15.42);
INSERT INTO babystate (baby_id, createTime, cm, kg) VALUES ('baby13', '2018-01-17 07:32:42', 54.08, 15.52);
INSERT INTO babystate (baby_id, createTime, cm, kg) VALUES ('baby13', '2018-01-24 07:51:43', 54.45, 15.64);
INSERT INTO babystate (baby_id, createTime, cm, kg) VALUES ('baby13', '2018-02-04 09:10:39', 54.75, 15.7);
INSERT INTO babystate (baby_id, createTime, cm, kg) VALUES ('baby13', '2018-02-11 11:34:17', 55.09, 15.89);
INSERT INTO babystate (baby_id, createTime, cm, kg) VALUES ('baby13', '2018-02-18 14:17:09', 55.45, 16.07);
INSERT INTO babystate (baby_id, createTime, cm, kg) VALUES ('baby13', '2018-02-23 15:39:18', 55.76, 16.19);
INSERT INTO babystate (baby_id, createTime, cm, kg) VALUES ('baby13', '2018-03-02 18:50:10', 56.23, 16.4);
INSERT INTO babystate (baby_id, createTime, cm, kg) VALUES ('baby13', '2018-03-12 18:52:30', 56.42, 16.67);
INSERT INTO babystate (baby_id, createTime, cm, kg) VALUES ('baby13', '2018-03-21 21:20:52', 56.59, 16.85);
INSERT INTO babystate (baby_id, createTime, cm, kg) VALUES ('baby13', '2018-03-31 23:25:22', 56.98, 16.94);
INSERT INTO babystate (baby_id, createTime, cm, kg) VALUES ('baby13', '2018-04-13 02:57:17', 57.21, 17.05);
INSERT INTO babystate (baby_id, createTime, cm, kg) VALUES ('baby13', '2018-04-22 06:34:41', 57.7, 17.3);
INSERT INTO babystate (baby_id, createTime, cm, kg) VALUES ('baby13', '2018-05-02 07:26:53', 58.02, 17.51);
INSERT INTO babystate (baby_id, createTime, cm, kg) VALUES ('baby13', '2018-05-13 09:05:22', 58.31, 17.67);
INSERT INTO babystate (baby_id, createTime, cm, kg) VALUES ('baby13', '2018-05-18 12:22:26', 58.79, 17.94);
INSERT INTO babystate (baby_id, createTime, cm, kg) VALUES ('baby13', '2018-05-29 13:23:43', 59.05, 18.16);
INSERT INTO babystate (baby_id, createTime, cm, kg) VALUES ('baby13', '2018-06-05 14:33:48', 59.48, 18.4);
INSERT INTO babystate (baby_id, createTime, cm, kg) VALUES ('baby13', '2018-06-13 17:14:59', 59.59, 18.66);
INSERT INTO babystate (baby_id, createTime, cm, kg) VALUES ('baby13', '2018-06-19 17:34:48', 59.77, 18.81);
INSERT INTO babystate (baby_id, createTime, cm, kg) VALUES ('baby13', '2018-07-01 20:56:50', 60.0, 19.02);
INSERT INTO babystate (baby_id, createTime, cm, kg) VALUES ('baby13', '2018-07-06 23:08:36', 60.1, 19.11);
INSERT INTO babystate (baby_id, createTime, cm, kg) VALUES ('baby13', '2018-07-12 00:22:17', 60.26, 19.2);
INSERT INTO babystate (baby_id, createTime, cm, kg) VALUES ('baby13', '2018-07-17 01:41:14', 60.71, 19.48);
INSERT INTO babystate (baby_id, createTime, cm, kg) VALUES ('baby13', '2018-07-25 04:13:11', 60.81, 19.72);
INSERT INTO babystate (baby_id, createTime, cm, kg) VALUES ('baby13', '2018-08-04 07:24:47', 61.11, 19.98);
INSERT INTO babystate (baby_id, createTime, cm, kg) VALUES ('baby13', '2018-08-12 09:22:45', 61.55, 20.12);
INSERT INTO babystate (baby_id, createTime, cm, kg) VALUES ('baby13', '2018-08-24 12:43:58', 61.98, 20.34);
INSERT INTO babystate (baby_id, createTime, cm, kg) VALUES ('baby13', '2018-08-31 14:38:54', 62.11, 20.59);
INSERT INTO babystate (baby_id, createTime, cm, kg) VALUES ('baby13', '2018-09-07 16:22:16', 62.59, 20.75);
INSERT INTO babystate (baby_id, createTime, cm, kg) VALUES ('baby13', '2018-09-13 18:38:49', 63.03, 20.86);
INSERT INTO babystate (baby_id, createTime, cm, kg) VALUES ('baby13', '2018-09-23 22:14:55', 63.33, 21.0);
INSERT INTO babystate (baby_id, createTime, cm, kg) VALUES ('baby13', '2018-10-05 01:01:43', 63.83, 21.21);
INSERT INTO babystate (baby_id, createTime, cm, kg) VALUES ('baby13', '2018-10-15 02:25:39', 63.98, 21.44);
INSERT INTO babystate (baby_id, createTime, cm, kg) VALUES ('baby13', '2018-10-20 06:13:55', 64.09, 21.57);
INSERT INTO babystate (baby_id, createTime, cm, kg) VALUES ('baby13', '2018-10-29 06:28:58', 64.53, 21.84);
INSERT INTO baby (baby_id, obn, name, gender, birthDate, bloodType) VALUES ('baby21', 'obnbaby21', '최민서', 1, '2015-08-17 14:26:03', 'AB+');
INSERT INTO babystate (baby_id, createTime, cm, kg) VALUES ('baby21', '2015-08-29 17:33:59', 37.42, 3.7);
INSERT INTO babystate (baby_id, createTime, cm, kg) VALUES ('baby21', '2015-09-08 18:17:56', 37.67, 3.75);
INSERT INTO babystate (baby_id, createTime, cm, kg) VALUES ('baby21', '2015-09-19 21:54:24', 37.99, 3.89);
INSERT INTO babystate (baby_id, createTime, cm, kg) VALUES ('baby21', '2015-09-27 23:10:08', 38.12, 4.04);
INSERT INTO babystate (baby_id, createTime, cm, kg) VALUES ('baby21', '2015-10-07 02:09:27', 38.25, 4.31);
INSERT INTO babystate (baby_id, createTime, cm, kg) VALUES ('baby21', '2015-10-13 02:37:24', 38.55, 4.48);
INSERT INTO babystate (baby_id, createTime, cm, kg) VALUES ('baby21', '2015-10-21 03:06:38', 38.92, 4.62);
INSERT INTO babystate (baby_id, createTime, cm, kg) VALUES ('baby21', '2015-10-28 05:43:59', 39.33, 4.9);
INSERT INTO babystate (baby_id, createTime, cm, kg) VALUES ('baby21', '2015-11-04 08:05:12', 39.56, 5.0);
INSERT INTO babystate (baby_id, createTime, cm, kg) VALUES ('baby21', '2015-11-12 10:28:53', 39.79, 5.2);
INSERT INTO babystate (baby_id, createTime, cm, kg) VALUES ('baby21', '2015-11-19 11:18:00', 40.0, 5.3);
INSERT INTO babystate (baby_id, createTime, cm, kg) VALUES ('baby21', '2015-11-29 12:12:50', 40.34, 5.46);
INSERT INTO babystate (baby_id, createTime, cm, kg) VALUES ('baby21', '2015-12-11 14:20:54', 40.79, 5.67);
INSERT INTO babystate (baby_id, createTime, cm, kg) VALUES ('baby21', '2015-12-22 16:34:21', 41.02, 5.93);
INSERT INTO babystate (baby_id, createTime, cm, kg) VALUES ('baby21', '2016-01-02 20:01:51', 41.15, 6.02);
INSERT INTO babystate (baby_id, createTime, cm, kg) VALUES ('baby21', '2016-01-10 23:02:18', 41.42, 6.09);
INSERT INTO babystate (baby_id, createTime, cm, kg) VALUES ('baby21', '2016-01-15 23:30:23', 41.83, 6.35);
INSERT INTO babystate (baby_id, createTime, cm, kg) VALUES ('baby21', '2016-01-26 00:38:53', 42.32, 6.48);
INSERT INTO babystate (baby_id, createTime, cm, kg) VALUES ('baby21', '2016-02-03 01:05:19', 42.46, 6.57);
INSERT INTO babystate (baby_id, createTime, cm, kg) VALUES ('baby21', '2016-02-12 02:13:26', 42.58, 6.7);
INSERT INTO babystate (baby_id, createTime, cm, kg) VALUES ('baby21', '2016-02-19 04:29:29', 42.88, 6.92);
INSERT INTO babystate (baby_id, createTime, cm, kg) VALUES ('baby21', '2016-02-29 06:28:16', 43.22, 7.07);
INSERT INTO babystate (baby_id, createTime, cm, kg) VALUES ('baby21', '2016-03-05 09:19:34', 43.57, 7.12);
INSERT INTO babystate (baby_id, createTime, cm, kg) VALUES ('baby21', '2016-03-10 11:08:58', 43.73, 7.31);
INSERT INTO babystate (baby_id, createTime, cm, kg) VALUES ('baby21', '2016-03-16 13:01:41', 44.13, 7.51);
INSERT INTO babystate (baby_id, createTime, cm, kg) VALUES ('baby21', '2016-03-23 14:55:01', 44.62, 7.62);
INSERT INTO babystate (baby_id, createTime, cm, kg) VALUES ('baby21', '2016-04-04 16:36:34', 45.02, 7.75);
INSERT INTO babystate (baby_id, createTime, cm, kg) VALUES ('baby21', '2016-04-12 20:35:24', 45.44, 7.85);
INSERT INTO babystate (baby_id, createTime, cm, kg) VALUES ('baby21', '2016-04-23 22:44:12', 45.69, 7.95);
INSERT INTO babystate (baby_id, createTime, cm, kg) VALUES ('baby21', '2016-04-30 01:43:16', 45.87, 8.09);
INSERT INTO babystate (baby_id, createTime, cm, kg) VALUES ('baby21', '2016-05-10 01:44:16', 45.98, 8.39);
INSERT INTO babystate (baby_id, createTime, cm, kg) VALUES ('baby21', '2016-05-19 01:52:08', 46.24, 8.63);
INSERT INTO babystate (baby_id, createTime, cm, kg) VALUES ('baby21', '2016-05-27 03:50:29', 46.62, 8.86);
INSERT INTO babystate (baby_id, createTime, cm, kg) VALUES ('baby21', '2016-06-07 07:15:03', 46.98, 8.93);
INSERT INTO babystate (baby_id, createTime, cm, kg) VALUES ('baby21', '2016-06-12 10:09:10', 47.39, 9.07);
INSERT INTO babystate (baby_id, createTime, cm, kg) VALUES ('baby21', '2016-06-18 13:13:37', 47.55, 9.24);
INSERT INTO babystate (baby_id, createTime, cm, kg) VALUES ('baby21', '2016-06-30 16:29:46', 47.67, 9.42);
INSERT INTO babystate (baby_id, createTime, cm, kg) VALUES ('baby21', '2016-07-06 20:07:37', 47.89, 9.55);
INSERT INTO babystate (baby_id, createTime, cm, kg) VALUES ('baby21', '2016-07-18 22:53:55', 48.06, 9.71);
INSERT INTO babystate (baby_id, createTime, cm, kg) VALUES ('baby21', '2016-07-28 00:57:43', 48.42, 9.83);
INSERT INTO babystate (baby_id, createTime, cm, kg) VALUES ('baby21', '2016-08-04 04:12:49', 48.88, 10.05);
INSERT INTO babystate (baby_id, createTime, cm, kg) VALUES ('baby21', '2016-08-12 04:52:10', 49.14, 10.3);
INSERT INTO babystate (baby_id, createTime, cm, kg) VALUES ('baby21', '2016-08-23 07:10:25', 49.43, 10.36);
INSERT INTO babystate (baby_id, createTime, cm, kg) VALUES ('baby21', '2016-08-29 10:05:22', 49.85, 10.44);
INSERT INTO babystate (baby_id, createTime, cm, kg) VALUES ('baby21', '2016-09-10 13:51:40', 50.2, 10.72);
INSERT INTO babystate (baby_id, createTime, cm, kg) VALUES ('baby21', '2016-09-17 17:50:30', 50.65, 10.98);
INSERT INTO babystate (baby_id, createTime, cm, kg) VALUES ('baby21', '2016-09-28 19:23:01', 50.89, 11.12);
INSERT INTO babystate (baby_id, createTime, cm, kg) VALUES ('baby21', '2016-10-07 21:50:06', 51.02, 11.19);
INSERT INTO babystate (baby_id, createTime, cm, kg) VALUES ('baby21', '2016-10-14 23:41:38', 51.39, 11.27);
INSERT INTO babystate (baby_id, createTime, cm, kg) VALUES ('baby21', '2016-10-26 00:19:10', 51.67, 11.49);
INSERT INTO babystate (baby_id, createTime, cm, kg) VALUES ('baby21', '2016-11-06 04:12:31', 51.96, 11.6);
INSERT INTO babystate (baby_id, createTime, cm, kg) VALUES ('baby21', '2016-11-12 06:50:07', 52.1, 11.71);
INSERT INTO babystate (baby_id, createTime, cm, kg) VALUES ('baby21', '2016-11-24 09:10:10', 52.57, 11.98);
INSERT INTO babystate (baby_id, createTime, cm, kg) VALUES ('baby21', '2016-11-30 13:01:31', 52.86, 12.09);
INSERT INTO babystate (baby_id, createTime, cm, kg) VALUES ('baby21', '2016-12-10 13:05:46', 53.12, 12.17);
INSERT INTO babystate (baby_id, createTime, cm, kg) VALUES ('baby21', '2016-12-19 13:36:57', 53.44, 12.34);
INSERT INTO babystate (baby_id, createTime, cm, kg) VALUES ('baby21', '2016-12-29 15:17:24', 53.71, 12.48);
INSERT INTO babystate (baby_id, createTime, cm, kg) VALUES ('baby21', '2017-01-04 15:59:10', 53.83, 12.66);
INSERT INTO babystate (baby_id, createTime, cm, kg) VALUES ('baby21', '2017-01-10 18:37:55', 54.23, 12.78);
INSERT INTO babystate (baby_id, createTime, cm, kg) VALUES ('baby21', '2017-01-20 20:16:58', 54.65, 13.04);
INSERT INTO babystate (baby_id, createTime, cm, kg) VALUES ('baby21', '2017-01-28 00:10:45', 54.8, 13.13);
INSERT INTO babystate (baby_id, createTime, cm, kg) VALUES ('baby21', '2017-02-07 01:02:54', 54.99, 13.26);
INSERT INTO babystate (baby_id, createTime, cm, kg) VALUES ('baby21', '2017-02-17 02:56:52', 55.37, 13.41);
INSERT INTO babystate (baby_id, createTime, cm, kg) VALUES ('baby21', '2017-03-01 05:05:29', 55.69, 13.63);
INSERT INTO babystate (baby_id, createTime, cm, kg) VALUES ('baby21', '2017-03-11 05:29:10', 55.84, 13.81);
INSERT INTO babystate (baby_id, createTime, cm, kg) VALUES ('baby21', '2017-03-19 06:58:17', 56.04, 13.89);
INSERT INTO babystate (baby_id, createTime, cm, kg) VALUES ('baby21', '2017-03-24 07:58:58', 56.43, 14.02);
INSERT INTO babystate (baby_id, createTime, cm, kg) VALUES ('baby21', '2017-04-02 10:13:03', 56.79, 14.21);
INSERT INTO babystate (baby_id, createTime, cm, kg) VALUES ('baby21', '2017-04-14 10:22:13', 57.2, 14.31);
INSERT INTO babystate (baby_id, createTime, cm, kg) VALUES ('baby21', '2017-04-25 11:23:23', 57.39, 14.6);
INSERT INTO babystate (baby_id, createTime, cm, kg) VALUES ('baby21', '2017-05-03 14:09:25', 57.57, 14.86);
INSERT INTO babystate (baby_id, createTime, cm, kg) VALUES ('baby21', '2017-05-13 17:09:24', 57.87, 15.12);
INSERT INTO babystate (baby_id, createTime, cm, kg) VALUES ('baby21', '2017-05-23 19:12:40', 58.14, 15.25);
INSERT INTO babystate (baby_id, createTime, cm, kg) VALUES ('baby21', '2017-06-02 20:39:50', 58.34, 15.48);
INSERT INTO babystate (baby_id, createTime, cm, kg) VALUES ('baby21', '2017-06-09 21:18:24', 58.81, 15.74);
INSERT INTO babystate (baby_id, createTime, cm, kg) VALUES ('baby21', '2017-06-15 00:58:10', 59.04, 15.89);
INSERT INTO babystate (baby_id, createTime, cm, kg) VALUES ('baby21', '2017-06-23 04:46:26', 59.41, 15.98);
INSERT INTO babystate (baby_id, createTime, cm, kg) VALUES ('baby21', '2017-07-02 04:54:33', 59.57, 16.21);
INSERT INTO babystate (baby_id, createTime, cm, kg) VALUES ('baby21', '2017-07-07 06:59:02', 59.95, 16.48);
INSERT INTO babystate (baby_id, createTime, cm, kg) VALUES ('baby21', '2017-07-18 09:01:04', 60.07, 16.63);
INSERT INTO babystate (baby_id, createTime, cm, kg) VALUES ('baby21', '2017-07-27 09:29:44', 60.18, 16.75);
INSERT INTO babystate (baby_id, createTime, cm, kg) VALUES ('baby21', '2017-08-01 12:42:11', 60.33, 17.01);
INSERT INTO babystate (baby_id, createTime, cm, kg) VALUES ('baby21', '2017-08-07 15:24:38', 60.69, 17.1);
INSERT INTO babystate (baby_id, createTime, cm, kg) VALUES ('baby21', '2017-08-12 16:30:28', 61.04, 17.4);
INSERT INTO babystate (baby_id, createTime, cm, kg) VALUES ('baby21', '2017-08-22 17:50:13', 61.45, 17.69);
INSERT INTO babystate (baby_id, createTime, cm, kg) VALUES ('baby21', '2017-08-31 18:54:31', 61.66, 17.74);
INSERT INTO babystate (baby_id, createTime, cm, kg) VALUES ('baby21', '2017-09-12 22:49:12', 61.98, 17.97);
INSERT INTO babystate (baby_id, createTime, cm, kg) VALUES ('baby21', '2017-09-18 00:13:07', 62.11, 18.25);
INSERT INTO babystate (baby_id, createTime, cm, kg) VALUES ('baby21', '2017-09-25 00:57:35', 62.34, 18.43);
INSERT INTO babystate (baby_id, createTime, cm, kg) VALUES ('baby21', '2017-09-30 03:19:05', 62.72, 18.55);
INSERT INTO babystate (baby_id, createTime, cm, kg) VALUES ('baby21', '2017-10-07 07:06:11', 63.1, 18.69);
INSERT INTO babystate (baby_id, createTime, cm, kg) VALUES ('baby21', '2017-10-14 10:45:22', 63.48, 18.9);
INSERT INTO babystate (baby_id, createTime, cm, kg) VALUES ('baby21', '2017-10-20 12:49:05', 63.92, 19.18);
INSERT INTO babystate (baby_id, createTime, cm, kg) VALUES ('baby21', '2017-10-28 13:56:50', 64.1, 19.46);
INSERT INTO babystate (baby_id, createTime, cm, kg) VALUES ('baby21', '2017-11-03 16:17:57', 64.57, 19.54);
INSERT INTO babystate (baby_id, createTime, cm, kg) VALUES ('baby21', '2017-11-14 19:13:39', 64.67, 19.74);
INSERT INTO babystate (baby_id, createTime, cm, kg) VALUES ('baby21', '2017-11-19 22:28:33', 65.11, 19.92);
INSERT INTO babystate (baby_id, createTime, cm, kg) VALUES ('baby21', '2017-11-30 02:15:04', 65.33, 20.05);
INSERT INTO babystate (baby_id, createTime, cm, kg) VALUES ('baby21', '2017-12-11 04:55:21', 65.48, 20.17);
INSERT INTO babystate (baby_id, createTime, cm, kg) VALUES ('baby21', '2017-12-20 06:56:35', 65.71, 20.44);
INSERT INTO baby (baby_id, obn, name, gender, birthDate, bloodType) VALUES ('baby22', 'obnbaby22', '강예진', 0, '2014-08-24 17:32:41', ' A+');
INSERT INTO babystate (baby_id, createTime, cm, kg) VALUES ('baby22', '2014-08-31 18:59:32', 30.3, 3.53);
INSERT INTO babystate (baby_id, createTime, cm, kg) VALUES ('baby22', '2014-09-10 21:25:18', 30.52, 3.59);
INSERT INTO babystate (baby_id, createTime, cm, kg) VALUES ('baby22', '2014-09-15 22:43:35', 30.65, 3.68);
INSERT INTO babystate (baby_id, createTime, cm, kg) VALUES ('baby22', '2014-09-24 01:41:14', 31.01, 3.84);
INSERT INTO babystate (baby_id, createTime, cm, kg) VALUES ('baby22', '2014-10-06 04:50:37', 31.28, 4.06);
INSERT INTO babystate (baby_id, createTime, cm, kg) VALUES ('baby22', '2014-10-15 07:48:12', 31.44, 4.3);
INSERT INTO babystate (baby_id, createTime, cm, kg) VALUES ('baby22', '2014-10-27 08:29:54', 31.9, 4.59);
INSERT INTO babystate (baby_id, createTime, cm, kg) VALUES ('baby22', '2014-11-05 09:49:58', 32.15, 4.8);
INSERT INTO babystate (baby_id, createTime, cm, kg) VALUES ('baby22', '2014-11-13 10:30:57', 32.61, 4.96);
INSERT INTO babystate (baby_id, createTime, cm, kg) VALUES ('baby22', '2014-11-19 13:45:38', 32.9, 5.11);
INSERT INTO babystate (baby_id, createTime, cm, kg) VALUES ('baby22', '2014-11-28 16:09:36', 33.1, 5.3);
INSERT INTO babystate (baby_id, createTime, cm, kg) VALUES ('baby22', '2014-12-08 17:58:47', 33.45, 5.57);
INSERT INTO babystate (baby_id, createTime, cm, kg) VALUES ('baby22', '2014-12-13 20:21:59', 33.59, 5.86);
INSERT INTO babystate (baby_id, createTime, cm, kg) VALUES ('baby22', '2014-12-22 00:01:17', 33.7, 5.92);
INSERT INTO babystate (baby_id, createTime, cm, kg) VALUES ('baby22', '2014-12-27 03:11:52', 33.95, 5.99);
INSERT INTO babystate (baby_id, createTime, cm, kg) VALUES ('baby22', '2015-01-03 03:51:56', 34.14, 6.18);
INSERT INTO babystate (baby_id, createTime, cm, kg) VALUES ('baby22', '2015-01-11 06:51:34', 34.62, 6.37);
INSERT INTO babystate (baby_id, createTime, cm, kg) VALUES ('baby22', '2015-01-21 07:35:06', 34.81, 6.53);
INSERT INTO babystate (baby_id, createTime, cm, kg) VALUES ('baby22', '2015-02-02 10:23:33', 35.12, 6.78);
INSERT INTO babystate (baby_id, createTime, cm, kg) VALUES ('baby22', '2015-02-14 11:22:35', 35.44, 6.97);
INSERT INTO babystate (baby_id, createTime, cm, kg) VALUES ('baby22', '2015-02-26 13:54:33', 35.65, 7.24);
INSERT INTO babystate (baby_id, createTime, cm, kg) VALUES ('baby22', '2015-03-03 14:17:50', 36.06, 7.42);
INSERT INTO babystate (baby_id, createTime, cm, kg) VALUES ('baby22', '2015-03-15 15:27:41', 36.25, 7.69);
INSERT INTO babystate (baby_id, createTime, cm, kg) VALUES ('baby22', '2015-03-21 17:37:13', 36.61, 7.83);
INSERT INTO babystate (baby_id, createTime, cm, kg) VALUES ('baby22', '2015-04-01 20:40:49', 36.75, 7.9);
INSERT INTO babystate (baby_id, createTime, cm, kg) VALUES ('baby22', '2015-04-09 00:01:42', 37.04, 7.96);
INSERT INTO babystate (baby_id, createTime, cm, kg) VALUES ('baby22', '2015-04-20 00:55:06', 37.17, 8.22);
INSERT INTO babystate (baby_id, createTime, cm, kg) VALUES ('baby22', '2015-04-27 01:24:25', 37.37, 8.43);
INSERT INTO babystate (baby_id, createTime, cm, kg) VALUES ('baby22', '2015-05-03 03:34:11', 37.61, 8.58);
INSERT INTO babystate (baby_id, createTime, cm, kg) VALUES ('baby22', '2015-05-08 06:17:07', 38.03, 8.88);
INSERT INTO babystate (baby_id, createTime, cm, kg) VALUES ('baby22', '2015-05-20 07:42:28', 38.14, 8.99);
INSERT INTO babystate (baby_id, createTime, cm, kg) VALUES ('baby22', '2015-05-30 10:26:47', 38.26, 9.23);
INSERT INTO babystate (baby_id, createTime, cm, kg) VALUES ('baby22', '2015-06-04 10:53:57', 38.43, 9.29);
INSERT INTO babystate (baby_id, createTime, cm, kg) VALUES ('baby22', '2015-06-09 13:56:02', 38.64, 9.4);
INSERT INTO babystate (baby_id, createTime, cm, kg) VALUES ('baby22', '2015-06-21 14:59:11', 38.84, 9.69);
INSERT INTO babystate (baby_id, createTime, cm, kg) VALUES ('baby22', '2015-07-01 16:42:28', 39.24, 9.9);
INSERT INTO babystate (baby_id, createTime, cm, kg) VALUES ('baby22', '2015-07-11 18:08:45', 39.44, 10.03);
INSERT INTO babystate (baby_id, createTime, cm, kg) VALUES ('baby22', '2015-07-18 21:23:20', 39.67, 10.14);
INSERT INTO babystate (baby_id, createTime, cm, kg) VALUES ('baby22', '2015-07-26 22:20:21', 40.03, 10.25);
INSERT INTO babystate (baby_id, createTime, cm, kg) VALUES ('baby22', '2015-08-06 00:42:43', 40.24, 10.38);
INSERT INTO babystate (baby_id, createTime, cm, kg) VALUES ('baby22', '2015-08-17 03:55:09', 40.37, 10.47);
INSERT INTO babystate (baby_id, createTime, cm, kg) VALUES ('baby22', '2015-08-28 05:40:15', 40.53, 10.72);
INSERT INTO babystate (baby_id, createTime, cm, kg) VALUES ('baby22', '2015-09-03 08:09:38', 40.65, 10.95);
INSERT INTO babystate (baby_id, createTime, cm, kg) VALUES ('baby22', '2015-09-10 08:20:43', 40.98, 11.09);
INSERT INTO babystate (baby_id, createTime, cm, kg) VALUES ('baby22', '2015-09-15 10:09:48', 41.43, 11.39);
INSERT INTO babystate (baby_id, createTime, cm, kg) VALUES ('baby22', '2015-09-25 11:20:21', 41.81, 11.48);
INSERT INTO babystate (baby_id, createTime, cm, kg) VALUES ('baby22', '2015-10-06 13:58:04', 42.25, 11.62);
INSERT INTO babystate (baby_id, createTime, cm, kg) VALUES ('baby22', '2015-10-15 17:16:16', 42.52, 11.68);
INSERT INTO babystate (baby_id, createTime, cm, kg) VALUES ('baby22', '2015-10-26 18:26:37', 43.0, 11.73);
INSERT INTO babystate (baby_id, createTime, cm, kg) VALUES ('baby22', '2015-11-05 21:29:54', 43.16, 12.01);
INSERT INTO babystate (baby_id, createTime, cm, kg) VALUES ('baby22', '2015-11-15 21:45:48', 43.54, 12.25);
INSERT INTO babystate (baby_id, createTime, cm, kg) VALUES ('baby22', '2015-11-21 23:46:31', 43.92, 12.41);
INSERT INTO babystate (baby_id, createTime, cm, kg) VALUES ('baby22', '2015-11-30 02:22:14', 44.38, 12.54);
INSERT INTO babystate (baby_id, createTime, cm, kg) VALUES ('baby22', '2015-12-12 02:44:09', 44.64, 12.77);
INSERT INTO babystate (baby_id, createTime, cm, kg) VALUES ('baby22', '2015-12-20 05:33:52', 44.95, 13.03);
INSERT INTO babystate (baby_id, createTime, cm, kg) VALUES ('baby22', '2015-12-31 06:47:02', 45.39, 13.21);
INSERT INTO babystate (baby_id, createTime, cm, kg) VALUES ('baby22', '2016-01-10 09:10:30', 45.66, 13.48);
INSERT INTO babystate (baby_id, createTime, cm, kg) VALUES ('baby22', '2016-01-18 10:30:31', 45.76, 13.7);
INSERT INTO babystate (baby_id, createTime, cm, kg) VALUES ('baby22', '2016-01-24 13:00:53', 46.05, 13.9);
INSERT INTO babystate (baby_id, createTime, cm, kg) VALUES ('baby22', '2016-02-04 14:01:07', 46.22, 14.04);
INSERT INTO babystate (baby_id, createTime, cm, kg) VALUES ('baby22', '2016-02-15 14:24:49', 46.54, 14.28);
INSERT INTO babystate (baby_id, createTime, cm, kg) VALUES ('baby22', '2016-02-26 16:44:28', 46.66, 14.51);
INSERT INTO babystate (baby_id, createTime, cm, kg) VALUES ('baby22', '2016-03-04 18:04:37', 46.83, 14.67);
INSERT INTO babystate (baby_id, createTime, cm, kg) VALUES ('baby22', '2016-03-11 18:56:31', 46.99, 14.87);
INSERT INTO babystate (baby_id, createTime, cm, kg) VALUES ('baby22', '2016-03-23 21:20:26', 47.23, 15.04);
INSERT INTO babystate (baby_id, createTime, cm, kg) VALUES ('baby22', '2016-04-04 01:03:16', 47.56, 15.2);
INSERT INTO babystate (baby_id, createTime, cm, kg) VALUES ('baby22', '2016-04-13 03:55:58', 47.81, 15.29);
INSERT INTO babystate (baby_id, createTime, cm, kg) VALUES ('baby22', '2016-04-24 04:18:45', 48.15, 15.54);
INSERT INTO babystate (baby_id, createTime, cm, kg) VALUES ('baby22', '2016-05-04 08:18:41', 48.31, 15.77);
INSERT INTO babystate (baby_id, createTime, cm, kg) VALUES ('baby22', '2016-05-11 08:21:56', 48.45, 15.86);
INSERT INTO babystate (baby_id, createTime, cm, kg) VALUES ('baby22', '2016-05-23 08:36:40', 48.87, 16.12);
INSERT INTO babystate (baby_id, createTime, cm, kg) VALUES ('baby22', '2016-06-04 08:42:44', 49.29, 16.37);
INSERT INTO babystate (baby_id, createTime, cm, kg) VALUES ('baby22', '2016-06-11 10:49:58', 49.48, 16.61);
INSERT INTO babystate (baby_id, createTime, cm, kg) VALUES ('baby22', '2016-06-17 11:53:10', 49.96, 16.9);
INSERT INTO babystate (baby_id, createTime, cm, kg) VALUES ('baby22', '2016-06-22 15:26:12', 50.44, 16.97);
INSERT INTO babystate (baby_id, createTime, cm, kg) VALUES ('baby22', '2016-06-27 16:28:40', 50.84, 17.02);
INSERT INTO babystate (baby_id, createTime, cm, kg) VALUES ('baby22', '2016-07-08 19:43:01', 51.24, 17.29);
INSERT INTO babystate (baby_id, createTime, cm, kg) VALUES ('baby22', '2016-07-13 20:18:36', 51.56, 17.5);
INSERT INTO babystate (baby_id, createTime, cm, kg) VALUES ('baby22', '2016-07-19 21:36:38', 51.94, 17.7);
INSERT INTO babystate (baby_id, createTime, cm, kg) VALUES ('baby22', '2016-07-29 22:47:32', 52.07, 17.87);
INSERT INTO babystate (baby_id, createTime, cm, kg) VALUES ('baby22', '2016-08-06 23:40:37', 52.4, 18.04);
INSERT INTO babystate (baby_id, createTime, cm, kg) VALUES ('baby22', '2016-08-14 01:56:36', 52.53, 18.28);
INSERT INTO babystate (baby_id, createTime, cm, kg) VALUES ('baby22', '2016-08-19 02:52:58', 52.7, 18.46);
INSERT INTO babystate (baby_id, createTime, cm, kg) VALUES ('baby22', '2016-08-25 04:19:03', 52.88, 18.68);
INSERT INTO babystate (baby_id, createTime, cm, kg) VALUES ('baby22', '2016-09-05 07:57:30', 53.0, 18.78);
INSERT INTO babystate (baby_id, createTime, cm, kg) VALUES ('baby22', '2016-09-13 11:46:27', 53.17, 18.91);
INSERT INTO babystate (baby_id, createTime, cm, kg) VALUES ('baby22', '2016-09-25 13:24:00', 53.29, 19.11);
INSERT INTO babystate (baby_id, createTime, cm, kg) VALUES ('baby22', '2016-09-30 14:32:08', 53.42, 19.26);
INSERT INTO babystate (baby_id, createTime, cm, kg) VALUES ('baby22', '2016-10-05 17:25:31', 53.89, 19.36);
INSERT INTO babystate (baby_id, createTime, cm, kg) VALUES ('baby22', '2016-10-14 19:37:09', 54.2, 19.45);
INSERT INTO babystate (baby_id, createTime, cm, kg) VALUES ('baby22', '2016-10-22 21:34:05', 54.37, 19.57);
INSERT INTO babystate (baby_id, createTime, cm, kg) VALUES ('baby22', '2016-11-03 00:23:49', 54.81, 19.69);
INSERT INTO babystate (baby_id, createTime, cm, kg) VALUES ('baby22', '2016-11-08 04:16:39', 55.2, 19.83);
INSERT INTO babystate (baby_id, createTime, cm, kg) VALUES ('baby22', '2016-11-19 06:01:37', 55.32, 20.02);
INSERT INTO babystate (baby_id, createTime, cm, kg) VALUES ('baby22', '2016-11-27 09:43:46', 55.66, 20.27);
INSERT INTO babystate (baby_id, createTime, cm, kg) VALUES ('baby22', '2016-12-08 10:25:26', 56.09, 20.56);
INSERT INTO babystate (baby_id, createTime, cm, kg) VALUES ('baby22', '2016-12-13 11:06:52', 56.54, 20.69);
INSERT INTO babystate (baby_id, createTime, cm, kg) VALUES ('baby22', '2016-12-18 11:08:01', 56.68, 20.79);
INSERT INTO babystate (baby_id, createTime, cm, kg) VALUES ('baby22', '2016-12-26 12:00:26', 56.8, 20.94);
INSERT INTO babystate (baby_id, createTime, cm, kg) VALUES ('baby22', '2017-01-05 14:55:51', 57.29, 21.05);
INSERT INTO baby (baby_id, obn, name, gender, birthDate, bloodType) VALUES ('baby23', 'obnbaby23', '장지호', 0, '2018-11-08 23:20:45', ' O-');
INSERT INTO babystate (baby_id, createTime, cm, kg) VALUES ('baby23', '2018-11-21 03:04:48', 47.69, 4.24);
INSERT INTO babystate (baby_id, createTime, cm, kg) VALUES ('baby23', '2018-12-02 04:06:31', 47.86, 4.35);
INSERT INTO babystate (baby_id, createTime, cm, kg) VALUES ('baby23', '2018-12-07 06:52:53', 48.35, 4.54);
INSERT INTO babystate (baby_id, createTime, cm, kg) VALUES ('baby23', '2018-12-19 07:53:53', 48.57, 4.83);
INSERT INTO babystate (baby_id, createTime, cm, kg) VALUES ('baby23', '2018-12-31 08:48:53', 48.96, 5.04);
INSERT INTO babystate (baby_id, createTime, cm, kg) VALUES ('baby23', '2019-01-10 09:45:59', 49.11, 5.2);
INSERT INTO babystate (baby_id, createTime, cm, kg) VALUES ('baby23', '2019-01-20 10:09:19', 49.28, 5.28);
INSERT INTO babystate (baby_id, createTime, cm, kg) VALUES ('baby23', '2019-01-29 13:19:51', 49.64, 5.39);
INSERT INTO babystate (baby_id, createTime, cm, kg) VALUES ('baby23', '2019-02-08 17:12:02', 49.94, 5.62);
INSERT INTO babystate (baby_id, createTime, cm, kg) VALUES ('baby23', '2019-02-15 20:20:17', 50.14, 5.75);
INSERT INTO babystate (baby_id, createTime, cm, kg) VALUES ('baby23', '2019-02-24 21:03:45', 50.29, 5.86);
INSERT INTO babystate (baby_id, createTime, cm, kg) VALUES ('baby23', '2019-03-04 21:29:59', 50.71, 6.0);
INSERT INTO babystate (baby_id, createTime, cm, kg) VALUES ('baby23', '2019-03-11 23:20:37', 50.85, 6.05);
INSERT INTO babystate (baby_id, createTime, cm, kg) VALUES ('baby23', '2019-03-21 02:01:09', 51.22, 6.19);
INSERT INTO babystate (baby_id, createTime, cm, kg) VALUES ('baby23', '2019-03-26 02:01:28', 51.35, 6.26);
INSERT INTO babystate (baby_id, createTime, cm, kg) VALUES ('baby23', '2019-03-31 03:12:37', 51.49, 6.35);
INSERT INTO babystate (baby_id, createTime, cm, kg) VALUES ('baby23', '2019-04-11 05:54:36', 51.84, 6.45);
INSERT INTO babystate (baby_id, createTime, cm, kg) VALUES ('baby23', '2019-04-18 09:50:59', 51.98, 6.64);
INSERT INTO babystate (baby_id, createTime, cm, kg) VALUES ('baby23', '2019-04-27 10:56:16', 52.25, 6.77);
INSERT INTO babystate (baby_id, createTime, cm, kg) VALUES ('baby23', '2019-05-05 14:35:17', 52.66, 7.01);
INSERT INTO babystate (baby_id, createTime, cm, kg) VALUES ('baby23', '2019-05-17 14:56:31', 53.04, 7.3);
INSERT INTO babystate (baby_id, createTime, cm, kg) VALUES ('baby23', '2019-05-28 17:17:54', 53.22, 7.56);
INSERT INTO babystate (baby_id, createTime, cm, kg) VALUES ('baby23', '2019-06-08 18:49:05', 53.51, 7.78);
INSERT INTO babystate (baby_id, createTime, cm, kg) VALUES ('baby23', '2019-06-19 19:23:54', 53.77, 7.91);
INSERT INTO babystate (baby_id, createTime, cm, kg) VALUES ('baby23', '2019-06-29 20:21:10', 54.17, 8.03);
INSERT INTO babystate (baby_id, createTime, cm, kg) VALUES ('baby23', '2019-07-05 22:13:24', 54.44, 8.27);
INSERT INTO babystate (baby_id, createTime, cm, kg) VALUES ('baby23', '2019-07-15 22:19:51', 54.86, 8.39);
INSERT INTO babystate (baby_id, createTime, cm, kg) VALUES ('baby23', '2019-07-27 00:52:43', 55.31, 8.55);
INSERT INTO babystate (baby_id, createTime, cm, kg) VALUES ('baby23', '2019-08-05 02:56:48', 55.76, 8.65);
INSERT INTO babystate (baby_id, createTime, cm, kg) VALUES ('baby23', '2019-08-10 05:30:48', 55.9, 8.94);
INSERT INTO babystate (baby_id, createTime, cm, kg) VALUES ('baby23', '2019-08-15 05:41:50', 56.23, 9.09);
INSERT INTO babystate (baby_id, createTime, cm, kg) VALUES ('baby23', '2019-08-20 07:06:19', 56.67, 9.33);
INSERT INTO babystate (baby_id, createTime, cm, kg) VALUES ('baby23', '2019-08-28 07:51:06', 57.1, 9.48);
INSERT INTO babystate (baby_id, createTime, cm, kg) VALUES ('baby23', '2019-09-06 11:28:05', 57.32, 9.58);
INSERT INTO babystate (baby_id, createTime, cm, kg) VALUES ('baby23', '2019-09-15 14:13:58', 57.82, 9.64);
INSERT INTO babystate (baby_id, createTime, cm, kg) VALUES ('baby23', '2019-09-23 14:32:28', 58.31, 9.89);
INSERT INTO babystate (baby_id, createTime, cm, kg) VALUES ('baby23', '2019-09-30 17:09:21', 58.54, 10.02);
INSERT INTO babystate (baby_id, createTime, cm, kg) VALUES ('baby23', '2019-10-07 19:22:42', 58.94, 10.21);
INSERT INTO babystate (baby_id, createTime, cm, kg) VALUES ('baby23', '2019-10-12 21:24:32', 59.34, 10.47);
INSERT INTO babystate (baby_id, createTime, cm, kg) VALUES ('baby23', '2019-10-19 00:00:00', 59.83, 10.71);
INSERT INTO babystate (baby_id, createTime, cm, kg) VALUES ('baby23', '2019-10-30 03:38:25', 60.02, 10.94);
INSERT INTO babystate (baby_id, createTime, cm, kg) VALUES ('baby23', '2019-11-08 05:44:19', 60.22, 11.22);
INSERT INTO babystate (baby_id, createTime, cm, kg) VALUES ('baby23', '2019-11-20 07:32:52', 60.64, 11.3);
INSERT INTO babystate (baby_id, createTime, cm, kg) VALUES ('baby23', '2019-11-27 10:43:42', 60.81, 11.39);
INSERT INTO babystate (baby_id, createTime, cm, kg) VALUES ('baby23', '2019-12-09 12:02:32', 61.15, 11.64);
INSERT INTO babystate (baby_id, createTime, cm, kg) VALUES ('baby23', '2019-12-19 12:41:58', 61.27, 11.91);
INSERT INTO babystate (baby_id, createTime, cm, kg) VALUES ('baby23', '2019-12-28 14:47:11', 61.72, 12.01);
INSERT INTO babystate (baby_id, createTime, cm, kg) VALUES ('baby23', '2020-01-06 15:42:58', 62.17, 12.08);
INSERT INTO babystate (baby_id, createTime, cm, kg) VALUES ('baby23', '2020-01-15 17:21:30', 62.44, 12.18);
INSERT INTO babystate (baby_id, createTime, cm, kg) VALUES ('baby23', '2020-01-20 18:32:04', 62.66, 12.47);
INSERT INTO babystate (baby_id, createTime, cm, kg) VALUES ('baby23', '2020-01-29 19:07:22', 62.88, 12.62);
INSERT INTO babystate (baby_id, createTime, cm, kg) VALUES ('baby23', '2020-02-03 22:12:11', 63.29, 12.73);
INSERT INTO babystate (baby_id, createTime, cm, kg) VALUES ('baby23', '2020-02-13 01:52:05', 63.51, 12.8);
INSERT INTO babystate (baby_id, createTime, cm, kg) VALUES ('baby23', '2020-02-24 05:44:08', 64.0, 12.87);
INSERT INTO babystate (baby_id, createTime, cm, kg) VALUES ('baby23', '2020-03-01 05:57:45', 64.39, 12.95);
INSERT INTO babystate (baby_id, createTime, cm, kg) VALUES ('baby23', '2020-03-09 06:19:09', 64.54, 13.1);
INSERT INTO babystate (baby_id, createTime, cm, kg) VALUES ('baby23', '2020-03-16 09:34:13', 64.68, 13.2);
INSERT INTO babystate (baby_id, createTime, cm, kg) VALUES ('baby23', '2020-03-21 11:09:01', 64.78, 13.36);
INSERT INTO babystate (baby_id, createTime, cm, kg) VALUES ('baby23', '2020-04-02 14:46:45', 65.2, 13.66);
INSERT INTO babystate (baby_id, createTime, cm, kg) VALUES ('baby23', '2020-04-13 16:47:26', 65.47, 13.86);
INSERT INTO babystate (baby_id, createTime, cm, kg) VALUES ('baby23', '2020-04-25 19:48:57', 65.79, 14.03);
INSERT INTO babystate (baby_id, createTime, cm, kg) VALUES ('baby23', '2020-05-04 21:49:42', 66.1, 14.12);
INSERT INTO babystate (baby_id, createTime, cm, kg) VALUES ('baby23', '2020-05-12 22:53:37', 66.43, 14.22);
INSERT INTO babystate (baby_id, createTime, cm, kg) VALUES ('baby23', '2020-05-24 02:29:38', 66.66, 14.33);
INSERT INTO babystate (baby_id, createTime, cm, kg) VALUES ('baby23', '2020-06-05 05:59:49', 66.84, 14.59);
INSERT INTO babystate (baby_id, createTime, cm, kg) VALUES ('baby23', '2020-06-12 09:44:57', 67.3, 14.86);
INSERT INTO babystate (baby_id, createTime, cm, kg) VALUES ('baby23', '2020-06-20 10:01:27', 67.46, 14.93);
INSERT INTO babystate (baby_id, createTime, cm, kg) VALUES ('baby23', '2020-07-01 11:31:40', 67.81, 15.08);
INSERT INTO babystate (baby_id, createTime, cm, kg) VALUES ('baby23', '2020-07-10 14:03:29', 68.11, 15.19);
INSERT INTO babystate (baby_id, createTime, cm, kg) VALUES ('baby23', '2020-07-19 17:41:18', 68.59, 15.49);
INSERT INTO babystate (baby_id, createTime, cm, kg) VALUES ('baby23', '2020-07-30 20:15:33', 69.02, 15.66);
INSERT INTO babystate (baby_id, createTime, cm, kg) VALUES ('baby23', '2020-08-08 21:15:20', 69.32, 15.89);
INSERT INTO babystate (baby_id, createTime, cm, kg) VALUES ('baby23', '2020-08-13 23:51:33', 69.5, 15.96);
INSERT INTO babystate (baby_id, createTime, cm, kg) VALUES ('baby23', '2020-08-26 01:20:03', 69.75, 16.01);
INSERT INTO babystate (baby_id, createTime, cm, kg) VALUES ('baby23', '2020-09-01 04:32:23', 69.93, 16.14);
INSERT INTO babystate (baby_id, createTime, cm, kg) VALUES ('baby23', '2020-09-10 05:50:59', 70.41, 16.2);
INSERT INTO babystate (baby_id, createTime, cm, kg) VALUES ('baby23', '2020-09-16 06:34:13', 70.52, 16.28);
INSERT INTO babystate (baby_id, createTime, cm, kg) VALUES ('baby23', '2020-09-25 09:20:32', 71.0, 16.47);
INSERT INTO babystate (baby_id, createTime, cm, kg) VALUES ('baby23', '2020-10-07 09:50:24', 71.37, 16.66);
INSERT INTO babystate (baby_id, createTime, cm, kg) VALUES ('baby23', '2020-10-18 11:38:59', 71.75, 16.77);
INSERT INTO babystate (baby_id, createTime, cm, kg) VALUES ('baby23', '2020-10-24 15:24:10', 71.87, 16.99);
INSERT INTO babystate (baby_id, createTime, cm, kg) VALUES ('baby23', '2020-11-01 17:25:03', 72.28, 17.25);
INSERT INTO babystate (baby_id, createTime, cm, kg) VALUES ('baby23', '2020-11-06 20:13:36', 72.73, 17.52);
INSERT INTO babystate (baby_id, createTime, cm, kg) VALUES ('baby23', '2020-11-16 21:33:36', 72.98, 17.76);
INSERT INTO babystate (baby_id, createTime, cm, kg) VALUES ('baby23', '2020-11-25 21:45:57', 73.2, 17.9);
INSERT INTO babystate (baby_id, createTime, cm, kg) VALUES ('baby23', '2020-12-08 00:02:53', 73.51, 18.12);
INSERT INTO babystate (baby_id, createTime, cm, kg) VALUES ('baby23', '2020-12-19 01:48:57', 73.7, 18.23);
INSERT INTO babystate (baby_id, createTime, cm, kg) VALUES ('baby23', '2020-12-31 02:05:39', 73.99, 18.48);
INSERT INTO babystate (baby_id, createTime, cm, kg) VALUES ('baby23', '2021-01-06 04:51:23', 74.44, 18.58);
INSERT INTO babystate (baby_id, createTime, cm, kg) VALUES ('baby23', '2021-01-12 06:07:50', 74.57, 18.84);
INSERT INTO babystate (baby_id, createTime, cm, kg) VALUES ('baby23', '2021-01-22 08:35:08', 74.75, 18.98);
INSERT INTO babystate (baby_id, createTime, cm, kg) VALUES ('baby23', '2021-02-02 10:20:31', 74.9, 19.18);
INSERT INTO babystate (baby_id, createTime, cm, kg) VALUES ('baby23', '2021-02-09 12:31:22', 75.12, 19.43);
INSERT INTO babystate (baby_id, createTime, cm, kg) VALUES ('baby23', '2021-02-18 14:48:12', 75.44, 19.49);
INSERT INTO babystate (baby_id, createTime, cm, kg) VALUES ('baby23', '2021-02-27 17:22:13', 75.54, 19.61);
INSERT INTO babystate (baby_id, createTime, cm, kg) VALUES ('baby23', '2021-03-06 18:57:32', 76.03, 19.87);
INSERT INTO babystate (baby_id, createTime, cm, kg) VALUES ('baby23', '2021-03-15 19:31:56', 76.38, 20.17);
INSERT INTO babystate (baby_id, createTime, cm, kg) VALUES ('baby23', '2021-03-27 20:02:56', 76.54, 20.24);
INSERT INTO babystate (baby_id, createTime, cm, kg) VALUES ('baby23', '2021-04-04 21:47:52', 76.83, 20.33);
INSERT INTO babystate (baby_id, createTime, cm, kg) VALUES ('baby23', '2021-04-16 22:49:51', 77.24, 20.49);
INSERT INTO baby (baby_id, obn, name, gender, birthDate, bloodType) VALUES ('baby31', 'obnbaby31', '한유진', 1, '2019-12-06 17:45:40', ' B-');
INSERT INTO babystate (baby_id, createTime, cm, kg) VALUES ('baby31', '2019-12-17 18:37:19', 39.6, 4.94);
INSERT INTO babystate (baby_id, createTime, cm, kg) VALUES ('baby31', '2019-12-26 21:49:15', 40.02, 5.0);
INSERT INTO babystate (baby_id, createTime, cm, kg) VALUES ('baby31', '2020-01-08 00:02:41', 40.28, 5.13);
INSERT INTO babystate (baby_id, createTime, cm, kg) VALUES ('baby31', '2020-01-14 00:23:27', 40.69, 5.2);
INSERT INTO babystate (baby_id, createTime, cm, kg) VALUES ('baby31', '2020-01-25 03:44:14', 41.12, 5.37);
INSERT INTO babystate (baby_id, createTime, cm, kg) VALUES ('baby31', '2020-01-31 07:16:50', 41.43, 5.59);
INSERT INTO babystate (baby_id, createTime, cm, kg) VALUES ('baby31', '2020-02-10 08:04:12', 41.82, 5.88);
INSERT INTO babystate (baby_id, createTime, cm, kg) VALUES ('baby31', '2020-02-16 11:52:44', 42.14, 6.1);
INSERT INTO babystate (baby_id, createTime, cm, kg) VALUES ('baby31', '2020-02-25 12:55:47', 42.42, 6.36);
INSERT INTO babystate (baby_id, createTime, cm, kg) VALUES ('baby31', '2020-03-08 15:09:16', 42.55, 6.66);
INSERT INTO babystate (baby_id, createTime, cm, kg) VALUES ('baby31', '2020-03-13 16:29:33', 42.8, 6.93);
INSERT INTO babystate (baby_id, createTime, cm, kg) VALUES ('baby31', '2020-03-22 16:41:17', 43.19, 7.09);
INSERT INTO babystate (baby_id, createTime, cm, kg) VALUES ('baby31', '2020-03-30 18:04:46', 43.45, 7.33);
INSERT INTO babystate (baby_id, createTime, cm, kg) VALUES ('baby31', '2020-04-06 19:55:44', 43.93, 7.54);
INSERT INTO babystate (baby_id, createTime, cm, kg) VALUES ('baby31', '2020-04-13 22:24:43', 44.03, 7.69);
INSERT INTO babystate (baby_id, createTime, cm, kg) VALUES ('baby31', '2020-04-20 23:44:17', 44.48, 7.74);
INSERT INTO babystate (baby_id, createTime, cm, kg) VALUES ('baby31', '2020-04-26 00:34:58', 44.91, 7.9);
INSERT INTO babystate (baby_id, createTime, cm, kg) VALUES ('baby31', '2020-05-02 01:34:26', 45.25, 8.07);
INSERT INTO babystate (baby_id, createTime, cm, kg) VALUES ('baby31', '2020-05-08 05:02:47', 45.39, 8.13);
INSERT INTO babystate (baby_id, createTime, cm, kg) VALUES ('baby31', '2020-05-18 05:14:10', 45.65, 8.23);
INSERT INTO babystate (baby_id, createTime, cm, kg) VALUES ('baby31', '2020-05-27 09:00:25', 45.94, 8.37);
INSERT INTO babystate (baby_id, createTime, cm, kg) VALUES ('baby31', '2020-06-03 11:12:37', 46.32, 8.64);
INSERT INTO babystate (baby_id, createTime, cm, kg) VALUES ('baby31', '2020-06-11 14:29:07', 46.63, 8.91);
INSERT INTO babystate (baby_id, createTime, cm, kg) VALUES ('baby31', '2020-06-20 16:14:58', 46.9, 9.1);
INSERT INTO babystate (baby_id, createTime, cm, kg) VALUES ('baby31', '2020-06-29 16:17:23', 47.05, 9.35);
INSERT INTO babystate (baby_id, createTime, cm, kg) VALUES ('baby31', '2020-07-09 18:08:28', 47.43, 9.48);
INSERT INTO babystate (baby_id, createTime, cm, kg) VALUES ('baby31', '2020-07-14 19:48:29', 47.76, 9.63);
INSERT INTO babystate (baby_id, createTime, cm, kg) VALUES ('baby31', '2020-07-23 20:03:22', 47.95, 9.73);
INSERT INTO babystate (baby_id, createTime, cm, kg) VALUES ('baby31', '2020-08-02 23:47:03', 48.14, 9.87);
INSERT INTO babystate (baby_id, createTime, cm, kg) VALUES ('baby31', '2020-08-10 03:07:24', 48.49, 10.15);
INSERT INTO babystate (baby_id, createTime, cm, kg) VALUES ('baby31', '2020-08-18 04:42:16', 48.87, 10.43);
INSERT INTO babystate (baby_id, createTime, cm, kg) VALUES ('baby31', '2020-08-30 05:42:17', 49.02, 10.64);
INSERT INTO babystate (baby_id, createTime, cm, kg) VALUES ('baby31', '2020-09-04 07:43:02', 49.32, 10.84);
INSERT INTO babystate (baby_id, createTime, cm, kg) VALUES ('baby31', '2020-09-15 11:07:09', 49.62, 10.94);
INSERT INTO babystate (baby_id, createTime, cm, kg) VALUES ('baby31', '2020-09-20 13:04:36', 49.81, 11.05);
INSERT INTO babystate (baby_id, createTime, cm, kg) VALUES ('baby31', '2020-10-01 13:17:20', 49.96, 11.29);
INSERT INTO babystate (baby_id, createTime, cm, kg) VALUES ('baby31', '2020-10-11 14:21:15', 50.16, 11.53);
INSERT INTO babystate (baby_id, createTime, cm, kg) VALUES ('baby31', '2020-10-21 17:56:53', 50.52, 11.78);
INSERT INTO babystate (baby_id, createTime, cm, kg) VALUES ('baby31', '2020-11-01 18:00:52', 50.83, 12.01);
INSERT INTO babystate (baby_id, createTime, cm, kg) VALUES ('baby31', '2020-11-07 20:43:34', 51.26, 12.09);
INSERT INTO babystate (baby_id, createTime, cm, kg) VALUES ('baby31', '2020-11-18 22:27:13', 51.55, 12.28);
INSERT INTO babystate (baby_id, createTime, cm, kg) VALUES ('baby31', '2020-11-29 23:40:09', 51.75, 12.44);
INSERT INTO babystate (baby_id, createTime, cm, kg) VALUES ('baby31', '2020-12-11 00:05:04', 52.14, 12.57);
INSERT INTO babystate (baby_id, createTime, cm, kg) VALUES ('baby31', '2020-12-22 00:41:51', 52.28, 12.82);
INSERT INTO babystate (baby_id, createTime, cm, kg) VALUES ('baby31', '2020-12-30 00:47:23', 52.7, 13.1);
INSERT INTO babystate (baby_id, createTime, cm, kg) VALUES ('baby31', '2021-01-04 04:35:17', 53.12, 13.19);
INSERT INTO babystate (baby_id, createTime, cm, kg) VALUES ('baby31', '2021-01-12 04:52:50', 53.23, 13.4);
INSERT INTO babystate (baby_id, createTime, cm, kg) VALUES ('baby31', '2021-01-17 05:34:46', 53.42, 13.56);
INSERT INTO babystate (baby_id, createTime, cm, kg) VALUES ('baby31', '2021-01-24 09:19:04', 53.62, 13.69);
INSERT INTO babystate (baby_id, createTime, cm, kg) VALUES ('baby31', '2021-01-29 10:25:54', 53.99, 13.96);
INSERT INTO babystate (baby_id, createTime, cm, kg) VALUES ('baby31', '2021-02-05 12:09:50', 54.24, 14.19);
INSERT INTO babystate (baby_id, createTime, cm, kg) VALUES ('baby31', '2021-02-12 14:51:59', 54.58, 14.46);
INSERT INTO babystate (baby_id, createTime, cm, kg) VALUES ('baby31', '2021-02-18 16:05:19', 54.89, 14.63);
INSERT INTO babystate (baby_id, createTime, cm, kg) VALUES ('baby31', '2021-02-23 18:36:41', 55.17, 14.84);
INSERT INTO babystate (baby_id, createTime, cm, kg) VALUES ('baby31', '2021-03-04 19:19:43', 55.55, 14.92);
INSERT INTO babystate (baby_id, createTime, cm, kg) VALUES ('baby31', '2021-03-14 20:06:59', 55.67, 15.15);
INSERT INTO babystate (baby_id, createTime, cm, kg) VALUES ('baby31', '2021-03-26 20:47:50', 56.07, 15.43);
INSERT INTO babystate (baby_id, createTime, cm, kg) VALUES ('baby31', '2021-04-02 22:05:47', 56.47, 15.53);
INSERT INTO babystate (baby_id, createTime, cm, kg) VALUES ('baby31', '2021-04-09 23:30:39', 56.69, 15.6);
INSERT INTO babystate (baby_id, createTime, cm, kg) VALUES ('baby31', '2021-04-16 01:10:15', 56.81, 15.88);
INSERT INTO babystate (baby_id, createTime, cm, kg) VALUES ('baby31', '2021-04-23 03:31:55', 57.13, 16.08);
INSERT INTO babystate (baby_id, createTime, cm, kg) VALUES ('baby31', '2021-05-01 04:46:58', 57.52, 16.14);
INSERT INTO babystate (baby_id, createTime, cm, kg) VALUES ('baby31', '2021-05-13 06:55:08', 57.71, 16.31);
INSERT INTO babystate (baby_id, createTime, cm, kg) VALUES ('baby31', '2021-05-22 07:04:50', 58.1, 16.55);
INSERT INTO babystate (baby_id, createTime, cm, kg) VALUES ('baby31', '2021-06-03 10:59:11', 58.44, 16.74);
INSERT INTO babystate (baby_id, createTime, cm, kg) VALUES ('baby31', '2021-06-14 14:47:46', 58.77, 17.03);
INSERT INTO babystate (baby_id, createTime, cm, kg) VALUES ('baby31', '2021-06-20 17:19:34', 59.26, 17.14);
INSERT INTO babystate (baby_id, createTime, cm, kg) VALUES ('baby31', '2021-06-25 17:23:12', 59.69, 17.35);
INSERT INTO babystate (baby_id, createTime, cm, kg) VALUES ('baby31', '2021-07-05 20:48:00', 60.02, 17.51);
INSERT INTO babystate (baby_id, createTime, cm, kg) VALUES ('baby31', '2021-07-14 23:08:48', 60.42, 17.7);
INSERT INTO babystate (baby_id, createTime, cm, kg) VALUES ('baby31', '2021-07-20 02:44:51', 60.59, 17.85);
INSERT INTO babystate (baby_id, createTime, cm, kg) VALUES ('baby31', '2021-07-31 03:22:24', 60.75, 18.02);
INSERT INTO babystate (baby_id, createTime, cm, kg) VALUES ('baby31', '2021-08-08 04:45:06', 61.13, 18.14);
INSERT INTO babystate (baby_id, createTime, cm, kg) VALUES ('baby31', '2021-08-13 08:26:22', 61.26, 18.24);
INSERT INTO babystate (baby_id, createTime, cm, kg) VALUES ('baby31', '2021-08-19 10:28:36', 61.42, 18.46);
INSERT INTO babystate (baby_id, createTime, cm, kg) VALUES ('baby31', '2021-08-24 13:22:53', 61.67, 18.75);
INSERT INTO babystate (baby_id, createTime, cm, kg) VALUES ('baby31', '2021-09-01 14:42:01', 61.88, 18.85);
INSERT INTO babystate (baby_id, createTime, cm, kg) VALUES ('baby31', '2021-09-07 16:22:28', 62.3, 19.15);
INSERT INTO babystate (baby_id, createTime, cm, kg) VALUES ('baby31', '2021-09-16 17:02:20', 62.46, 19.33);
INSERT INTO babystate (baby_id, createTime, cm, kg) VALUES ('baby31', '2021-09-22 19:21:05', 62.64, 19.56);
INSERT INTO babystate (baby_id, createTime, cm, kg) VALUES ('baby31', '2021-09-28 21:28:26', 62.74, 19.85);
INSERT INTO babystate (baby_id, createTime, cm, kg) VALUES ('baby31', '2021-10-03 23:13:58', 62.96, 20.05);
INSERT INTO babystate (baby_id, createTime, cm, kg) VALUES ('baby31', '2021-10-12 23:53:56', 63.12, 20.35);
INSERT INTO babystate (baby_id, createTime, cm, kg) VALUES ('baby31', '2021-10-22 02:00:49', 63.52, 20.46);
INSERT INTO babystate (baby_id, createTime, cm, kg) VALUES ('baby31', '2021-10-28 03:49:47', 63.95, 20.71);
INSERT INTO babystate (baby_id, createTime, cm, kg) VALUES ('baby31', '2021-11-03 06:58:16', 64.15, 20.8);
INSERT INTO babystate (baby_id, createTime, cm, kg) VALUES ('baby31', '2021-11-14 07:23:01', 64.3, 20.94);
INSERT INTO babystate (baby_id, createTime, cm, kg) VALUES ('baby31', '2021-11-21 08:12:21', 64.5, 21.13);
INSERT INTO babystate (baby_id, createTime, cm, kg) VALUES ('baby31', '2021-11-28 09:50:16', 64.71, 21.21);
INSERT INTO babystate (baby_id, createTime, cm, kg) VALUES ('baby31', '2021-12-10 11:00:41', 64.89, 21.26);
INSERT INTO babystate (baby_id, createTime, cm, kg) VALUES ('baby31', '2021-12-15 14:37:16', 65.38, 21.49);
INSERT INTO babystate (baby_id, createTime, cm, kg) VALUES ('baby31', '2021-12-25 15:35:59', 65.71, 21.71);
INSERT INTO babystate (baby_id, createTime, cm, kg) VALUES ('baby31', '2021-12-30 16:30:20', 65.99, 21.87);
INSERT INTO babystate (baby_id, createTime, cm, kg) VALUES ('baby31', '2022-01-11 16:47:07', 66.2, 22.02);
INSERT INTO babystate (baby_id, createTime, cm, kg) VALUES ('baby31', '2022-01-16 19:32:27', 66.41, 22.27);
INSERT INTO babystate (baby_id, createTime, cm, kg) VALUES ('baby31', '2022-01-27 22:34:43', 66.73, 22.33);
INSERT INTO babystate (baby_id, createTime, cm, kg) VALUES ('baby31', '2022-02-05 00:58:53', 66.94, 22.59);
INSERT INTO babystate (baby_id, createTime, cm, kg) VALUES ('baby31', '2022-02-13 03:51:16', 67.22, 22.83);
INSERT INTO babystate (baby_id, createTime, cm, kg) VALUES ('baby31', '2022-02-18 05:58:35', 67.63, 22.97);
INSERT INTO babystate (baby_id, createTime, cm, kg) VALUES ('baby31', '2022-02-24 06:20:59', 68.12, 23.18);
INSERT INTO baby (baby_id, obn, name, gender, birthDate, bloodType) VALUES ('baby32', 'obnbaby32', '오은서', 1, '2013-06-25 05:04:37', 'AB+');
INSERT INTO babystate (baby_id, createTime, cm, kg) VALUES ('baby32', '2013-07-05 06:43:42', 37.44, 4.31);
INSERT INTO babystate (baby_id, createTime, cm, kg) VALUES ('baby32', '2013-07-12 08:46:05', 37.86, 4.46);
INSERT INTO babystate (baby_id, createTime, cm, kg) VALUES ('baby32', '2013-07-20 11:20:53', 38.24, 4.65);
INSERT INTO babystate (baby_id, createTime, cm, kg) VALUES ('baby32', '2013-07-27 13:53:59', 38.62, 4.89);
INSERT INTO babystate (baby_id, createTime, cm, kg) VALUES ('baby32', '2013-08-04 15:28:57', 38.96, 5.09);
INSERT INTO babystate (baby_id, createTime, cm, kg) VALUES ('baby32', '2013-08-10 16:40:09', 39.36, 5.15);
INSERT INTO babystate (baby_id, createTime, cm, kg) VALUES ('baby32', '2013-08-19 20:00:31', 39.56, 5.25);
INSERT INTO babystate (baby_id, createTime, cm, kg) VALUES ('baby32', '2013-08-26 22:26:09', 39.85, 5.35);
INSERT INTO babystate (baby_id, createTime, cm, kg) VALUES ('baby32', '2013-09-04 00:11:55', 40.2, 5.47);
INSERT INTO babystate (baby_id, createTime, cm, kg) VALUES ('baby32', '2013-09-09 02:20:11', 40.59, 5.6);
INSERT INTO babystate (baby_id, createTime, cm, kg) VALUES ('baby32', '2013-09-21 02:23:06', 40.97, 5.84);
INSERT INTO babystate (baby_id, createTime, cm, kg) VALUES ('baby32', '2013-10-03 05:59:35', 41.21, 5.96);
INSERT INTO babystate (baby_id, createTime, cm, kg) VALUES ('baby32', '2013-10-15 09:24:18', 41.37, 6.12);
INSERT INTO babystate (baby_id, createTime, cm, kg) VALUES ('baby32', '2013-10-27 11:12:59', 41.67, 6.29);
INSERT INTO babystate (baby_id, createTime, cm, kg) VALUES ('baby32', '2013-11-08 14:14:24', 41.96, 6.48);
INSERT INTO babystate (baby_id, createTime, cm, kg) VALUES ('baby32', '2013-11-20 16:38:48', 42.34, 6.54);
INSERT INTO babystate (baby_id, createTime, cm, kg) VALUES ('baby32', '2013-11-30 17:57:25', 42.45, 6.76);
INSERT INTO babystate (baby_id, createTime, cm, kg) VALUES ('baby32', '2013-12-09 19:08:59', 42.92, 7.05);
INSERT INTO babystate (baby_id, createTime, cm, kg) VALUES ('baby32', '2013-12-17 19:30:55', 43.04, 7.27);
INSERT INTO babystate (baby_id, createTime, cm, kg) VALUES ('baby32', '2013-12-29 23:00:05', 43.39, 7.47);
INSERT INTO babystate (baby_id, createTime, cm, kg) VALUES ('baby32', '2014-01-08 23:39:18', 43.69, 7.52);
INSERT INTO babystate (baby_id, createTime, cm, kg) VALUES ('baby32', '2014-01-15 01:14:14', 44.09, 7.73);
INSERT INTO babystate (baby_id, createTime, cm, kg) VALUES ('baby32', '2014-01-22 01:46:01', 44.27, 7.89);
INSERT INTO babystate (baby_id, createTime, cm, kg) VALUES ('baby32', '2014-02-03 03:24:41', 44.44, 8.09);
INSERT INTO babystate (baby_id, createTime, cm, kg) VALUES ('baby32', '2014-02-14 05:31:24', 44.8, 8.25);
INSERT INTO babystate (baby_id, createTime, cm, kg) VALUES ('baby32', '2014-02-21 09:19:24', 45.12, 8.49);
INSERT INTO babystate (baby_id, createTime, cm, kg) VALUES ('baby32', '2014-02-28 12:08:07', 45.29, 8.71);
INSERT INTO babystate (baby_id, createTime, cm, kg) VALUES ('baby32', '2014-03-12 15:03:45', 45.7, 9.0);
INSERT INTO babystate (baby_id, createTime, cm, kg) VALUES ('baby32', '2014-03-17 16:34:45', 46.06, 9.1);
INSERT INTO babystate (baby_id, createTime, cm, kg) VALUES ('baby32', '2014-03-28 19:50:18', 46.34, 9.34);
INSERT INTO babystate (baby_id, createTime, cm, kg) VALUES ('baby32', '2014-04-04 22:59:26', 46.57, 9.55);
INSERT INTO babystate (baby_id, createTime, cm, kg) VALUES ('baby32', '2014-04-15 01:36:07', 47.05, 9.83);
INSERT INTO babystate (baby_id, createTime, cm, kg) VALUES ('baby32', '2014-04-20 03:34:55', 47.18, 10.08);
INSERT INTO babystate (baby_id, createTime, cm, kg) VALUES ('baby32', '2014-04-26 07:19:09', 47.48, 10.18);
INSERT INTO babystate (baby_id, createTime, cm, kg) VALUES ('baby32', '2014-05-02 11:08:57', 47.61, 10.31);
INSERT INTO babystate (baby_id, createTime, cm, kg) VALUES ('baby32', '2014-05-11 12:56:58', 47.79, 10.58);
INSERT INTO babystate (baby_id, createTime, cm, kg) VALUES ('baby32', '2014-05-17 14:03:53', 48.26, 10.76);
INSERT INTO babystate (baby_id, createTime, cm, kg) VALUES ('baby32', '2014-05-27 15:19:20', 48.47, 11.0);
INSERT INTO babystate (baby_id, createTime, cm, kg) VALUES ('baby32', '2014-06-06 15:26:40', 48.9, 11.29);
INSERT INTO babystate (baby_id, createTime, cm, kg) VALUES ('baby32', '2014-06-13 17:09:21', 49.05, 11.59);
INSERT INTO babystate (baby_id, createTime, cm, kg) VALUES ('baby32', '2014-06-19 20:47:10', 49.42, 11.65);
INSERT INTO babystate (baby_id, createTime, cm, kg) VALUES ('baby32', '2014-06-24 23:47:37', 49.67, 11.9);
INSERT INTO babystate (baby_id, createTime, cm, kg) VALUES ('baby32', '2014-07-02 00:53:59', 50.09, 11.98);
INSERT INTO babystate (baby_id, createTime, cm, kg) VALUES ('baby32', '2014-07-09 04:05:18', 50.21, 12.05);
INSERT INTO babystate (baby_id, createTime, cm, kg) VALUES ('baby32', '2014-07-19 05:04:53', 50.64, 12.18);
INSERT INTO babystate (baby_id, createTime, cm, kg) VALUES ('baby32', '2014-07-27 08:30:44', 50.83, 12.31);
INSERT INTO babystate (baby_id, createTime, cm, kg) VALUES ('baby32', '2014-08-08 09:04:51', 51.18, 12.49);
INSERT INTO babystate (baby_id, createTime, cm, kg) VALUES ('baby32', '2014-08-20 11:23:16', 51.54, 12.61);
INSERT INTO babystate (baby_id, createTime, cm, kg) VALUES ('baby32', '2014-09-01 13:51:30', 51.84, 12.9);
INSERT INTO babystate (baby_id, createTime, cm, kg) VALUES ('baby32', '2014-09-11 16:52:33', 52.29, 13.05);
INSERT INTO babystate (baby_id, createTime, cm, kg) VALUES ('baby32', '2014-09-17 20:24:41', 52.67, 13.13);
INSERT INTO babystate (baby_id, createTime, cm, kg) VALUES ('baby32', '2014-09-24 21:40:09', 52.79, 13.24);
INSERT INTO babystate (baby_id, createTime, cm, kg) VALUES ('baby32', '2014-10-01 00:00:12', 52.99, 13.33);
INSERT INTO babystate (baby_id, createTime, cm, kg) VALUES ('baby32', '2014-10-10 02:06:38', 53.46, 13.53);
INSERT INTO babystate (baby_id, createTime, cm, kg) VALUES ('baby32', '2014-10-22 05:19:24', 53.86, 13.64);
INSERT INTO babystate (baby_id, createTime, cm, kg) VALUES ('baby32', '2014-10-30 08:35:12', 54.28, 13.7);
INSERT INTO babystate (baby_id, createTime, cm, kg) VALUES ('baby32', '2014-11-07 09:46:31', 54.43, 13.86);
INSERT INTO babystate (baby_id, createTime, cm, kg) VALUES ('baby32', '2014-11-13 11:08:34', 54.85, 13.96);
INSERT INTO babystate (baby_id, createTime, cm, kg) VALUES ('baby32', '2014-11-18 13:56:32', 55.11, 14.25);
INSERT INTO babystate (baby_id, createTime, cm, kg) VALUES ('baby32', '2014-11-29 15:39:18', 55.53, 14.34);
INSERT INTO babystate (baby_id, createTime, cm, kg) VALUES ('baby32', '2014-12-09 16:52:00', 55.99, 14.48);
INSERT INTO babystate (baby_id, createTime, cm, kg) VALUES ('baby32', '2014-12-21 20:04:01', 56.14, 14.74);
INSERT INTO babystate (baby_id, createTime, cm, kg) VALUES ('baby32', '2014-12-30 23:46:07', 56.5, 14.92);
INSERT INTO babystate (baby_id, createTime, cm, kg) VALUES ('baby32', '2015-01-11 00:46:54', 56.93, 15.14);
INSERT INTO babystate (baby_id, createTime, cm, kg) VALUES ('baby32', '2015-01-17 03:01:18', 57.1, 15.28);
INSERT INTO babystate (baby_id, createTime, cm, kg) VALUES ('baby32', '2015-01-24 04:15:59', 57.2, 15.52);
INSERT INTO babystate (baby_id, createTime, cm, kg) VALUES ('baby32', '2015-01-29 04:58:00', 57.65, 15.7);
INSERT INTO babystate (baby_id, createTime, cm, kg) VALUES ('baby32', '2015-02-04 07:26:02', 58.08, 15.79);
INSERT INTO babystate (baby_id, createTime, cm, kg) VALUES ('baby32', '2015-02-13 10:07:20', 58.24, 15.91);
INSERT INTO babystate (baby_id, createTime, cm, kg) VALUES ('baby32', '2015-02-19 13:20:19', 58.38, 16.17);
INSERT INTO babystate (baby_id, createTime, cm, kg) VALUES ('baby32', '2015-03-02 15:57:06', 58.59, 16.46);
INSERT INTO babystate (baby_id, createTime, cm, kg) VALUES ('baby32', '2015-03-08 16:52:03', 59.0, 16.74);
INSERT INTO babystate (baby_id, createTime, cm, kg) VALUES ('baby32', '2015-03-15 18:18:59', 59.42, 16.92);
INSERT INTO babystate (baby_id, createTime, cm, kg) VALUES ('baby32', '2015-03-26 21:38:26', 59.83, 17.02);
INSERT INTO babystate (baby_id, createTime, cm, kg) VALUES ('baby32', '2015-04-01 23:34:04', 60.23, 17.09);
INSERT INTO babystate (baby_id, createTime, cm, kg) VALUES ('baby32', '2015-04-11 03:22:33', 60.54, 17.37);
INSERT INTO babystate (baby_id, createTime, cm, kg) VALUES ('baby32', '2015-04-20 04:42:03', 60.93, 17.49);
INSERT INTO babystate (baby_id, createTime, cm, kg) VALUES ('baby32', '2015-04-30 06:01:59', 61.05, 17.78);
INSERT INTO babystate (baby_id, createTime, cm, kg) VALUES ('baby32', '2015-05-08 07:41:49', 61.43, 18.01);
INSERT INTO babystate (baby_id, createTime, cm, kg) VALUES ('baby32', '2015-05-19 11:12:13', 61.62, 18.09);
INSERT INTO babystate (baby_id, createTime, cm, kg) VALUES ('baby32', '2015-05-27 12:13:01', 62.08, 18.32);
INSERT INTO babystate (baby_id, createTime, cm, kg) VALUES ('baby32', '2015-06-05 16:03:07', 62.38, 18.45);
INSERT INTO babystate (baby_id, createTime, cm, kg) VALUES ('baby32', '2015-06-14 16:24:45', 62.55, 18.54);
INSERT INTO babystate (baby_id, createTime, cm, kg) VALUES ('baby32', '2015-06-25 16:57:47', 63.0, 18.67);
INSERT INTO babystate (baby_id, createTime, cm, kg) VALUES ('baby32', '2015-07-05 20:35:36', 63.49, 18.87);
INSERT INTO babystate (baby_id, createTime, cm, kg) VALUES ('baby32', '2015-07-10 23:22:46', 63.84, 19.03);
INSERT INTO babystate (baby_id, createTime, cm, kg) VALUES ('baby32', '2015-07-16 01:48:49', 64.18, 19.29);
INSERT INTO babystate (baby_id, createTime, cm, kg) VALUES ('baby32', '2015-07-23 02:58:39', 64.57, 19.36);
INSERT INTO babystate (baby_id, createTime, cm, kg) VALUES ('baby32', '2015-08-02 05:25:03', 64.89, 19.56);
INSERT INTO babystate (baby_id, createTime, cm, kg) VALUES ('baby32', '2015-08-07 06:13:30', 65.08, 19.67);
INSERT INTO babystate (baby_id, createTime, cm, kg) VALUES ('baby32', '2015-08-16 09:07:55', 65.34, 19.86);
INSERT INTO babystate (baby_id, createTime, cm, kg) VALUES ('baby32', '2015-08-23 11:57:47', 65.63, 19.99);
INSERT INTO babystate (baby_id, createTime, cm, kg) VALUES ('baby32', '2015-08-30 13:20:41', 65.98, 20.06);
INSERT INTO babystate (baby_id, createTime, cm, kg) VALUES ('baby32', '2015-09-08 13:37:05', 66.1, 20.26);
INSERT INTO babystate (baby_id, createTime, cm, kg) VALUES ('baby32', '2015-09-16 15:35:46', 66.31, 20.46);
INSERT INTO babystate (baby_id, createTime, cm, kg) VALUES ('baby32', '2015-09-23 15:41:25', 66.78, 20.67);
INSERT INTO babystate (baby_id, createTime, cm, kg) VALUES ('baby32', '2015-10-04 16:07:14', 67.0, 20.74);
INSERT INTO babystate (baby_id, createTime, cm, kg) VALUES ('baby32', '2015-10-15 16:14:03', 67.49, 20.97);
INSERT INTO babystate (baby_id, createTime, cm, kg) VALUES ('baby32', '2015-10-23 18:41:17', 67.74, 21.25);
INSERT INTO babystate (baby_id, createTime, cm, kg) VALUES ('baby32', '2015-11-04 18:58:45', 67.93, 21.42);
INSERT INTO baby (baby_id, obn, name, gender, birthDate, bloodType) VALUES ('baby33', 'obnbaby33', '윤지우', 1, '2014-08-09 03:13:06', ' O+');
INSERT INTO babystate (baby_id, createTime, cm, kg) VALUES ('baby33', '2014-08-19 06:28:02', 48.09, 3.89);
INSERT INTO babystate (baby_id, createTime, cm, kg) VALUES ('baby33', '2014-08-26 06:50:06', 48.21, 4.0);
INSERT INTO babystate (baby_id, createTime, cm, kg) VALUES ('baby33', '2014-09-03 08:58:59', 48.34, 4.15);
INSERT INTO babystate (baby_id, createTime, cm, kg) VALUES ('baby33', '2014-09-12 09:44:40', 48.76, 4.21);
INSERT INTO babystate (baby_id, createTime, cm, kg) VALUES ('baby33', '2014-09-22 13:19:13', 48.87, 4.36);
INSERT INTO babystate (baby_id, createTime, cm, kg) VALUES ('baby33', '2014-09-27 15:18:20', 48.98, 4.55);
INSERT INTO babystate (baby_id, createTime, cm, kg) VALUES ('baby33', '2014-10-06 19:11:28', 49.4, 4.66);
INSERT INTO babystate (baby_id, createTime, cm, kg) VALUES ('baby33', '2014-10-16 19:32:08', 49.84, 4.78);
INSERT INTO babystate (baby_id, createTime, cm, kg) VALUES ('baby33', '2014-10-28 23:07:20', 50.27, 5.06);
INSERT INTO babystate (baby_id, createTime, cm, kg) VALUES ('baby33', '2014-11-05 00:03:09', 50.66, 5.32);
INSERT INTO babystate (baby_id, createTime, cm, kg) VALUES ('baby33', '2014-11-10 01:45:19', 50.81, 5.46);
INSERT INTO babystate (baby_id, createTime, cm, kg) VALUES ('baby33', '2014-11-17 02:12:36', 51.14, 5.74);
INSERT INTO babystate (baby_id, createTime, cm, kg) VALUES ('baby33', '2014-11-22 02:20:47', 51.55, 5.85);
INSERT INTO babystate (baby_id, createTime, cm, kg) VALUES ('baby33', '2014-11-28 02:46:10', 52.0, 6.15);
INSERT INTO babystate (baby_id, createTime, cm, kg) VALUES ('baby33', '2014-12-06 02:58:52', 52.17, 6.27);
INSERT INTO babystate (baby_id, createTime, cm, kg) VALUES ('baby33', '2014-12-15 04:36:56', 52.37, 6.48);
INSERT INTO babystate (baby_id, createTime, cm, kg) VALUES ('baby33', '2014-12-25 07:07:21', 52.72, 6.73);
INSERT INTO babystate (baby_id, createTime, cm, kg) VALUES ('baby33', '2015-01-01 09:55:18', 53.04, 6.92);
INSERT INTO babystate (baby_id, createTime, cm, kg) VALUES ('baby33', '2015-01-13 10:29:48', 53.31, 7.16);
INSERT INTO babystate (baby_id, createTime, cm, kg) VALUES ('baby33', '2015-01-21 11:17:16', 53.6, 7.22);
INSERT INTO babystate (baby_id, createTime, cm, kg) VALUES ('baby33', '2015-01-28 13:37:13', 53.94, 7.27);
INSERT INTO babystate (baby_id, createTime, cm, kg) VALUES ('baby33', '2015-02-08 15:23:05', 54.06, 7.42);
INSERT INTO babystate (baby_id, createTime, cm, kg) VALUES ('baby33', '2015-02-13 18:35:26', 54.35, 7.51);
INSERT INTO babystate (baby_id, createTime, cm, kg) VALUES ('baby33', '2015-02-20 19:23:41', 54.64, 7.8);
INSERT INTO babystate (baby_id, createTime, cm, kg) VALUES ('baby33', '2015-03-04 23:20:54', 54.82, 7.88);
INSERT INTO babystate (baby_id, createTime, cm, kg) VALUES ('baby33', '2015-03-14 01:56:18', 55.11, 8.02);
INSERT INTO babystate (baby_id, createTime, cm, kg) VALUES ('baby33', '2015-03-25 05:40:06', 55.4, 8.14);
INSERT INTO babystate (baby_id, createTime, cm, kg) VALUES ('baby33', '2015-04-04 08:31:17', 55.75, 8.28);
INSERT INTO babystate (baby_id, createTime, cm, kg) VALUES ('baby33', '2015-04-09 08:35:34', 55.89, 8.53);
INSERT INTO babystate (baby_id, createTime, cm, kg) VALUES ('baby33', '2015-04-17 08:54:26', 56.34, 8.63);
INSERT INTO babystate (baby_id, createTime, cm, kg) VALUES ('baby33', '2015-04-25 10:38:07', 56.7, 8.75);
INSERT INTO babystate (baby_id, createTime, cm, kg) VALUES ('baby33', '2015-05-07 12:10:17', 56.91, 9.02);
INSERT INTO babystate (baby_id, createTime, cm, kg) VALUES ('baby33', '2015-05-13 14:08:02', 57.01, 9.21);
INSERT INTO babystate (baby_id, createTime, cm, kg) VALUES ('baby33', '2015-05-18 17:03:20', 57.41, 9.36);
INSERT INTO babystate (baby_id, createTime, cm, kg) VALUES ('baby33', '2015-05-28 17:20:35', 57.63, 9.46);
INSERT INTO babystate (baby_id, createTime, cm, kg) VALUES ('baby33', '2015-06-07 21:04:04', 57.93, 9.59);
INSERT INTO babystate (baby_id, createTime, cm, kg) VALUES ('baby33', '2015-06-18 22:11:15', 58.24, 9.7);
INSERT INTO babystate (baby_id, createTime, cm, kg) VALUES ('baby33', '2015-06-29 01:20:14', 58.36, 9.98);
INSERT INTO babystate (baby_id, createTime, cm, kg) VALUES ('baby33', '2015-07-11 02:30:25', 58.78, 10.23);
INSERT INTO babystate (baby_id, createTime, cm, kg) VALUES ('baby33', '2015-07-16 02:41:19', 59.21, 10.47);
INSERT INTO babystate (baby_id, createTime, cm, kg) VALUES ('baby33', '2015-07-27 03:33:10', 59.64, 10.65);
INSERT INTO babystate (baby_id, createTime, cm, kg) VALUES ('baby33', '2015-08-08 07:09:46', 59.89, 10.88);
INSERT INTO babystate (baby_id, createTime, cm, kg) VALUES ('baby33', '2015-08-15 07:20:47', 60.26, 11.04);
INSERT INTO babystate (baby_id, createTime, cm, kg) VALUES ('baby33', '2015-08-25 09:22:32', 60.65, 11.22);
INSERT INTO babystate (baby_id, createTime, cm, kg) VALUES ('baby33', '2015-08-30 10:52:17', 60.86, 11.32);
INSERT INTO babystate (baby_id, createTime, cm, kg) VALUES ('baby33', '2015-09-07 12:14:11', 61.28, 11.62);
INSERT INTO babystate (baby_id, createTime, cm, kg) VALUES ('baby33', '2015-09-17 15:48:17', 61.4, 11.81);
INSERT INTO babystate (baby_id, createTime, cm, kg) VALUES ('baby33', '2015-09-29 18:02:57', 61.8, 11.9);
INSERT INTO babystate (baby_id, createTime, cm, kg) VALUES ('baby33', '2015-10-10 18:52:29', 62.01, 12.15);
INSERT INTO babystate (baby_id, createTime, cm, kg) VALUES ('baby33', '2015-10-20 21:40:00', 62.49, 12.35);
INSERT INTO babystate (baby_id, createTime, cm, kg) VALUES ('baby33', '2015-10-30 01:34:03', 62.73, 12.62);
INSERT INTO babystate (baby_id, createTime, cm, kg) VALUES ('baby33', '2015-11-08 02:20:30', 62.96, 12.84);
INSERT INTO babystate (baby_id, createTime, cm, kg) VALUES ('baby33', '2015-11-20 04:50:45', 63.31, 13.08);
INSERT INTO babystate (baby_id, createTime, cm, kg) VALUES ('baby33', '2015-11-30 07:14:10', 63.71, 13.22);
INSERT INTO babystate (baby_id, createTime, cm, kg) VALUES ('baby33', '2015-12-12 11:00:13', 64.08, 13.36);
INSERT INTO babystate (baby_id, createTime, cm, kg) VALUES ('baby33', '2015-12-23 11:53:43', 64.5, 13.42);
INSERT INTO babystate (baby_id, createTime, cm, kg) VALUES ('baby33', '2016-01-01 15:00:48', 64.72, 13.72);
INSERT INTO babystate (baby_id, createTime, cm, kg) VALUES ('baby33', '2016-01-08 17:38:55', 65.18, 13.78);
INSERT INTO babystate (baby_id, createTime, cm, kg) VALUES ('baby33', '2016-01-14 20:28:44', 65.62, 14.05);
INSERT INTO babystate (baby_id, createTime, cm, kg) VALUES ('baby33', '2016-01-19 22:39:53', 65.76, 14.33);
INSERT INTO babystate (baby_id, createTime, cm, kg) VALUES ('baby33', '2016-01-30 01:15:26', 66.11, 14.5);
INSERT INTO babystate (baby_id, createTime, cm, kg) VALUES ('baby33', '2016-02-11 03:14:04', 66.42, 14.69);
INSERT INTO babystate (baby_id, createTime, cm, kg) VALUES ('baby33', '2016-02-23 03:31:04', 66.63, 14.8);
INSERT INTO babystate (baby_id, createTime, cm, kg) VALUES ('baby33', '2016-03-03 03:59:10', 66.92, 15.04);
INSERT INTO babystate (baby_id, createTime, cm, kg) VALUES ('baby33', '2016-03-11 05:31:45', 67.06, 15.12);
INSERT INTO babystate (baby_id, createTime, cm, kg) VALUES ('baby33', '2016-03-23 08:32:03', 67.2, 15.32);
INSERT INTO babystate (baby_id, createTime, cm, kg) VALUES ('baby33', '2016-04-02 10:18:03', 67.7, 15.39);
INSERT INTO babystate (baby_id, createTime, cm, kg) VALUES ('baby33', '2016-04-14 10:35:15', 67.85, 15.59);
INSERT INTO babystate (baby_id, createTime, cm, kg) VALUES ('baby33', '2016-04-22 11:29:17', 68.12, 15.81);
INSERT INTO babystate (baby_id, createTime, cm, kg) VALUES ('baby33', '2016-04-29 14:39:56', 68.52, 16.08);
INSERT INTO babystate (baby_id, createTime, cm, kg) VALUES ('baby33', '2016-05-04 17:57:43', 68.9, 16.21);
INSERT INTO babystate (baby_id, createTime, cm, kg) VALUES ('baby33', '2016-05-13 20:49:41', 69.06, 16.4);
INSERT INTO babystate (baby_id, createTime, cm, kg) VALUES ('baby33', '2016-05-21 23:35:59', 69.18, 16.57);
INSERT INTO babystate (baby_id, createTime, cm, kg) VALUES ('baby33', '2016-06-01 01:39:21', 69.54, 16.63);
INSERT INTO babystate (baby_id, createTime, cm, kg) VALUES ('baby33', '2016-06-08 05:18:21', 69.97, 16.86);
INSERT INTO babystate (baby_id, createTime, cm, kg) VALUES ('baby33', '2016-06-14 08:54:56', 70.23, 17.06);
INSERT INTO babystate (baby_id, createTime, cm, kg) VALUES ('baby33', '2016-06-25 11:27:56', 70.57, 17.18);
INSERT INTO babystate (baby_id, createTime, cm, kg) VALUES ('baby33', '2016-07-02 13:01:40', 70.87, 17.37);
INSERT INTO babystate (baby_id, createTime, cm, kg) VALUES ('baby33', '2016-07-13 15:53:35', 71.25, 17.62);
INSERT INTO babystate (baby_id, createTime, cm, kg) VALUES ('baby33', '2016-07-22 19:36:02', 71.47, 17.75);
INSERT INTO babystate (baby_id, createTime, cm, kg) VALUES ('baby33', '2016-07-29 23:02:17', 71.77, 17.9);
INSERT INTO babystate (baby_id, createTime, cm, kg) VALUES ('baby33', '2016-08-07 01:21:23', 72.22, 17.99);
INSERT INTO babystate (baby_id, createTime, cm, kg) VALUES ('baby33', '2016-08-18 04:20:48', 72.43, 18.08);
INSERT INTO babystate (baby_id, createTime, cm, kg) VALUES ('baby33', '2016-08-23 06:13:43', 72.78, 18.2);
INSERT INTO babystate (baby_id, createTime, cm, kg) VALUES ('baby33', '2016-09-03 09:26:09', 72.91, 18.39);
INSERT INTO babystate (baby_id, createTime, cm, kg) VALUES ('baby33', '2016-09-15 10:40:24', 73.21, 18.62);
INSERT INTO babystate (baby_id, createTime, cm, kg) VALUES ('baby33', '2016-09-23 13:36:38', 73.32, 18.82);
INSERT INTO babystate (baby_id, createTime, cm, kg) VALUES ('baby33', '2016-10-02 14:47:28', 73.61, 19.01);
INSERT INTO babystate (baby_id, createTime, cm, kg) VALUES ('baby33', '2016-10-09 16:11:38', 73.88, 19.19);
INSERT INTO babystate (baby_id, createTime, cm, kg) VALUES ('baby33', '2016-10-20 20:08:02', 74.38, 19.49);
INSERT INTO babystate (baby_id, createTime, cm, kg) VALUES ('baby33', '2016-10-27 21:24:06', 74.59, 19.72);
INSERT INTO babystate (baby_id, createTime, cm, kg) VALUES ('baby33', '2016-11-08 23:41:46', 74.92, 19.94);
INSERT INTO babystate (baby_id, createTime, cm, kg) VALUES ('baby33', '2016-11-14 01:46:23', 75.26, 20.09);
INSERT INTO babystate (baby_id, createTime, cm, kg) VALUES ('baby33', '2016-11-24 02:17:25', 75.75, 20.19);
INSERT INTO babystate (baby_id, createTime, cm, kg) VALUES ('baby33', '2016-12-02 03:44:55', 76.09, 20.43);
INSERT INTO babystate (baby_id, createTime, cm, kg) VALUES ('baby33', '2016-12-12 06:18:29', 76.28, 20.61);
INSERT INTO babystate (baby_id, createTime, cm, kg) VALUES ('baby33', '2016-12-22 07:10:41', 76.5, 20.75);
INSERT INTO babystate (baby_id, createTime, cm, kg) VALUES ('baby33', '2016-12-30 08:16:46', 76.7, 20.82);
INSERT INTO babystate (baby_id, createTime, cm, kg) VALUES ('baby33', '2017-01-11 10:28:37', 76.96, 20.9);
INSERT INTO babystate (baby_id, createTime, cm, kg) VALUES ('baby33', '2017-01-19 13:36:09', 77.24, 21.14);
INSERT INTO baby (baby_id, obn, name, gender, birthDate, bloodType) VALUES ('baby41', 'obnbaby41', '문하린', 0, '2013-07-21 22:02:28', ' A-');
INSERT INTO babystate (baby_id, createTime, cm, kg) VALUES ('baby41', '2013-07-31 23:03:46', 40.5, 3.26);
INSERT INTO babystate (baby_id, createTime, cm, kg) VALUES ('baby41', '2013-08-12 01:54:36', 40.74, 3.33);
INSERT INTO babystate (baby_id, createTime, cm, kg) VALUES ('baby41', '2013-08-18 05:06:04', 40.87, 3.5);
INSERT INTO babystate (baby_id, createTime, cm, kg) VALUES ('baby41', '2013-08-27 06:08:20', 41.01, 3.61);
INSERT INTO babystate (baby_id, createTime, cm, kg) VALUES ('baby41', '2013-09-07 08:39:31', 41.33, 3.68);
INSERT INTO babystate (baby_id, createTime, cm, kg) VALUES ('baby41', '2013-09-15 12:12:54', 41.54, 3.92);
INSERT INTO babystate (baby_id, createTime, cm, kg) VALUES ('baby41', '2013-09-24 15:32:56', 41.7, 4.15);
INSERT INTO babystate (baby_id, createTime, cm, kg) VALUES ('baby41', '2013-10-01 18:07:05', 42.02, 4.22);
INSERT INTO babystate (baby_id, createTime, cm, kg) VALUES ('baby41', '2013-10-10 20:54:33', 42.47, 4.36);
INSERT INTO babystate (baby_id, createTime, cm, kg) VALUES ('baby41', '2013-10-21 00:39:01', 42.92, 4.51);
INSERT INTO babystate (baby_id, createTime, cm, kg) VALUES ('baby41', '2013-10-27 03:29:13', 43.17, 4.76);
INSERT INTO babystate (baby_id, createTime, cm, kg) VALUES ('baby41', '2013-11-06 04:29:10', 43.61, 5.01);
INSERT INTO babystate (baby_id, createTime, cm, kg) VALUES ('baby41', '2013-11-15 07:02:54', 43.9, 5.15);
INSERT INTO babystate (baby_id, createTime, cm, kg) VALUES ('baby41', '2013-11-27 09:31:19', 44.39, 5.35);
INSERT INTO babystate (baby_id, createTime, cm, kg) VALUES ('baby41', '2013-12-04 12:51:33', 44.65, 5.44);
INSERT INTO babystate (baby_id, createTime, cm, kg) VALUES ('baby41', '2013-12-13 16:43:08', 45.12, 5.73);
INSERT INTO babystate (baby_id, createTime, cm, kg) VALUES ('baby41', '2013-12-21 19:31:40', 45.38, 5.91);
INSERT INTO babystate (baby_id, createTime, cm, kg) VALUES ('baby41', '2013-12-26 20:04:57', 45.84, 5.97);
INSERT INTO babystate (baby_id, createTime, cm, kg) VALUES ('baby41', '2013-12-31 23:43:31', 46.08, 6.03);
INSERT INTO babystate (baby_id, createTime, cm, kg) VALUES ('baby41', '2014-01-11 23:48:39', 46.18, 6.26);
INSERT INTO babystate (baby_id, createTime, cm, kg) VALUES ('baby41', '2014-01-20 02:13:57', 46.57, 6.36);
INSERT INTO babystate (baby_id, createTime, cm, kg) VALUES ('baby41', '2014-01-31 05:08:44', 46.82, 6.56);
INSERT INTO babystate (baby_id, createTime, cm, kg) VALUES ('baby41', '2014-02-06 07:54:04', 47.09, 6.69);
INSERT INTO babystate (baby_id, createTime, cm, kg) VALUES ('baby41', '2014-02-12 09:08:17', 47.44, 6.96);
INSERT INTO babystate (baby_id, createTime, cm, kg) VALUES ('baby41', '2014-02-21 11:55:18', 47.79, 7.06);
INSERT INTO babystate (baby_id, createTime, cm, kg) VALUES ('baby41', '2014-03-05 12:30:54', 47.99, 7.15);
INSERT INTO babystate (baby_id, createTime, cm, kg) VALUES ('baby41', '2014-03-11 13:41:52', 48.19, 7.32);
INSERT INTO babystate (baby_id, createTime, cm, kg) VALUES ('baby41', '2014-03-19 15:11:09', 48.53, 7.48);
INSERT INTO babystate (baby_id, createTime, cm, kg) VALUES ('baby41', '2014-03-26 16:51:31', 48.72, 7.67);
INSERT INTO babystate (baby_id, createTime, cm, kg) VALUES ('baby41', '2014-04-05 19:06:56', 49.13, 7.77);
INSERT INTO babystate (baby_id, createTime, cm, kg) VALUES ('baby41', '2014-04-15 21:38:41', 49.51, 7.88);
INSERT INTO babystate (baby_id, createTime, cm, kg) VALUES ('baby41', '2014-04-25 23:21:34', 50.0, 8.01);
INSERT INTO babystate (baby_id, createTime, cm, kg) VALUES ('baby41', '2014-05-04 00:35:30', 50.28, 8.2);
INSERT INTO babystate (baby_id, createTime, cm, kg) VALUES ('baby41', '2014-05-13 04:12:39', 50.49, 8.42);
INSERT INTO babystate (baby_id, createTime, cm, kg) VALUES ('baby41', '2014-05-24 04:31:16', 50.62, 8.67);
INSERT INTO babystate (baby_id, createTime, cm, kg) VALUES ('baby41', '2014-05-31 05:20:58', 51.0, 8.9);
INSERT INTO babystate (baby_id, createTime, cm, kg) VALUES ('baby41', '2014-06-08 08:26:09', 51.15, 9.07);
INSERT INTO babystate (baby_id, createTime, cm, kg) VALUES ('baby41', '2014-06-14 08:45:13', 51.29, 9.22);
INSERT INTO babystate (baby_id, createTime, cm, kg) VALUES ('baby41', '2014-06-24 11:47:19', 51.7, 9.47);
INSERT INTO babystate (baby_id, createTime, cm, kg) VALUES ('baby41', '2014-06-29 13:10:10', 52.18, 9.75);
INSERT INTO babystate (baby_id, createTime, cm, kg) VALUES ('baby41', '2014-07-08 16:58:06', 52.32, 9.86);
INSERT INTO babystate (baby_id, createTime, cm, kg) VALUES ('baby41', '2014-07-17 20:16:35', 52.52, 9.95);
INSERT INTO babystate (baby_id, createTime, cm, kg) VALUES ('baby41', '2014-07-23 22:14:40', 52.82, 10.22);
INSERT INTO babystate (baby_id, createTime, cm, kg) VALUES ('baby41', '2014-08-01 23:58:17', 52.93, 10.38);
INSERT INTO babystate (baby_id, createTime, cm, kg) VALUES ('baby41', '2014-08-09 02:55:56', 53.32, 10.6);
INSERT INTO babystate (baby_id, createTime, cm, kg) VALUES ('baby41', '2014-08-21 04:50:30', 53.53, 10.88);
INSERT INTO babystate (baby_id, createTime, cm, kg) VALUES ('baby41', '2014-09-02 07:35:40', 53.9, 10.95);
INSERT INTO babystate (baby_id, createTime, cm, kg) VALUES ('baby41', '2014-09-14 08:59:15', 54.37, 11.2);
INSERT INTO babystate (baby_id, createTime, cm, kg) VALUES ('baby41', '2014-09-23 11:15:10', 54.62, 11.49);
INSERT INTO babystate (baby_id, createTime, cm, kg) VALUES ('baby41', '2014-10-03 12:46:55', 55.09, 11.74);
INSERT INTO babystate (baby_id, createTime, cm, kg) VALUES ('baby41', '2014-10-12 13:49:14', 55.38, 11.83);
INSERT INTO babystate (baby_id, createTime, cm, kg) VALUES ('baby41', '2014-10-17 15:54:48', 55.81, 11.93);
INSERT INTO babystate (baby_id, createTime, cm, kg) VALUES ('baby41', '2014-10-24 18:16:24', 55.96, 12.05);
INSERT INTO babystate (baby_id, createTime, cm, kg) VALUES ('baby41', '2014-11-03 19:49:20', 56.42, 12.21);
INSERT INTO babystate (baby_id, createTime, cm, kg) VALUES ('baby41', '2014-11-13 22:44:58', 56.76, 12.35);
INSERT INTO babystate (baby_id, createTime, cm, kg) VALUES ('baby41', '2014-11-19 02:03:53', 57.22, 12.49);
INSERT INTO babystate (baby_id, createTime, cm, kg) VALUES ('baby41', '2014-11-27 04:38:19', 57.71, 12.58);
INSERT INTO babystate (baby_id, createTime, cm, kg) VALUES ('baby41', '2014-12-09 07:42:41', 58.17, 12.66);
INSERT INTO babystate (baby_id, createTime, cm, kg) VALUES ('baby41', '2014-12-20 09:30:01', 58.44, 12.79);
INSERT INTO babystate (baby_id, createTime, cm, kg) VALUES ('baby41', '2014-12-30 10:50:52', 58.61, 12.98);
INSERT INTO babystate (baby_id, createTime, cm, kg) VALUES ('baby41', '2015-01-04 11:18:48', 59.05, 13.17);
INSERT INTO babystate (baby_id, createTime, cm, kg) VALUES ('baby41', '2015-01-15 13:45:19', 59.21, 13.42);
INSERT INTO babystate (baby_id, createTime, cm, kg) VALUES ('baby41', '2015-01-20 17:30:55', 59.65, 13.61);
INSERT INTO babystate (baby_id, createTime, cm, kg) VALUES ('baby41', '2015-01-27 20:35:23', 59.81, 13.71);
INSERT INTO babystate (baby_id, createTime, cm, kg) VALUES ('baby41', '2015-02-07 23:34:40', 60.02, 13.78);
INSERT INTO babystate (baby_id, createTime, cm, kg) VALUES ('baby41', '2015-02-14 23:50:07', 60.46, 13.99);
INSERT INTO babystate (baby_id, createTime, cm, kg) VALUES ('baby41', '2015-02-21 01:19:20', 60.58, 14.1);
INSERT INTO babystate (baby_id, createTime, cm, kg) VALUES ('baby41', '2015-03-04 03:00:00', 60.8, 14.35);
INSERT INTO babystate (baby_id, createTime, cm, kg) VALUES ('baby41', '2015-03-15 03:02:07', 61.11, 14.51);
INSERT INTO babystate (baby_id, createTime, cm, kg) VALUES ('baby41', '2015-03-20 04:03:28', 61.32, 14.58);
INSERT INTO babystate (baby_id, createTime, cm, kg) VALUES ('baby41', '2015-04-01 08:02:19', 61.57, 14.84);
INSERT INTO babystate (baby_id, createTime, cm, kg) VALUES ('baby41', '2015-04-13 09:09:59', 61.72, 14.9);
INSERT INTO babystate (baby_id, createTime, cm, kg) VALUES ('baby41', '2015-04-20 10:02:35', 61.83, 15.0);
INSERT INTO babystate (baby_id, createTime, cm, kg) VALUES ('baby41', '2015-05-02 10:17:28', 62.15, 15.11);
INSERT INTO babystate (baby_id, createTime, cm, kg) VALUES ('baby41', '2015-05-11 13:07:19', 62.42, 15.26);
INSERT INTO babystate (baby_id, createTime, cm, kg) VALUES ('baby41', '2015-05-16 16:15:35', 62.74, 15.37);
INSERT INTO babystate (baby_id, createTime, cm, kg) VALUES ('baby41', '2015-05-21 19:21:40', 63.16, 15.49);
INSERT INTO babystate (baby_id, createTime, cm, kg) VALUES ('baby41', '2015-06-02 20:24:04', 63.37, 15.6);
INSERT INTO babystate (baby_id, createTime, cm, kg) VALUES ('baby41', '2015-06-13 21:13:21', 63.64, 15.86);
INSERT INTO babystate (baby_id, createTime, cm, kg) VALUES ('baby41', '2015-06-24 23:57:16', 64.13, 16.0);
INSERT INTO babystate (baby_id, createTime, cm, kg) VALUES ('baby41', '2015-07-06 02:48:54', 64.31, 16.07);
INSERT INTO babystate (baby_id, createTime, cm, kg) VALUES ('baby41', '2015-07-13 05:31:40', 64.65, 16.21);
INSERT INTO babystate (baby_id, createTime, cm, kg) VALUES ('baby41', '2015-07-20 07:35:47', 65.11, 16.27);
INSERT INTO babystate (baby_id, createTime, cm, kg) VALUES ('baby41', '2015-07-30 09:46:36', 65.35, 16.5);
INSERT INTO babystate (baby_id, createTime, cm, kg) VALUES ('baby41', '2015-08-04 09:46:56', 65.67, 16.72);
INSERT INTO babystate (baby_id, createTime, cm, kg) VALUES ('baby41', '2015-08-13 10:30:40', 66.12, 17.0);
INSERT INTO babystate (baby_id, createTime, cm, kg) VALUES ('baby41', '2015-08-24 14:04:42', 66.59, 17.06);
INSERT INTO babystate (baby_id, createTime, cm, kg) VALUES ('baby41', '2015-09-05 14:43:30', 66.78, 17.16);
INSERT INTO babystate (baby_id, createTime, cm, kg) VALUES ('baby41', '2015-09-11 18:31:25', 67.05, 17.33);
INSERT INTO babystate (baby_id, createTime, cm, kg) VALUES ('baby41', '2015-09-20 21:26:14', 67.32, 17.51);
INSERT INTO babystate (baby_id, createTime, cm, kg) VALUES ('baby41', '2015-09-27 00:51:46', 67.69, 17.59);
INSERT INTO babystate (baby_id, createTime, cm, kg) VALUES ('baby41', '2015-10-02 02:30:29', 68.07, 17.83);
INSERT INTO babystate (baby_id, createTime, cm, kg) VALUES ('baby41', '2015-10-07 04:10:44', 68.2, 18.06);
INSERT INTO babystate (baby_id, createTime, cm, kg) VALUES ('baby41', '2015-10-18 05:28:31', 68.34, 18.15);
INSERT INTO babystate (baby_id, createTime, cm, kg) VALUES ('baby41', '2015-10-29 06:24:24', 68.52, 18.39);
INSERT INTO babystate (baby_id, createTime, cm, kg) VALUES ('baby41', '2015-11-04 07:47:14', 68.74, 18.64);
INSERT INTO babystate (baby_id, createTime, cm, kg) VALUES ('baby41', '2015-11-11 09:01:50', 69.02, 18.9);
INSERT INTO babystate (baby_id, createTime, cm, kg) VALUES ('baby41', '2015-11-16 09:32:09', 69.41, 19.19);
INSERT INTO babystate (baby_id, createTime, cm, kg) VALUES ('baby41', '2015-11-28 10:27:58', 69.61, 19.35);
INSERT INTO babystate (baby_id, createTime, cm, kg) VALUES ('baby41', '2015-12-10 12:03:42', 69.91, 19.52);
INSERT INTO baby (baby_id, obn, name, gender, birthDate, bloodType) VALUES ('baby42', 'obnbaby42', '정서연', 0, '2017-10-23 07:15:13', ' B-');
INSERT INTO babystate (baby_id, createTime, cm, kg) VALUES ('baby42', '2017-11-04 07:57:52', 43.93, 4.18);
INSERT INTO babystate (baby_id, createTime, cm, kg) VALUES ('baby42', '2017-11-15 10:59:23', 44.37, 4.26);
INSERT INTO babystate (baby_id, createTime, cm, kg) VALUES ('baby42', '2017-11-23 11:41:54', 44.72, 4.49);
INSERT INTO babystate (baby_id, createTime, cm, kg) VALUES ('baby42', '2017-12-04 12:52:12', 45.16, 4.74);
INSERT INTO babystate (baby_id, createTime, cm, kg) VALUES ('baby42', '2017-12-16 14:29:37', 45.32, 4.87);
INSERT INTO babystate (baby_id, createTime, cm, kg) VALUES ('baby42', '2017-12-27 18:06:05', 45.73, 4.92);
INSERT INTO babystate (baby_id, createTime, cm, kg) VALUES ('baby42', '2018-01-02 18:47:24', 45.94, 5.2);
INSERT INTO babystate (baby_id, createTime, cm, kg) VALUES ('baby42', '2018-01-12 20:29:36', 46.33, 5.43);
INSERT INTO babystate (baby_id, createTime, cm, kg) VALUES ('baby42', '2018-01-20 20:51:27', 46.79, 5.52);
INSERT INTO babystate (baby_id, createTime, cm, kg) VALUES ('baby42', '2018-01-30 21:02:55', 47.02, 5.74);
INSERT INTO babystate (baby_id, createTime, cm, kg) VALUES ('baby42', '2018-02-07 01:01:14', 47.21, 5.85);
INSERT INTO babystate (baby_id, createTime, cm, kg) VALUES ('baby42', '2018-02-15 03:12:57', 47.35, 5.92);
INSERT INTO babystate (baby_id, createTime, cm, kg) VALUES ('baby42', '2018-02-21 06:46:35', 47.68, 6.13);
INSERT INTO babystate (baby_id, createTime, cm, kg) VALUES ('baby42', '2018-03-02 07:35:29', 47.89, 6.38);
INSERT INTO babystate (baby_id, createTime, cm, kg) VALUES ('baby42', '2018-03-13 07:54:11', 48.39, 6.63);
INSERT INTO babystate (baby_id, createTime, cm, kg) VALUES ('baby42', '2018-03-22 10:02:25', 48.51, 6.81);
INSERT INTO babystate (baby_id, createTime, cm, kg) VALUES ('baby42', '2018-03-27 12:22:53', 48.73, 7.09);
INSERT INTO babystate (baby_id, createTime, cm, kg) VALUES ('baby42', '2018-04-08 14:50:35', 49.17, 7.22);
INSERT INTO babystate (baby_id, createTime, cm, kg) VALUES ('baby42', '2018-04-18 15:02:29', 49.31, 7.32);
INSERT INTO babystate (baby_id, createTime, cm, kg) VALUES ('baby42', '2018-04-27 17:56:24', 49.74, 7.44);
INSERT INTO babystate (baby_id, createTime, cm, kg) VALUES ('baby42', '2018-05-08 18:05:52', 50.09, 7.55);
INSERT INTO babystate (baby_id, createTime, cm, kg) VALUES ('baby42', '2018-05-14 20:04:14', 50.26, 7.77);
INSERT INTO babystate (baby_id, createTime, cm, kg) VALUES ('baby42', '2018-05-26 21:53:26', 50.6, 7.85);
INSERT INTO babystate (baby_id, createTime, cm, kg) VALUES ('baby42', '2018-06-05 22:17:40', 50.9, 8.11);
INSERT INTO babystate (baby_id, createTime, cm, kg) VALUES ('baby42', '2018-06-14 00:33:29', 51.31, 8.17);
INSERT INTO babystate (baby_id, createTime, cm, kg) VALUES ('baby42', '2018-06-26 03:55:33', 51.73, 8.36);
INSERT INTO babystate (baby_id, createTime, cm, kg) VALUES ('baby42', '2018-07-05 04:27:47', 52.02, 8.54);
INSERT INTO babystate (baby_id, createTime, cm, kg) VALUES ('baby42', '2018-07-12 07:43:43', 52.28, 8.79);
INSERT INTO babystate (baby_id, createTime, cm, kg) VALUES ('baby42', '2018-07-21 07:50:30', 52.76, 8.89);
INSERT INTO babystate (baby_id, createTime, cm, kg) VALUES ('baby42', '2018-08-01 09:45:42', 52.88, 9.11);
INSERT INTO babystate (baby_id, createTime, cm, kg) VALUES ('baby42', '2018-08-08 12:17:02', 53.17, 9.2);
INSERT INTO babystate (baby_id, createTime, cm, kg) VALUES ('baby42', '2018-08-16 12:30:18', 53.41, 9.43);
INSERT INTO babystate (baby_id, createTime, cm, kg) VALUES ('baby42', '2018-08-28 15:09:39', 53.53, 9.6);
INSERT INTO babystate (baby_id, createTime, cm, kg) VALUES ('baby42', '2018-09-02 18:06:57', 53.68, 9.88);
INSERT INTO babystate (baby_id, createTime, cm, kg) VALUES ('baby42', '2018-09-11 19:10:04', 54.03, 10.07);
INSERT INTO babystate (baby_id, createTime, cm, kg) VALUES ('baby42', '2018-09-23 22:13:52', 54.29, 10.35);
INSERT INTO babystate (baby_id, createTime, cm, kg) VALUES ('baby42', '2018-10-02 01:38:40', 54.5, 10.51);
INSERT INTO babystate (baby_id, createTime, cm, kg) VALUES ('baby42', '2018-10-14 03:47:20', 54.64, 10.74);
INSERT INTO babystate (baby_id, createTime, cm, kg) VALUES ('baby42', '2018-10-25 05:51:20', 54.75, 10.8);
INSERT INTO babystate (baby_id, createTime, cm, kg) VALUES ('baby42', '2018-10-31 09:44:50', 55.12, 11.04);
INSERT INTO babystate (baby_id, createTime, cm, kg) VALUES ('baby42', '2018-11-08 12:27:18', 55.4, 11.23);
INSERT INTO babystate (baby_id, createTime, cm, kg) VALUES ('baby42', '2018-11-14 12:33:25', 55.77, 11.49);
INSERT INTO babystate (baby_id, createTime, cm, kg) VALUES ('baby42', '2018-11-22 14:57:56', 56.1, 11.75);
INSERT INTO babystate (baby_id, createTime, cm, kg) VALUES ('baby42', '2018-12-01 16:11:09', 56.58, 12.02);
INSERT INTO babystate (baby_id, createTime, cm, kg) VALUES ('baby42', '2018-12-08 19:24:33', 56.97, 12.14);
INSERT INTO babystate (baby_id, createTime, cm, kg) VALUES ('baby42', '2018-12-16 20:51:11', 57.44, 12.22);
INSERT INTO babystate (baby_id, createTime, cm, kg) VALUES ('baby42', '2018-12-23 00:10:43', 57.92, 12.4);
INSERT INTO babystate (baby_id, createTime, cm, kg) VALUES ('baby42', '2018-12-31 03:52:29', 58.24, 12.64);
INSERT INTO babystate (baby_id, createTime, cm, kg) VALUES ('baby42', '2019-01-06 05:44:15', 58.61, 12.91);
INSERT INTO babystate (baby_id, createTime, cm, kg) VALUES ('baby42', '2019-01-15 09:27:45', 58.9, 13.03);
INSERT INTO babystate (baby_id, createTime, cm, kg) VALUES ('baby42', '2019-01-27 13:01:56', 59.12, 13.19);
INSERT INTO babystate (baby_id, createTime, cm, kg) VALUES ('baby42', '2019-02-06 16:01:48', 59.45, 13.25);
INSERT INTO babystate (baby_id, createTime, cm, kg) VALUES ('baby42', '2019-02-12 18:54:44', 59.91, 13.38);
INSERT INTO babystate (baby_id, createTime, cm, kg) VALUES ('baby42', '2019-02-18 18:57:32', 60.04, 13.46);
INSERT INTO babystate (baby_id, createTime, cm, kg) VALUES ('baby42', '2019-02-23 22:23:39', 60.29, 13.67);
INSERT INTO babystate (baby_id, createTime, cm, kg) VALUES ('baby42', '2019-03-07 00:31:31', 60.42, 13.89);
INSERT INTO babystate (baby_id, createTime, cm, kg) VALUES ('baby42', '2019-03-19 03:02:50', 60.66, 14.06);
INSERT INTO babystate (baby_id, createTime, cm, kg) VALUES ('baby42', '2019-03-25 04:45:37', 61.16, 14.31);
INSERT INTO babystate (baby_id, createTime, cm, kg) VALUES ('baby42', '2019-04-02 08:31:43', 61.39, 14.38);
INSERT INTO babystate (baby_id, createTime, cm, kg) VALUES ('baby42', '2019-04-09 12:28:23', 61.62, 14.6);
INSERT INTO babystate (baby_id, createTime, cm, kg) VALUES ('baby42', '2019-04-21 14:47:17', 61.8, 14.76);
INSERT INTO babystate (baby_id, createTime, cm, kg) VALUES ('baby42', '2019-05-02 16:44:57', 62.27, 14.88);
INSERT INTO babystate (baby_id, createTime, cm, kg) VALUES ('baby42', '2019-05-12 17:22:50', 62.47, 15.07);
INSERT INTO babystate (baby_id, createTime, cm, kg) VALUES ('baby42', '2019-05-20 18:08:19', 62.77, 15.16);
INSERT INTO babystate (baby_id, createTime, cm, kg) VALUES ('baby42', '2019-05-29 19:05:40', 62.99, 15.26);
INSERT INTO babystate (baby_id, createTime, cm, kg) VALUES ('baby42', '2019-06-07 19:56:19', 63.43, 15.38);
INSERT INTO babystate (baby_id, createTime, cm, kg) VALUES ('baby42', '2019-06-13 20:07:09', 63.54, 15.48);
INSERT INTO babystate (baby_id, createTime, cm, kg) VALUES ('baby42', '2019-06-20 22:41:36', 63.84, 15.53);
INSERT INTO babystate (baby_id, createTime, cm, kg) VALUES ('baby42', '2019-07-01 23:29:33', 64.21, 15.64);
INSERT INTO babystate (baby_id, createTime, cm, kg) VALUES ('baby42', '2019-07-11 00:57:16', 64.49, 15.92);
INSERT INTO babystate (baby_id, createTime, cm, kg) VALUES ('baby42', '2019-07-20 00:58:30', 64.67, 16.17);
INSERT INTO babystate (baby_id, createTime, cm, kg) VALUES ('baby42', '2019-07-29 03:02:16', 64.82, 16.35);
INSERT INTO babystate (baby_id, createTime, cm, kg) VALUES ('baby42', '2019-08-10 03:19:07', 64.98, 16.53);
INSERT INTO babystate (baby_id, createTime, cm, kg) VALUES ('baby42', '2019-08-22 06:47:36', 65.33, 16.72);
INSERT INTO babystate (baby_id, createTime, cm, kg) VALUES ('baby42', '2019-08-29 09:17:00', 65.65, 16.84);
INSERT INTO babystate (baby_id, createTime, cm, kg) VALUES ('baby42', '2019-09-06 10:09:18', 65.92, 17.05);
INSERT INTO babystate (baby_id, createTime, cm, kg) VALUES ('baby42', '2019-09-11 11:55:31', 66.11, 17.31);
INSERT INTO babystate (baby_id, createTime, cm, kg) VALUES ('baby42', '2019-09-20 14:12:12', 66.39, 17.55);
INSERT INTO babystate (baby_id, createTime, cm, kg) VALUES ('baby42', '2019-09-30 17:06:42', 66.57, 17.8);
INSERT INTO babystate (baby_id, createTime, cm, kg) VALUES ('baby42', '2019-10-11 18:49:15', 67.06, 18.09);
INSERT INTO babystate (baby_id, createTime, cm, kg) VALUES ('baby42', '2019-10-17 21:27:58', 67.34, 18.18);
INSERT INTO babystate (baby_id, createTime, cm, kg) VALUES ('baby42', '2019-10-24 22:35:09', 67.51, 18.29);
INSERT INTO babystate (baby_id, createTime, cm, kg) VALUES ('baby42', '2019-11-01 01:04:45', 67.89, 18.37);
INSERT INTO babystate (baby_id, createTime, cm, kg) VALUES ('baby42', '2019-11-13 01:36:33', 68.24, 18.48);
INSERT INTO babystate (baby_id, createTime, cm, kg) VALUES ('baby42', '2019-11-19 04:38:07', 68.47, 18.55);
INSERT INTO babystate (baby_id, createTime, cm, kg) VALUES ('baby42', '2019-12-01 07:41:15', 68.86, 18.72);
INSERT INTO babystate (baby_id, createTime, cm, kg) VALUES ('baby42', '2019-12-11 10:35:23', 69.21, 19.0);
INSERT INTO babystate (baby_id, createTime, cm, kg) VALUES ('baby42', '2019-12-22 11:03:02', 69.35, 19.27);
INSERT INTO babystate (baby_id, createTime, cm, kg) VALUES ('baby42', '2020-01-02 12:28:29', 69.46, 19.45);
INSERT INTO babystate (baby_id, createTime, cm, kg) VALUES ('baby42', '2020-01-08 13:39:56', 69.95, 19.64);
INSERT INTO babystate (baby_id, createTime, cm, kg) VALUES ('baby42', '2020-01-20 17:23:10', 70.15, 19.89);
INSERT INTO babystate (baby_id, createTime, cm, kg) VALUES ('baby42', '2020-01-31 19:19:11', 70.56, 20.0);
INSERT INTO babystate (baby_id, createTime, cm, kg) VALUES ('baby42', '2020-02-09 22:20:47', 70.83, 20.21);
INSERT INTO babystate (baby_id, createTime, cm, kg) VALUES ('baby42', '2020-02-17 23:45:35', 71.3, 20.35);
INSERT INTO babystate (baby_id, createTime, cm, kg) VALUES ('baby42', '2020-02-24 02:55:58', 71.51, 20.56);
INSERT INTO babystate (baby_id, createTime, cm, kg) VALUES ('baby42', '2020-03-05 04:19:07', 71.72, 20.85);
INSERT INTO babystate (baby_id, createTime, cm, kg) VALUES ('baby42', '2020-03-10 05:33:38', 71.97, 21.06);
INSERT INTO babystate (baby_id, createTime, cm, kg) VALUES ('baby42', '2020-03-21 09:04:10', 72.27, 21.35);
INSERT INTO babystate (baby_id, createTime, cm, kg) VALUES ('baby42', '2020-03-28 12:45:52', 72.56, 21.59);
INSERT INTO babystate (baby_id, createTime, cm, kg) VALUES ('baby42', '2020-04-02 12:46:11', 72.99, 21.74);
INSERT INTO baby (baby_id, obn, name, gender, birthDate, bloodType) VALUES ('baby43', 'obnbaby43', '홍수아', 1, '2019-10-15 17:54:44', 'AB-');
INSERT INTO babystate (baby_id, createTime, cm, kg) VALUES ('baby43', '2019-10-25 20:32:39', 42.29, 4.41);
INSERT INTO babystate (baby_id, createTime, cm, kg) VALUES ('baby43', '2019-11-03 21:21:15', 42.73, 4.48);
INSERT INTO babystate (baby_id, createTime, cm, kg) VALUES ('baby43', '2019-11-11 21:28:51', 43.07, 4.69);
INSERT INTO babystate (baby_id, createTime, cm, kg) VALUES ('baby43', '2019-11-18 21:32:55', 43.18, 4.83);
INSERT INTO babystate (baby_id, createTime, cm, kg) VALUES ('baby43', '2019-11-26 00:40:43', 43.51, 5.11);
INSERT INTO babystate (baby_id, createTime, cm, kg) VALUES ('baby43', '2019-12-05 02:58:52', 43.8, 5.35);
INSERT INTO babystate (baby_id, createTime, cm, kg) VALUES ('baby43', '2019-12-12 06:46:39', 44.14, 5.6);
INSERT INTO babystate (baby_id, createTime, cm, kg) VALUES ('baby43', '2019-12-23 10:25:57', 44.49, 5.88);
INSERT INTO babystate (baby_id, createTime, cm, kg) VALUES ('baby43', '2020-01-04 12:53:25', 44.77, 5.98);
INSERT INTO babystate (baby_id, createTime, cm, kg) VALUES ('baby43', '2020-01-15 16:04:28', 44.94, 6.15);
INSERT INTO babystate (baby_id, createTime, cm, kg) VALUES ('baby43', '2020-01-25 16:29:28', 45.21, 6.26);
INSERT INTO babystate (baby_id, createTime, cm, kg) VALUES ('baby43', '2020-02-03 19:41:47', 45.6, 6.49);
INSERT INTO babystate (baby_id, createTime, cm, kg) VALUES ('baby43', '2020-02-10 21:32:51', 45.91, 6.68);
INSERT INTO babystate (baby_id, createTime, cm, kg) VALUES ('baby43', '2020-02-22 23:25:13', 46.03, 6.78);
INSERT INTO babystate (baby_id, createTime, cm, kg) VALUES ('baby43', '2020-03-06 00:42:29', 46.25, 7.03);
INSERT INTO babystate (baby_id, createTime, cm, kg) VALUES ('baby43', '2020-03-12 04:29:29', 46.56, 7.21);
INSERT INTO babystate (baby_id, createTime, cm, kg) VALUES ('baby43', '2020-03-19 07:45:51', 47.04, 7.35);
INSERT INTO babystate (baby_id, createTime, cm, kg) VALUES ('baby43', '2020-03-24 10:02:56', 47.37, 7.53);
INSERT INTO babystate (baby_id, createTime, cm, kg) VALUES ('baby43', '2020-03-30 10:40:26', 47.54, 7.63);
INSERT INTO babystate (baby_id, createTime, cm, kg) VALUES ('baby43', '2020-04-05 14:25:15', 47.77, 7.75);
INSERT INTO babystate (baby_id, createTime, cm, kg) VALUES ('baby43', '2020-04-17 17:33:18', 48.02, 7.86);
INSERT INTO babystate (baby_id, createTime, cm, kg) VALUES ('baby43', '2020-04-26 20:34:23', 48.46, 8.0);
INSERT INTO babystate (baby_id, createTime, cm, kg) VALUES ('baby43', '2020-05-07 00:08:05', 48.87, 8.16);
INSERT INTO babystate (baby_id, createTime, cm, kg) VALUES ('baby43', '2020-05-18 01:12:34', 49.0, 8.43);
INSERT INTO babystate (baby_id, createTime, cm, kg) VALUES ('baby43', '2020-05-23 02:31:29', 49.13, 8.59);
INSERT INTO babystate (baby_id, createTime, cm, kg) VALUES ('baby43', '2020-06-01 05:45:37', 49.49, 8.85);
INSERT INTO babystate (baby_id, createTime, cm, kg) VALUES ('baby43', '2020-06-07 07:24:52', 49.6, 9.04);
INSERT INTO babystate (baby_id, createTime, cm, kg) VALUES ('baby43', '2020-06-17 07:33:10', 49.82, 9.15);
INSERT INTO babystate (baby_id, createTime, cm, kg) VALUES ('baby43', '2020-06-28 10:44:10', 50.13, 9.28);
INSERT INTO babystate (baby_id, createTime, cm, kg) VALUES ('baby43', '2020-07-04 13:05:59', 50.36, 9.37);
INSERT INTO babystate (baby_id, createTime, cm, kg) VALUES ('baby43', '2020-07-15 14:10:06', 50.47, 9.53);
INSERT INTO babystate (baby_id, createTime, cm, kg) VALUES ('baby43', '2020-07-22 16:31:35', 50.65, 9.62);
INSERT INTO babystate (baby_id, createTime, cm, kg) VALUES ('baby43', '2020-08-01 18:25:20', 50.88, 9.75);
INSERT INTO babystate (baby_id, createTime, cm, kg) VALUES ('baby43', '2020-08-10 21:22:45', 51.13, 9.91);
INSERT INTO babystate (baby_id, createTime, cm, kg) VALUES ('baby43', '2020-08-19 21:22:52', 51.46, 9.99);
INSERT INTO babystate (baby_id, createTime, cm, kg) VALUES ('baby43', '2020-08-29 22:58:32', 51.86, 10.23);
INSERT INTO babystate (baby_id, createTime, cm, kg) VALUES ('baby43', '2020-09-10 02:37:02', 52.27, 10.32);
INSERT INTO babystate (baby_id, createTime, cm, kg) VALUES ('baby43', '2020-09-22 05:27:05', 52.46, 10.44);
INSERT INTO babystate (baby_id, createTime, cm, kg) VALUES ('baby43', '2020-10-02 06:41:11', 52.72, 10.53);
INSERT INTO babystate (baby_id, createTime, cm, kg) VALUES ('baby43', '2020-10-07 08:44:50', 53.19, 10.67);
INSERT INTO babystate (baby_id, createTime, cm, kg) VALUES ('baby43', '2020-10-17 09:52:50', 53.49, 10.75);
INSERT INTO babystate (baby_id, createTime, cm, kg) VALUES ('baby43', '2020-10-27 12:08:16', 53.82, 10.84);
INSERT INTO babystate (baby_id, createTime, cm, kg) VALUES ('baby43', '2020-11-04 16:06:38', 54.06, 10.89);
INSERT INTO babystate (baby_id, createTime, cm, kg) VALUES ('baby43', '2020-11-15 19:23:10', 54.28, 11.18);
INSERT INTO babystate (baby_id, createTime, cm, kg) VALUES ('baby43', '2020-11-26 20:03:28', 54.64, 11.3);
INSERT INTO babystate (baby_id, createTime, cm, kg) VALUES ('baby43', '2020-12-07 22:45:31', 54.87, 11.5);
INSERT INTO babystate (baby_id, createTime, cm, kg) VALUES ('baby43', '2020-12-14 23:16:11', 55.01, 11.65);
INSERT INTO babystate (baby_id, createTime, cm, kg) VALUES ('baby43', '2020-12-20 03:09:45', 55.14, 11.74);
INSERT INTO babystate (baby_id, createTime, cm, kg) VALUES ('baby43', '2021-01-01 05:32:40', 55.43, 11.91);
INSERT INTO babystate (baby_id, createTime, cm, kg) VALUES ('baby43', '2021-01-07 08:42:15', 55.58, 12.13);
INSERT INTO babystate (baby_id, createTime, cm, kg) VALUES ('baby43', '2021-01-13 08:58:58', 56.05, 12.42);
INSERT INTO babystate (baby_id, createTime, cm, kg) VALUES ('baby43', '2021-01-18 10:32:39', 56.2, 12.52);
INSERT INTO babystate (baby_id, createTime, cm, kg) VALUES ('baby43', '2021-01-25 12:26:22', 56.54, 12.6);
INSERT INTO babystate (baby_id, createTime, cm, kg) VALUES ('baby43', '2021-01-30 12:42:49', 56.95, 12.78);
INSERT INTO babystate (baby_id, createTime, cm, kg) VALUES ('baby43', '2021-02-07 15:24:47', 57.39, 13.0);
INSERT INTO babystate (baby_id, createTime, cm, kg) VALUES ('baby43', '2021-02-12 16:40:22', 57.59, 13.21);
INSERT INTO babystate (baby_id, createTime, cm, kg) VALUES ('baby43', '2021-02-18 19:36:40', 57.97, 13.35);
INSERT INTO babystate (baby_id, createTime, cm, kg) VALUES ('baby43', '2021-03-01 22:26:44', 58.32, 13.54);
INSERT INTO babystate (baby_id, createTime, cm, kg) VALUES ('baby43', '2021-03-13 01:32:31', 58.53, 13.69);
INSERT INTO babystate (baby_id, createTime, cm, kg) VALUES ('baby43', '2021-03-24 03:13:47', 58.82, 13.9);
INSERT INTO babystate (baby_id, createTime, cm, kg) VALUES ('baby43', '2021-04-03 06:36:42', 59.28, 13.99);
INSERT INTO babystate (baby_id, createTime, cm, kg) VALUES ('baby43', '2021-04-15 08:37:46', 59.56, 14.24);
INSERT INTO babystate (baby_id, createTime, cm, kg) VALUES ('baby43', '2021-04-20 12:18:02', 59.83, 14.38);
INSERT INTO babystate (baby_id, createTime, cm, kg) VALUES ('baby43', '2021-04-25 13:34:10', 59.99, 14.67);
INSERT INTO babystate (baby_id, createTime, cm, kg) VALUES ('baby43', '2021-05-05 16:33:33', 60.26, 14.81);
INSERT INTO babystate (baby_id, createTime, cm, kg) VALUES ('baby43', '2021-05-13 20:22:01', 60.62, 15.09);
INSERT INTO babystate (baby_id, createTime, cm, kg) VALUES ('baby43', '2021-05-23 21:31:06', 60.73, 15.26);
INSERT INTO babystate (baby_id, createTime, cm, kg) VALUES ('baby43', '2021-05-30 01:13:59', 61.15, 15.49);
INSERT INTO babystate (baby_id, createTime, cm, kg) VALUES ('baby43', '2021-06-05 01:33:16', 61.53, 15.61);
INSERT INTO babystate (baby_id, createTime, cm, kg) VALUES ('baby43', '2021-06-16 03:47:49', 61.86, 15.73);
INSERT INTO babystate (baby_id, createTime, cm, kg) VALUES ('baby43', '2021-06-23 05:08:32', 62.03, 15.96);
INSERT INTO babystate (baby_id, createTime, cm, kg) VALUES ('baby43', '2021-07-05 08:45:07', 62.5, 16.25);
INSERT INTO babystate (baby_id, createTime, cm, kg) VALUES ('baby43', '2021-07-15 12:04:37', 62.69, 16.54);
INSERT INTO babystate (baby_id, createTime, cm, kg) VALUES ('baby43', '2021-07-24 12:13:29', 63.16, 16.74);
INSERT INTO babystate (baby_id, createTime, cm, kg) VALUES ('baby43', '2021-08-03 12:42:50', 63.54, 16.89);
INSERT INTO babystate (baby_id, createTime, cm, kg) VALUES ('baby43', '2021-08-09 12:54:54', 63.69, 16.97);
INSERT INTO babystate (baby_id, createTime, cm, kg) VALUES ('baby43', '2021-08-20 16:16:50', 64.09, 17.15);
INSERT INTO babystate (baby_id, createTime, cm, kg) VALUES ('baby43', '2021-08-30 19:59:06', 64.58, 17.3);
INSERT INTO babystate (baby_id, createTime, cm, kg) VALUES ('baby43', '2021-09-06 21:47:55', 64.74, 17.54);
INSERT INTO babystate (baby_id, createTime, cm, kg) VALUES ('baby43', '2021-09-15 01:11:13', 65.01, 17.79);
INSERT INTO babystate (baby_id, createTime, cm, kg) VALUES ('baby43', '2021-09-23 01:23:04', 65.14, 17.87);
INSERT INTO babystate (baby_id, createTime, cm, kg) VALUES ('baby43', '2021-10-05 05:10:39', 65.37, 17.98);
INSERT INTO babystate (baby_id, createTime, cm, kg) VALUES ('baby43', '2021-10-15 05:57:38', 65.77, 18.24);
INSERT INTO babystate (baby_id, createTime, cm, kg) VALUES ('baby43', '2021-10-23 07:18:27', 65.9, 18.49);
INSERT INTO babystate (baby_id, createTime, cm, kg) VALUES ('baby43', '2021-11-01 09:16:35', 66.34, 18.6);
INSERT INTO babystate (baby_id, createTime, cm, kg) VALUES ('baby43', '2021-11-09 11:04:06', 66.51, 18.84);
INSERT INTO babystate (baby_id, createTime, cm, kg) VALUES ('baby43', '2021-11-18 11:40:55', 66.95, 19.07);
INSERT INTO babystate (baby_id, createTime, cm, kg) VALUES ('baby43', '2021-11-24 14:04:50', 67.2, 19.14);
INSERT INTO babystate (baby_id, createTime, cm, kg) VALUES ('baby43', '2021-12-05 15:10:35', 67.5, 19.38);
INSERT INTO babystate (baby_id, createTime, cm, kg) VALUES ('baby43', '2021-12-16 16:33:35', 67.9, 19.51);
INSERT INTO babystate (baby_id, createTime, cm, kg) VALUES ('baby43', '2021-12-23 16:50:08', 68.29, 19.79);
INSERT INTO babystate (baby_id, createTime, cm, kg) VALUES ('baby43', '2021-12-28 17:31:26', 68.71, 19.88);
INSERT INTO babystate (baby_id, createTime, cm, kg) VALUES ('baby43', '2022-01-08 20:36:38', 68.85, 19.94);
INSERT INTO babystate (baby_id, createTime, cm, kg) VALUES ('baby43', '2022-01-14 21:29:02', 69.32, 20.18);
INSERT INTO babystate (baby_id, createTime, cm, kg) VALUES ('baby43', '2022-01-26 01:14:13', 69.42, 20.38);
INSERT INTO babystate (baby_id, createTime, cm, kg) VALUES ('baby43', '2022-02-01 05:03:37', 69.8, 20.47);
INSERT INTO babystate (baby_id, createTime, cm, kg) VALUES ('baby43', '2022-02-08 05:51:52', 70.06, 20.59);
INSERT INTO babystate (baby_id, createTime, cm, kg) VALUES ('baby43', '2022-02-14 07:40:55', 70.3, 20.77);
INSERT INTO babystate (baby_id, createTime, cm, kg) VALUES ('baby43', '2022-02-20 10:07:52', 70.64, 20.85);
INSERT INTO babystate (baby_id, createTime, cm, kg) VALUES ('baby43', '2022-03-02 11:11:45', 70.77, 20.96);
INSERT INTO baby (baby_id, obn, name, gender, birthDate, bloodType) VALUES ('baby51', 'obnbaby51', '신시윤', 1, '2017-12-17 21:53:32', ' A-');
INSERT INTO babystate (baby_id, createTime, cm, kg) VALUES ('baby51', '2017-12-24 00:44:52', 46.05, 3.87);
INSERT INTO babystate (baby_id, createTime, cm, kg) VALUES ('baby51', '2017-12-29 03:36:44', 46.17, 4.0);
INSERT INTO babystate (baby_id, createTime, cm, kg) VALUES ('baby51', '2018-01-09 05:19:02', 46.38, 4.26);
INSERT INTO babystate (baby_id, createTime, cm, kg) VALUES ('baby51', '2018-01-16 07:59:22', 46.84, 4.36);
INSERT INTO babystate (baby_id, createTime, cm, kg) VALUES ('baby51', '2018-01-21 08:59:38', 47.34, 4.47);
INSERT INTO babystate (baby_id, createTime, cm, kg) VALUES ('baby51', '2018-02-02 10:53:22', 47.6, 4.62);
INSERT INTO babystate (baby_id, createTime, cm, kg) VALUES ('baby51', '2018-02-11 13:20:17', 47.78, 4.73);
INSERT INTO babystate (baby_id, createTime, cm, kg) VALUES ('baby51', '2018-02-16 14:52:56', 48.21, 4.83);
INSERT INTO babystate (baby_id, createTime, cm, kg) VALUES ('baby51', '2018-02-23 15:41:11', 48.56, 4.99);
INSERT INTO babystate (baby_id, createTime, cm, kg) VALUES ('baby51', '2018-03-01 16:45:24', 48.85, 5.09);
INSERT INTO babystate (baby_id, createTime, cm, kg) VALUES ('baby51', '2018-03-13 19:25:25', 48.96, 5.2);
INSERT INTO babystate (baby_id, createTime, cm, kg) VALUES ('baby51', '2018-03-19 20:26:45', 49.14, 5.29);
INSERT INTO babystate (baby_id, createTime, cm, kg) VALUES ('baby51', '2018-03-31 20:39:07', 49.31, 5.55);
INSERT INTO babystate (baby_id, createTime, cm, kg) VALUES ('baby51', '2018-04-09 00:38:37', 49.56, 5.82);
INSERT INTO babystate (baby_id, createTime, cm, kg) VALUES ('baby51', '2018-04-17 04:37:40', 49.77, 6.11);
INSERT INTO babystate (baby_id, createTime, cm, kg) VALUES ('baby51', '2018-04-29 07:27:43', 50.19, 6.28);
INSERT INTO babystate (baby_id, createTime, cm, kg) VALUES ('baby51', '2018-05-07 10:01:15', 50.68, 6.48);
INSERT INTO babystate (baby_id, createTime, cm, kg) VALUES ('baby51', '2018-05-15 13:50:12', 50.96, 6.62);
INSERT INTO babystate (baby_id, createTime, cm, kg) VALUES ('baby51', '2018-05-26 16:41:22', 51.25, 6.81);
INSERT INTO babystate (baby_id, createTime, cm, kg) VALUES ('baby51', '2018-06-05 18:47:19', 51.5, 7.09);
INSERT INTO babystate (baby_id, createTime, cm, kg) VALUES ('baby51', '2018-06-17 20:26:08', 51.94, 7.29);
INSERT INTO babystate (baby_id, createTime, cm, kg) VALUES ('baby51', '2018-06-22 20:51:42', 52.26, 7.44);
INSERT INTO babystate (baby_id, createTime, cm, kg) VALUES ('baby51', '2018-07-04 22:08:07', 52.66, 7.54);
INSERT INTO babystate (baby_id, createTime, cm, kg) VALUES ('baby51', '2018-07-11 01:27:10', 52.93, 7.71);
INSERT INTO babystate (baby_id, createTime, cm, kg) VALUES ('baby51', '2018-07-22 03:22:25', 53.08, 8.0);
INSERT INTO babystate (baby_id, createTime, cm, kg) VALUES ('baby51', '2018-08-01 06:49:01', 53.4, 8.09);
INSERT INTO babystate (baby_id, createTime, cm, kg) VALUES ('baby51', '2018-08-11 07:07:13', 53.51, 8.22);
INSERT INTO babystate (baby_id, createTime, cm, kg) VALUES ('baby51', '2018-08-23 07:42:27', 53.75, 8.49);
INSERT INTO babystate (baby_id, createTime, cm, kg) VALUES ('baby51', '2018-08-30 11:35:44', 54.07, 8.75);
INSERT INTO babystate (baby_id, createTime, cm, kg) VALUES ('baby51', '2018-09-08 12:55:09', 54.19, 8.84);
INSERT INTO babystate (baby_id, createTime, cm, kg) VALUES ('baby51', '2018-09-18 14:01:54', 54.59, 8.92);
INSERT INTO babystate (baby_id, createTime, cm, kg) VALUES ('baby51', '2018-09-26 15:57:51', 54.79, 9.06);
INSERT INTO babystate (baby_id, createTime, cm, kg) VALUES ('baby51', '2018-10-04 16:03:22', 54.98, 9.13);
INSERT INTO babystate (baby_id, createTime, cm, kg) VALUES ('baby51', '2018-10-10 19:07:56', 55.27, 9.41);
INSERT INTO babystate (baby_id, createTime, cm, kg) VALUES ('baby51', '2018-10-22 19:30:06', 55.75, 9.58);
INSERT INTO babystate (baby_id, createTime, cm, kg) VALUES ('baby51', '2018-10-29 23:12:42', 56.06, 9.75);
INSERT INTO babystate (baby_id, createTime, cm, kg) VALUES ('baby51', '2018-11-05 03:11:25', 56.42, 10.01);
INSERT INTO babystate (baby_id, createTime, cm, kg) VALUES ('baby51', '2018-11-13 06:50:04', 56.81, 10.18);
INSERT INTO babystate (baby_id, createTime, cm, kg) VALUES ('baby51', '2018-11-25 09:50:04', 57.3, 10.31);
INSERT INTO babystate (baby_id, createTime, cm, kg) VALUES ('baby51', '2018-12-03 10:00:03', 57.7, 10.42);
INSERT INTO babystate (baby_id, createTime, cm, kg) VALUES ('baby51', '2018-12-12 12:08:43', 58.19, 10.48);
INSERT INTO babystate (baby_id, createTime, cm, kg) VALUES ('baby51', '2018-12-17 15:57:39', 58.44, 10.64);
INSERT INTO babystate (baby_id, createTime, cm, kg) VALUES ('baby51', '2018-12-27 16:30:51', 58.61, 10.7);
INSERT INTO babystate (baby_id, createTime, cm, kg) VALUES ('baby51', '2019-01-01 18:34:59', 59.0, 10.82);
INSERT INTO babystate (baby_id, createTime, cm, kg) VALUES ('baby51', '2019-01-12 21:32:38', 59.33, 11.11);
INSERT INTO babystate (baby_id, createTime, cm, kg) VALUES ('baby51', '2019-01-25 01:14:22', 59.46, 11.25);
INSERT INTO babystate (baby_id, createTime, cm, kg) VALUES ('baby51', '2019-02-02 04:29:34', 59.87, 11.45);
INSERT INTO babystate (baby_id, createTime, cm, kg) VALUES ('baby51', '2019-02-13 07:54:48', 60.09, 11.71);
INSERT INTO babystate (baby_id, createTime, cm, kg) VALUES ('baby51', '2019-02-22 11:05:51', 60.55, 11.81);
INSERT INTO babystate (baby_id, createTime, cm, kg) VALUES ('baby51', '2019-02-28 14:23:09', 60.77, 12.03);
INSERT INTO babystate (baby_id, createTime, cm, kg) VALUES ('baby51', '2019-03-11 17:08:13', 61.16, 12.27);
INSERT INTO babystate (baby_id, createTime, cm, kg) VALUES ('baby51', '2019-03-22 20:11:40', 61.42, 12.54);
INSERT INTO babystate (baby_id, createTime, cm, kg) VALUES ('baby51', '2019-04-02 23:57:56', 61.9, 12.73);
INSERT INTO babystate (baby_id, createTime, cm, kg) VALUES ('baby51', '2019-04-14 00:49:17', 62.27, 12.97);
INSERT INTO babystate (baby_id, createTime, cm, kg) VALUES ('baby51', '2019-04-24 04:25:03', 62.67, 13.13);
INSERT INTO babystate (baby_id, createTime, cm, kg) VALUES ('baby51', '2019-05-03 07:07:50', 62.98, 13.3);
INSERT INTO babystate (baby_id, createTime, cm, kg) VALUES ('baby51', '2019-05-12 08:47:06', 63.24, 13.46);
INSERT INTO babystate (baby_id, createTime, cm, kg) VALUES ('baby51', '2019-05-21 08:49:03', 63.56, 13.52);
INSERT INTO babystate (baby_id, createTime, cm, kg) VALUES ('baby51', '2019-06-02 12:35:03', 63.76, 13.59);
INSERT INTO babystate (baby_id, createTime, cm, kg) VALUES ('baby51', '2019-06-07 15:25:10', 64.17, 13.88);
INSERT INTO babystate (baby_id, createTime, cm, kg) VALUES ('baby51', '2019-06-12 16:16:51', 64.31, 14.06);
INSERT INTO babystate (baby_id, createTime, cm, kg) VALUES ('baby51', '2019-06-17 18:55:46', 64.74, 14.32);
INSERT INTO babystate (baby_id, createTime, cm, kg) VALUES ('baby51', '2019-06-25 22:12:34', 65.02, 14.49);
INSERT INTO babystate (baby_id, createTime, cm, kg) VALUES ('baby51', '2019-07-05 00:38:06', 65.3, 14.69);
INSERT INTO babystate (baby_id, createTime, cm, kg) VALUES ('baby51', '2019-07-17 00:44:52', 65.79, 14.82);
INSERT INTO babystate (baby_id, createTime, cm, kg) VALUES ('baby51', '2019-07-23 02:28:49', 66.07, 15.12);
INSERT INTO babystate (baby_id, createTime, cm, kg) VALUES ('baby51', '2019-07-31 03:47:22', 66.44, 15.28);
INSERT INTO babystate (baby_id, createTime, cm, kg) VALUES ('baby51', '2019-08-05 06:53:37', 66.68, 15.53);
INSERT INTO babystate (baby_id, createTime, cm, kg) VALUES ('baby51', '2019-08-12 10:07:22', 66.93, 15.71);
INSERT INTO babystate (baby_id, createTime, cm, kg) VALUES ('baby51', '2019-08-23 13:36:35', 67.07, 15.87);
INSERT INTO babystate (baby_id, createTime, cm, kg) VALUES ('baby51', '2019-08-28 16:55:08', 67.26, 16.13);
INSERT INTO babystate (baby_id, createTime, cm, kg) VALUES ('baby51', '2019-09-06 20:38:28', 67.53, 16.21);
INSERT INTO babystate (baby_id, createTime, cm, kg) VALUES ('baby51', '2019-09-15 23:28:47', 67.63, 16.34);
INSERT INTO babystate (baby_id, createTime, cm, kg) VALUES ('baby51', '2019-09-21 01:45:26', 67.86, 16.53);
INSERT INTO babystate (baby_id, createTime, cm, kg) VALUES ('baby51', '2019-09-30 01:54:56', 67.98, 16.75);
INSERT INTO babystate (baby_id, createTime, cm, kg) VALUES ('baby51', '2019-10-07 02:53:16', 68.41, 16.88);
INSERT INTO babystate (baby_id, createTime, cm, kg) VALUES ('baby51', '2019-10-14 03:34:31', 68.77, 17.07);
INSERT INTO babystate (baby_id, createTime, cm, kg) VALUES ('baby51', '2019-10-24 06:30:42', 69.17, 17.17);
INSERT INTO babystate (baby_id, createTime, cm, kg) VALUES ('baby51', '2019-10-29 09:14:53', 69.45, 17.3);
INSERT INTO babystate (baby_id, createTime, cm, kg) VALUES ('baby51', '2019-11-09 12:18:49', 69.79, 17.49);
INSERT INTO babystate (baby_id, createTime, cm, kg) VALUES ('baby51', '2019-11-17 13:04:25', 70.1, 17.56);
INSERT INTO babystate (baby_id, createTime, cm, kg) VALUES ('baby51', '2019-11-26 13:30:23', 70.58, 17.65);
INSERT INTO babystate (baby_id, createTime, cm, kg) VALUES ('baby51', '2019-12-07 17:14:44', 70.85, 17.85);
INSERT INTO babystate (baby_id, createTime, cm, kg) VALUES ('baby51', '2019-12-19 18:55:37', 71.24, 18.03);
INSERT INTO babystate (baby_id, createTime, cm, kg) VALUES ('baby51', '2019-12-27 22:43:13', 71.64, 18.25);
INSERT INTO babystate (baby_id, createTime, cm, kg) VALUES ('baby51', '2020-01-03 00:47:09', 71.8, 18.32);
INSERT INTO babystate (baby_id, createTime, cm, kg) VALUES ('baby51', '2020-01-11 02:08:45', 71.93, 18.54);
INSERT INTO babystate (baby_id, createTime, cm, kg) VALUES ('baby51', '2020-01-19 04:46:15', 72.15, 18.67);
INSERT INTO babystate (baby_id, createTime, cm, kg) VALUES ('baby51', '2020-01-30 06:43:08', 72.33, 18.82);
INSERT INTO babystate (baby_id, createTime, cm, kg) VALUES ('baby51', '2020-02-11 10:25:04', 72.53, 18.95);
INSERT INTO babystate (baby_id, createTime, cm, kg) VALUES ('baby51', '2020-02-21 10:46:52', 72.67, 19.03);
INSERT INTO babystate (baby_id, createTime, cm, kg) VALUES ('baby51', '2020-02-28 14:18:14', 73.02, 19.09);
INSERT INTO babystate (baby_id, createTime, cm, kg) VALUES ('baby51', '2020-03-08 16:08:49', 73.14, 19.37);
INSERT INTO babystate (baby_id, createTime, cm, kg) VALUES ('baby51', '2020-03-14 17:19:24', 73.56, 19.59);
INSERT INTO babystate (baby_id, createTime, cm, kg) VALUES ('baby51', '2020-03-23 20:24:11', 73.72, 19.73);
INSERT INTO babystate (baby_id, createTime, cm, kg) VALUES ('baby51', '2020-03-30 00:10:47', 73.93, 19.84);
INSERT INTO babystate (baby_id, createTime, cm, kg) VALUES ('baby51', '2020-04-09 02:08:24', 74.04, 20.04);
INSERT INTO babystate (baby_id, createTime, cm, kg) VALUES ('baby51', '2020-04-18 05:19:21', 74.16, 20.3);
INSERT INTO babystate (baby_id, createTime, cm, kg) VALUES ('baby51', '2020-04-30 06:16:18', 74.59, 20.37);
INSERT INTO babystate (baby_id, createTime, cm, kg) VALUES ('baby51', '2020-05-10 09:09:00', 75.04, 20.46);
INSERT INTO baby (baby_id, obn, name, gender, birthDate, bloodType) VALUES ('baby52', 'obnbaby52', '백태윤', 0, '2019-02-12 12:35:02', ' O-');
INSERT INTO babystate (baby_id, createTime, cm, kg) VALUES ('baby52', '2019-02-17 14:43:50', 31.31, 5.03);
INSERT INTO babystate (baby_id, createTime, cm, kg) VALUES ('baby52', '2019-02-27 15:34:55', 31.76, 5.16);
INSERT INTO babystate (baby_id, createTime, cm, kg) VALUES ('baby52', '2019-03-05 16:05:02', 32.08, 5.44);
INSERT INTO babystate (baby_id, createTime, cm, kg) VALUES ('baby52', '2019-03-16 16:45:21', 32.36, 5.71);
INSERT INTO babystate (baby_id, createTime, cm, kg) VALUES ('baby52', '2019-03-25 18:05:00', 32.85, 5.87);
INSERT INTO babystate (baby_id, createTime, cm, kg) VALUES ('baby52', '2019-04-06 20:49:43', 33.05, 6.04);
INSERT INTO babystate (baby_id, createTime, cm, kg) VALUES ('baby52', '2019-04-15 00:40:52', 33.19, 6.21);
INSERT INTO babystate (baby_id, createTime, cm, kg) VALUES ('baby52', '2019-04-27 01:56:14', 33.64, 6.47);
INSERT INTO babystate (baby_id, createTime, cm, kg) VALUES ('baby52', '2019-05-09 02:46:14', 34.02, 6.75);
INSERT INTO babystate (baby_id, createTime, cm, kg) VALUES ('baby52', '2019-05-14 05:10:40', 34.45, 6.98);
INSERT INTO babystate (baby_id, createTime, cm, kg) VALUES ('baby52', '2019-05-25 07:56:00', 34.83, 7.27);
INSERT INTO babystate (baby_id, createTime, cm, kg) VALUES ('baby52', '2019-06-06 11:19:23', 35.02, 7.54);
INSERT INTO babystate (baby_id, createTime, cm, kg) VALUES ('baby52', '2019-06-17 12:54:56', 35.13, 7.77);
INSERT INTO babystate (baby_id, createTime, cm, kg) VALUES ('baby52', '2019-06-26 15:08:13', 35.53, 8.05);
INSERT INTO babystate (baby_id, createTime, cm, kg) VALUES ('baby52', '2019-07-01 18:07:57', 35.82, 8.22);
INSERT INTO babystate (baby_id, createTime, cm, kg) VALUES ('baby52', '2019-07-12 21:22:07', 36.04, 8.41);
INSERT INTO babystate (baby_id, createTime, cm, kg) VALUES ('baby52', '2019-07-24 00:41:33', 36.28, 8.51);
INSERT INTO babystate (baby_id, createTime, cm, kg) VALUES ('baby52', '2019-08-03 04:28:08', 36.52, 8.62);
INSERT INTO babystate (baby_id, createTime, cm, kg) VALUES ('baby52', '2019-08-08 06:35:09', 36.91, 8.82);
INSERT INTO babystate (baby_id, createTime, cm, kg) VALUES ('baby52', '2019-08-14 07:38:19', 37.2, 9.11);
INSERT INTO babystate (baby_id, createTime, cm, kg) VALUES ('baby52', '2019-08-21 10:26:16', 37.54, 9.33);
INSERT INTO babystate (baby_id, createTime, cm, kg) VALUES ('baby52', '2019-08-30 13:01:04', 37.87, 9.53);
INSERT INTO babystate (baby_id, createTime, cm, kg) VALUES ('baby52', '2019-09-10 14:10:59', 38.2, 9.62);
INSERT INTO babystate (baby_id, createTime, cm, kg) VALUES ('baby52', '2019-09-19 15:41:41', 38.56, 9.82);
INSERT INTO babystate (baby_id, createTime, cm, kg) VALUES ('baby52', '2019-09-29 18:42:27', 38.81, 10.04);
INSERT INTO babystate (baby_id, createTime, cm, kg) VALUES ('baby52', '2019-10-09 22:15:10', 39.22, 10.31);
INSERT INTO babystate (baby_id, createTime, cm, kg) VALUES ('baby52', '2019-10-17 01:30:53', 39.43, 10.43);
INSERT INTO babystate (baby_id, createTime, cm, kg) VALUES ('baby52', '2019-10-26 03:22:12', 39.83, 10.54);
INSERT INTO babystate (baby_id, createTime, cm, kg) VALUES ('baby52', '2019-11-06 05:55:16', 40.09, 10.73);
INSERT INTO babystate (baby_id, createTime, cm, kg) VALUES ('baby52', '2019-11-18 08:26:10', 40.43, 10.86);
INSERT INTO babystate (baby_id, createTime, cm, kg) VALUES ('baby52', '2019-11-27 09:41:09', 40.66, 11.08);
INSERT INTO babystate (baby_id, createTime, cm, kg) VALUES ('baby52', '2019-12-05 12:23:02', 41.13, 11.36);
INSERT INTO babystate (baby_id, createTime, cm, kg) VALUES ('baby52', '2019-12-16 16:10:04', 41.54, 11.49);
INSERT INTO babystate (baby_id, createTime, cm, kg) VALUES ('baby52', '2019-12-22 19:01:32', 41.71, 11.66);
INSERT INTO babystate (baby_id, createTime, cm, kg) VALUES ('baby52', '2020-01-03 20:10:26', 41.97, 11.9);
INSERT INTO babystate (baby_id, createTime, cm, kg) VALUES ('baby52', '2020-01-12 22:30:00', 42.34, 12.19);
INSERT INTO babystate (baby_id, createTime, cm, kg) VALUES ('baby52', '2020-01-21 22:30:39', 42.69, 12.46);
INSERT INTO babystate (baby_id, createTime, cm, kg) VALUES ('baby52', '2020-02-01 01:08:02', 42.99, 12.67);
INSERT INTO babystate (baby_id, createTime, cm, kg) VALUES ('baby52', '2020-02-11 01:47:28', 43.4, 12.72);
INSERT INTO babystate (baby_id, createTime, cm, kg) VALUES ('baby52', '2020-02-20 05:10:42', 43.81, 12.92);
INSERT INTO babystate (baby_id, createTime, cm, kg) VALUES ('baby52', '2020-02-28 08:07:57', 44.0, 13.0);
INSERT INTO babystate (baby_id, createTime, cm, kg) VALUES ('baby52', '2020-03-07 08:33:41', 44.14, 13.2);
INSERT INTO babystate (baby_id, createTime, cm, kg) VALUES ('baby52', '2020-03-13 11:11:15', 44.52, 13.42);
INSERT INTO babystate (baby_id, createTime, cm, kg) VALUES ('baby52', '2020-03-22 13:39:31', 44.76, 13.63);
INSERT INTO babystate (baby_id, createTime, cm, kg) VALUES ('baby52', '2020-03-31 17:13:34', 45.0, 13.76);
INSERT INTO babystate (baby_id, createTime, cm, kg) VALUES ('baby52', '2020-04-11 18:38:04', 45.12, 13.93);
INSERT INTO babystate (baby_id, createTime, cm, kg) VALUES ('baby52', '2020-04-22 19:21:51', 45.54, 13.98);
INSERT INTO babystate (baby_id, createTime, cm, kg) VALUES ('baby52', '2020-05-03 22:02:20', 45.92, 14.1);
INSERT INTO babystate (baby_id, createTime, cm, kg) VALUES ('baby52', '2020-05-09 00:53:13', 46.35, 14.26);
INSERT INTO babystate (baby_id, createTime, cm, kg) VALUES ('baby52', '2020-05-18 02:59:33', 46.78, 14.47);
INSERT INTO babystate (baby_id, createTime, cm, kg) VALUES ('baby52', '2020-05-30 06:41:07', 47.0, 14.58);
INSERT INTO babystate (baby_id, createTime, cm, kg) VALUES ('baby52', '2020-06-04 08:50:36', 47.15, 14.66);
INSERT INTO babystate (baby_id, createTime, cm, kg) VALUES ('baby52', '2020-06-15 09:10:43', 47.54, 14.72);
INSERT INTO babystate (baby_id, createTime, cm, kg) VALUES ('baby52', '2020-06-21 11:54:23', 47.81, 14.93);
INSERT INTO babystate (baby_id, createTime, cm, kg) VALUES ('baby52', '2020-06-29 15:44:53', 47.94, 15.23);
INSERT INTO babystate (baby_id, createTime, cm, kg) VALUES ('baby52', '2020-07-07 15:49:20', 48.1, 15.35);
INSERT INTO babystate (baby_id, createTime, cm, kg) VALUES ('baby52', '2020-07-19 18:24:36', 48.58, 15.43);
INSERT INTO babystate (baby_id, createTime, cm, kg) VALUES ('baby52', '2020-07-26 21:27:03', 48.77, 15.71);
INSERT INTO babystate (baby_id, createTime, cm, kg) VALUES ('baby52', '2020-08-02 23:24:07', 48.88, 15.96);
INSERT INTO babystate (baby_id, createTime, cm, kg) VALUES ('baby52', '2020-08-12 00:46:44', 49.28, 16.22);
INSERT INTO babystate (baby_id, createTime, cm, kg) VALUES ('baby52', '2020-08-18 02:38:03', 49.45, 16.49);
INSERT INTO babystate (baby_id, createTime, cm, kg) VALUES ('baby52', '2020-08-29 03:01:05', 49.69, 16.61);
INSERT INTO babystate (baby_id, createTime, cm, kg) VALUES ('baby52', '2020-09-04 06:22:41', 49.94, 16.82);
INSERT INTO babystate (baby_id, createTime, cm, kg) VALUES ('baby52', '2020-09-11 09:25:13', 50.13, 17.04);
INSERT INTO babystate (baby_id, createTime, cm, kg) VALUES ('baby52', '2020-09-22 12:37:48', 50.4, 17.33);
INSERT INTO babystate (baby_id, createTime, cm, kg) VALUES ('baby52', '2020-09-30 15:57:56', 50.72, 17.47);
INSERT INTO babystate (baby_id, createTime, cm, kg) VALUES ('baby52', '2020-10-11 19:25:54', 51.13, 17.67);
INSERT INTO babystate (baby_id, createTime, cm, kg) VALUES ('baby52', '2020-10-21 19:33:43', 51.55, 17.85);
INSERT INTO babystate (baby_id, createTime, cm, kg) VALUES ('baby52', '2020-11-02 19:41:02', 52.03, 18.14);
INSERT INTO babystate (baby_id, createTime, cm, kg) VALUES ('baby52', '2020-11-10 22:42:44', 52.22, 18.33);
INSERT INTO babystate (baby_id, createTime, cm, kg) VALUES ('baby52', '2020-11-21 22:50:48', 52.37, 18.53);
INSERT INTO babystate (baby_id, createTime, cm, kg) VALUES ('baby52', '2020-11-28 00:13:22', 52.71, 18.79);
INSERT INTO babystate (baby_id, createTime, cm, kg) VALUES ('baby52', '2020-12-04 00:51:46', 53.1, 19.04);
INSERT INTO babystate (baby_id, createTime, cm, kg) VALUES ('baby52', '2020-12-16 03:37:23', 53.34, 19.28);
INSERT INTO babystate (baby_id, createTime, cm, kg) VALUES ('baby52', '2020-12-22 04:09:08', 53.76, 19.54);
INSERT INTO babystate (baby_id, createTime, cm, kg) VALUES ('baby52', '2020-12-28 05:23:30', 54.24, 19.72);
INSERT INTO babystate (baby_id, createTime, cm, kg) VALUES ('baby52', '2021-01-02 06:18:30', 54.57, 19.94);
INSERT INTO babystate (baby_id, createTime, cm, kg) VALUES ('baby52', '2021-01-12 07:13:04', 55.03, 20.02);
INSERT INTO babystate (baby_id, createTime, cm, kg) VALUES ('baby52', '2021-01-20 10:25:43', 55.42, 20.15);
INSERT INTO babystate (baby_id, createTime, cm, kg) VALUES ('baby52', '2021-01-25 11:41:14', 55.75, 20.4);
INSERT INTO babystate (baby_id, createTime, cm, kg) VALUES ('baby52', '2021-02-03 12:22:14', 56.13, 20.69);
INSERT INTO babystate (baby_id, createTime, cm, kg) VALUES ('baby52', '2021-02-14 12:33:01', 56.39, 20.84);
INSERT INTO babystate (baby_id, createTime, cm, kg) VALUES ('baby52', '2021-02-23 14:34:04', 56.51, 20.99);
INSERT INTO babystate (baby_id, createTime, cm, kg) VALUES ('baby52', '2021-03-03 14:43:32', 57.0, 21.07);
INSERT INTO babystate (baby_id, createTime, cm, kg) VALUES ('baby52', '2021-03-15 18:24:08', 57.1, 21.37);
INSERT INTO babystate (baby_id, createTime, cm, kg) VALUES ('baby52', '2021-03-24 21:28:09', 57.23, 21.43);
INSERT INTO babystate (baby_id, createTime, cm, kg) VALUES ('baby52', '2021-04-01 21:29:06', 57.52, 21.48);
INSERT INTO babystate (baby_id, createTime, cm, kg) VALUES ('baby52', '2021-04-07 22:54:22', 57.93, 21.61);
INSERT INTO babystate (baby_id, createTime, cm, kg) VALUES ('baby52', '2021-04-15 22:57:38', 58.12, 21.68);
INSERT INTO babystate (baby_id, createTime, cm, kg) VALUES ('baby52', '2021-04-23 23:37:30', 58.51, 21.97);
INSERT INTO babystate (baby_id, createTime, cm, kg) VALUES ('baby52', '2021-05-01 23:46:58', 58.67, 22.14);
INSERT INTO babystate (baby_id, createTime, cm, kg) VALUES ('baby52', '2021-05-11 01:10:20', 58.96, 22.3);
INSERT INTO babystate (baby_id, createTime, cm, kg) VALUES ('baby52', '2021-05-19 02:13:44', 59.42, 22.45);
INSERT INTO babystate (baby_id, createTime, cm, kg) VALUES ('baby52', '2021-05-30 05:44:51', 59.88, 22.59);
INSERT INTO babystate (baby_id, createTime, cm, kg) VALUES ('baby52', '2021-06-11 07:56:59', 60.16, 22.78);
INSERT INTO babystate (baby_id, createTime, cm, kg) VALUES ('baby52', '2021-06-23 11:15:32', 60.58, 22.87);
INSERT INTO babystate (baby_id, createTime, cm, kg) VALUES ('baby52', '2021-06-29 12:56:42', 60.87, 23.07);
INSERT INTO babystate (baby_id, createTime, cm, kg) VALUES ('baby52', '2021-07-11 14:34:09', 61.35, 23.14);
INSERT INTO babystate (baby_id, createTime, cm, kg) VALUES ('baby52', '2021-07-19 15:03:18', 61.58, 23.25);
INSERT INTO babystate (baby_id, createTime, cm, kg) VALUES ('baby52', '2021-07-27 16:01:05', 61.94, 23.39);
INSERT INTO baby (baby_id, obn, name, gender, birthDate, bloodType) VALUES ('baby53', 'obnbaby53', '권준혁', 0, '2019-07-31 16:08:08', ' O+');
INSERT INTO babystate (baby_id, createTime, cm, kg) VALUES ('baby53', '2019-08-10 18:50:07', 34.33, 5.06);
INSERT INTO babystate (baby_id, createTime, cm, kg) VALUES ('baby53', '2019-08-21 18:59:15', 34.53, 5.22);
INSERT INTO babystate (baby_id, createTime, cm, kg) VALUES ('baby53', '2019-08-29 22:21:54', 34.88, 5.34);
INSERT INTO babystate (baby_id, createTime, cm, kg) VALUES ('baby53', '2019-09-07 01:38:02', 35.17, 5.64);
INSERT INTO babystate (baby_id, createTime, cm, kg) VALUES ('baby53', '2019-09-16 03:56:39', 35.42, 5.76);
INSERT INTO babystate (baby_id, createTime, cm, kg) VALUES ('baby53', '2019-09-21 04:51:57', 35.68, 5.93);
INSERT INTO babystate (baby_id, createTime, cm, kg) VALUES ('baby53', '2019-09-28 06:58:06', 36.09, 6.03);
INSERT INTO babystate (baby_id, createTime, cm, kg) VALUES ('baby53', '2019-10-08 08:14:45', 36.33, 6.19);
INSERT INTO babystate (baby_id, createTime, cm, kg) VALUES ('baby53', '2019-10-16 10:20:15', 36.58, 6.48);
INSERT INTO babystate (baby_id, createTime, cm, kg) VALUES ('baby53', '2019-10-24 14:12:08', 36.93, 6.65);
INSERT INTO babystate (baby_id, createTime, cm, kg) VALUES ('baby53', '2019-11-05 17:54:28', 37.2, 6.9);
INSERT INTO babystate (baby_id, createTime, cm, kg) VALUES ('baby53', '2019-11-17 18:35:16', 37.47, 7.14);
INSERT INTO babystate (baby_id, createTime, cm, kg) VALUES ('baby53', '2019-11-26 21:58:12', 37.64, 7.23);
INSERT INTO babystate (baby_id, createTime, cm, kg) VALUES ('baby53', '2019-12-02 01:37:46', 38.11, 7.47);
INSERT INTO babystate (baby_id, createTime, cm, kg) VALUES ('baby53', '2019-12-07 04:25:08', 38.52, 7.6);
INSERT INTO babystate (baby_id, createTime, cm, kg) VALUES ('baby53', '2019-12-16 04:40:20', 38.65, 7.77);
INSERT INTO babystate (baby_id, createTime, cm, kg) VALUES ('baby53', '2019-12-28 05:52:51', 39.13, 7.99);
INSERT INTO babystate (baby_id, createTime, cm, kg) VALUES ('baby53', '2020-01-02 07:21:52', 39.28, 8.22);
INSERT INTO babystate (baby_id, createTime, cm, kg) VALUES ('baby53', '2020-01-09 08:59:06', 39.58, 8.3);
INSERT INTO babystate (baby_id, createTime, cm, kg) VALUES ('baby53', '2020-01-18 11:47:21', 39.8, 8.51);
INSERT INTO babystate (baby_id, createTime, cm, kg) VALUES ('baby53', '2020-01-24 13:17:11', 40.13, 8.67);
INSERT INTO babystate (baby_id, createTime, cm, kg) VALUES ('baby53', '2020-02-04 17:03:28', 40.36, 8.87);
INSERT INTO babystate (baby_id, createTime, cm, kg) VALUES ('baby53', '2020-02-12 19:28:51', 40.64, 9.05);
INSERT INTO babystate (baby_id, createTime, cm, kg) VALUES ('baby53', '2020-02-20 23:13:57', 40.93, 9.13);
INSERT INTO babystate (baby_id, createTime, cm, kg) VALUES ('baby53', '2020-02-29 02:58:26', 41.35, 9.22);
INSERT INTO babystate (baby_id, createTime, cm, kg) VALUES ('baby53', '2020-03-08 02:59:19', 41.66, 9.32);
INSERT INTO babystate (baby_id, createTime, cm, kg) VALUES ('baby53', '2020-03-13 03:32:25', 42.14, 9.62);
INSERT INTO babystate (baby_id, createTime, cm, kg) VALUES ('baby53', '2020-03-22 07:11:32', 42.56, 9.71);
INSERT INTO babystate (baby_id, createTime, cm, kg) VALUES ('baby53', '2020-04-01 07:11:52', 43.02, 9.98);
INSERT INTO babystate (baby_id, createTime, cm, kg) VALUES ('baby53', '2020-04-10 09:17:59', 43.33, 10.06);
INSERT INTO babystate (baby_id, createTime, cm, kg) VALUES ('baby53', '2020-04-15 12:08:43', 43.73, 10.17);
INSERT INTO babystate (baby_id, createTime, cm, kg) VALUES ('baby53', '2020-04-26 13:38:45', 43.99, 10.39);
INSERT INTO babystate (baby_id, createTime, cm, kg) VALUES ('baby53', '2020-05-01 13:44:29', 44.22, 10.58);
INSERT INTO babystate (baby_id, createTime, cm, kg) VALUES ('baby53', '2020-05-06 13:47:42', 44.55, 10.8);
INSERT INTO babystate (baby_id, createTime, cm, kg) VALUES ('baby53', '2020-05-12 15:52:32', 44.71, 11.05);
INSERT INTO babystate (baby_id, createTime, cm, kg) VALUES ('baby53', '2020-05-23 17:21:44', 45.15, 11.32);
INSERT INTO babystate (baby_id, createTime, cm, kg) VALUES ('baby53', '2020-05-28 19:11:51', 45.52, 11.46);
INSERT INTO babystate (baby_id, createTime, cm, kg) VALUES ('baby53', '2020-06-02 22:23:43', 45.77, 11.59);
INSERT INTO babystate (baby_id, createTime, cm, kg) VALUES ('baby53', '2020-06-13 22:36:07', 46.04, 11.8);
INSERT INTO babystate (baby_id, createTime, cm, kg) VALUES ('baby53', '2020-06-19 23:44:14', 46.23, 11.88);
INSERT INTO babystate (baby_id, createTime, cm, kg) VALUES ('baby53', '2020-07-01 00:12:37', 46.65, 11.96);
INSERT INTO babystate (baby_id, createTime, cm, kg) VALUES ('baby53', '2020-07-09 03:52:18', 47.0, 12.07);
INSERT INTO babystate (baby_id, createTime, cm, kg) VALUES ('baby53', '2020-07-19 04:04:52', 47.34, 12.31);
INSERT INTO babystate (baby_id, createTime, cm, kg) VALUES ('baby53', '2020-07-27 05:01:33', 47.83, 12.37);
INSERT INTO babystate (baby_id, createTime, cm, kg) VALUES ('baby53', '2020-08-02 06:52:39', 48.17, 12.51);
INSERT INTO babystate (baby_id, createTime, cm, kg) VALUES ('baby53', '2020-08-12 10:46:41', 48.33, 12.68);
INSERT INTO babystate (baby_id, createTime, cm, kg) VALUES ('baby53', '2020-08-21 13:03:02', 48.7, 12.94);
INSERT INTO babystate (baby_id, createTime, cm, kg) VALUES ('baby53', '2020-08-26 15:24:57', 48.98, 13.22);
INSERT INTO babystate (baby_id, createTime, cm, kg) VALUES ('baby53', '2020-09-07 17:47:15', 49.23, 13.3);
INSERT INTO babystate (baby_id, createTime, cm, kg) VALUES ('baby53', '2020-09-16 19:02:42', 49.37, 13.56);
INSERT INTO babystate (baby_id, createTime, cm, kg) VALUES ('baby53', '2020-09-23 20:42:55', 49.8, 13.65);
INSERT INTO babystate (baby_id, createTime, cm, kg) VALUES ('baby53', '2020-10-03 22:53:09', 50.12, 13.94);
INSERT INTO babystate (baby_id, createTime, cm, kg) VALUES ('baby53', '2020-10-09 01:12:53', 50.49, 14.11);
INSERT INTO babystate (baby_id, createTime, cm, kg) VALUES ('baby53', '2020-10-21 03:46:21', 50.74, 14.2);
INSERT INTO babystate (baby_id, createTime, cm, kg) VALUES ('baby53', '2020-10-30 05:08:02', 51.24, 14.46);
INSERT INTO babystate (baby_id, createTime, cm, kg) VALUES ('baby53', '2020-11-06 06:56:51', 51.44, 14.56);
INSERT INTO babystate (baby_id, createTime, cm, kg) VALUES ('baby53', '2020-11-17 10:47:50', 51.69, 14.75);
INSERT INTO babystate (baby_id, createTime, cm, kg) VALUES ('baby53', '2020-11-27 12:19:23', 51.9, 14.82);
INSERT INTO babystate (baby_id, createTime, cm, kg) VALUES ('baby53', '2020-12-09 16:00:35', 52.22, 15.09);
INSERT INTO babystate (baby_id, createTime, cm, kg) VALUES ('baby53', '2020-12-16 18:22:37', 52.53, 15.3);
INSERT INTO babystate (baby_id, createTime, cm, kg) VALUES ('baby53', '2020-12-28 20:36:02', 52.99, 15.36);
INSERT INTO babystate (baby_id, createTime, cm, kg) VALUES ('baby53', '2021-01-02 22:39:02', 53.33, 15.6);
INSERT INTO babystate (baby_id, createTime, cm, kg) VALUES ('baby53', '2021-01-14 00:00:01', 53.81, 15.84);
INSERT INTO babystate (baby_id, createTime, cm, kg) VALUES ('baby53', '2021-01-23 03:22:22', 54.06, 16.07);
INSERT INTO babystate (baby_id, createTime, cm, kg) VALUES ('baby53', '2021-02-01 05:47:24', 54.52, 16.19);
INSERT INTO babystate (baby_id, createTime, cm, kg) VALUES ('baby53', '2021-02-08 08:38:59', 54.82, 16.4);
INSERT INTO babystate (baby_id, createTime, cm, kg) VALUES ('baby53', '2021-02-14 09:22:23', 55.11, 16.7);
INSERT INTO babystate (baby_id, createTime, cm, kg) VALUES ('baby53', '2021-02-26 11:10:15', 55.29, 16.76);
INSERT INTO babystate (baby_id, createTime, cm, kg) VALUES ('baby53', '2021-03-08 11:28:32', 55.52, 17.02);
INSERT INTO babystate (baby_id, createTime, cm, kg) VALUES ('baby53', '2021-03-19 14:20:51', 55.72, 17.21);
INSERT INTO babystate (baby_id, createTime, cm, kg) VALUES ('baby53', '2021-03-25 17:22:35', 55.94, 17.38);
INSERT INTO babystate (baby_id, createTime, cm, kg) VALUES ('baby53', '2021-04-01 19:45:17', 56.27, 17.61);
INSERT INTO babystate (baby_id, createTime, cm, kg) VALUES ('baby53', '2021-04-09 23:22:54', 56.68, 17.78);
INSERT INTO babystate (baby_id, createTime, cm, kg) VALUES ('baby53', '2021-04-14 23:52:11', 57.07, 17.85);
INSERT INTO babystate (baby_id, createTime, cm, kg) VALUES ('baby53', '2021-04-26 02:04:17', 57.25, 18.1);
INSERT INTO babystate (baby_id, createTime, cm, kg) VALUES ('baby53', '2021-05-03 03:59:05', 57.61, 18.23);
INSERT INTO babystate (baby_id, createTime, cm, kg) VALUES ('baby53', '2021-05-13 07:14:07', 58.07, 18.35);
INSERT INTO babystate (baby_id, createTime, cm, kg) VALUES ('baby53', '2021-05-21 09:07:45', 58.48, 18.63);
INSERT INTO babystate (baby_id, createTime, cm, kg) VALUES ('baby53', '2021-06-01 12:09:52', 58.86, 18.9);
INSERT INTO babystate (baby_id, createTime, cm, kg) VALUES ('baby53', '2021-06-10 12:11:10', 59.24, 19.09);
INSERT INTO babystate (baby_id, createTime, cm, kg) VALUES ('baby53', '2021-06-20 14:00:04', 59.43, 19.23);
INSERT INTO babystate (baby_id, createTime, cm, kg) VALUES ('baby53', '2021-06-25 15:29:01', 59.83, 19.39);
INSERT INTO babystate (baby_id, createTime, cm, kg) VALUES ('baby53', '2021-06-30 17:19:09', 59.99, 19.51);
INSERT INTO babystate (baby_id, createTime, cm, kg) VALUES ('baby53', '2021-07-06 19:16:53', 60.44, 19.76);
INSERT INTO babystate (baby_id, createTime, cm, kg) VALUES ('baby53', '2021-07-15 20:31:20', 60.79, 19.9);
INSERT INTO babystate (baby_id, createTime, cm, kg) VALUES ('baby53', '2021-07-26 23:19:27', 61.19, 20.01);
INSERT INTO babystate (baby_id, createTime, cm, kg) VALUES ('baby53', '2021-08-02 02:20:22', 61.32, 20.06);
INSERT INTO babystate (baby_id, createTime, cm, kg) VALUES ('baby53', '2021-08-13 02:34:04', 61.5, 20.2);
INSERT INTO babystate (baby_id, createTime, cm, kg) VALUES ('baby53', '2021-08-21 03:01:42', 61.69, 20.4);
INSERT INTO babystate (baby_id, createTime, cm, kg) VALUES ('baby53', '2021-08-26 03:08:28', 62.01, 20.57);
INSERT INTO babystate (baby_id, createTime, cm, kg) VALUES ('baby53', '2021-09-02 06:09:56', 62.49, 20.65);
INSERT INTO babystate (baby_id, createTime, cm, kg) VALUES ('baby53', '2021-09-07 07:43:50', 62.8, 20.85);
INSERT INTO babystate (baby_id, createTime, cm, kg) VALUES ('baby53', '2021-09-18 08:09:20', 63.12, 21.07);
INSERT INTO babystate (baby_id, createTime, cm, kg) VALUES ('baby53', '2021-09-29 09:53:31', 63.28, 21.27);
INSERT INTO babystate (baby_id, createTime, cm, kg) VALUES ('baby53', '2021-10-09 13:25:48', 63.49, 21.54);
INSERT INTO babystate (baby_id, createTime, cm, kg) VALUES ('baby53', '2021-10-20 14:05:29', 63.78, 21.64);
INSERT INTO babystate (baby_id, createTime, cm, kg) VALUES ('baby53', '2021-10-31 15:15:56', 64.25, 21.88);
INSERT INTO babystate (baby_id, createTime, cm, kg) VALUES ('baby53', '2021-11-09 17:43:19', 64.44, 22.15);
INSERT INTO babystate (baby_id, createTime, cm, kg) VALUES ('baby53', '2021-11-19 19:30:47', 64.65, 22.34);
INSERT INTO babystate (baby_id, createTime, cm, kg) VALUES ('baby53', '2021-11-27 22:09:17', 65.01, 22.62);